{"type":"Topology","arcs":[[[1255,818],[-245,-12],[-61,-14],[-74,30]],[[875,822],[1,194]],[[876,1016],[44,-1],[58,26],[208,-159],[69,-64]],[[875,822],[-31,-26]],[[844,796],[-70,4]],[[774,800],[1,196],[39,116]],[[814,1112],[45,4],[2,-100],[15,0]],[[1121,320],[-94,-1],[-24,-34]],[[1003,285],[-113,-9]],[[890,276],[23,59],[15,190]],[[928,525],[83,0],[19,11]],[[1030,536],[91,1],[0,-217]],[[1070,127],[-67,158]],[[1121,320],[23,-92],[-74,-101]],[[503,923],[118,-120]],[[621,803],[-66,-10],[-29,-40]],[[526,753],[-124,99]],[[402,852],[-53,13],[-40,72]],[[309,937],[31,33],[24,-1],[139,-46]],[[164,651],[-2,-192],[4,-87]],[[166,372],[-36,16],[-48,-39],[-21,16],[-48,-6],[-12,92],[-1,92],[25,11],[9,100],[130,-3]],[[539,486],[-5,-101],[-43,-41],[0,-64]],[[491,280],[0,-61],[8,-19]],[[499,200],[-59,-19],[-77,17],[-5,13],[-60,55],[-13,67],[-31,72]],[[254,405],[27,65],[42,-12],[0,39],[34,-14]],[[357,483],[53,29],[51,-9],[17,-18],[18,18],[43,-17]],[[853,610],[-1,-87]],[[852,523],[0,-135],[-236,102]],[[616,490],[-76,0]],[[540,490],[20,20],[35,14],[-12,29],[13,24],[45,24],[23,36]],[[664,637],[43,-2],[20,-19],[27,25],[64,-28],[35,-3]],[[774,800],[-80,-131]],[[694,669],[-73,134]],[[503,923],[99,65],[50,149],[69,37],[24,-50],[69,-12]],[[890,276],[-5,-15]],[[885,261],[-43,55],[-123,49]],[[719,365],[-56,31],[-35,54],[-12,40]],[[852,523],[76,2]],[[877,187],[42,-132]],[[919,55],[-34,17],[-19,28],[-43,18],[-83,18]],[[740,136],[-6,99]],[[734,235],[75,9],[68,-57]],[[719,365],[-49,-57],[-22,-17]],[[648,291],[-108,4],[-49,-15]],[[539,486],[1,4]],[[1070,127],[-30,-26],[-121,-46]],[[877,187],[8,74]],[[694,669],[-30,-32]],[[357,483],[16,76],[4,49]],[[377,608],[10,37],[41,3],[30,25],[28,-5],[36,35],[4,50]],[[1255,818],[79,-14],[315,-427]],[[1649,377],[-357,256],[-263,1]],[[1029,634],[-60,0],[-50,15]],[[919,649],[12,40],[35,10],[-2,23],[-120,74]],[[919,649],[-66,-39]],[[271,694],[-26,-81],[-9,-101],[2,-38],[16,-69]],[[254,405],[-21,-26],[-67,-7]],[[164,651],[-25,162]],[[139,813],[16,-4],[8,-52],[47,-21],[19,-30],[42,-12]],[[648,291],[-59,-84],[-18,-9]],[[571,198],[-52,-14],[-20,16]],[[1029,634],[1,-98]],[[734,235],[-48,-4],[-38,60]],[[1649,377],[108,-213],[-96,-60],[-90,-26],[-60,-33],[-46,-33],[-50,-12],[-116,1],[-4,121],[-62,38],[-46,-7],[-10,-35],[-107,9]],[[293,684],[-18,-76],[102,0]],[[271,694],[22,-10]],[[740,136],[-88,48],[-81,14]],[[402,852],[-77,-170],[-32,2]],[[139,813],[-11,73],[27,11],[71,48],[15,30],[17,-16],[37,0],[14,-22]]],"transform":{"scale":[0.00008563769436543224,0.0000740902538330698],"translate":[123.81704184700004,7.864417475000039]},"objects":{"bgysubmuns-municity-ph1003518":{"type":"GeometryCollection","geometries":[{"arcs":[[0,1,2]],"type":"Polygon","properties":{"ADM4_EN":"Barandia","ADM4_PCODE":"PH1003518001","ADM4_REF":null,"ADM3_EN":"Salvador","ADM3_PCODE":"PH1003518","ADM2_EN":"Lanao del Norte","ADM2_PCODE":"PH10035","ADM1_EN":"Region X (Northern Mindanao)","ADM1_PCODE":"PH10","ADM0_EN":"Philippines (the)","ADM0_PCODE":"PH","date":"2022/11/09","validOn":"2023/11/06","validTo":null,"Shape_Leng":0.0854256442331,"Shape_Area":0.000357753239532,"AREA_SQKM":4.36260232562},"id":"PH1003518001"},{"arcs":[[-2,3,4,5,6]],"type":"Polygon","properties":{"ADM4_EN":"Bulacon","ADM4_PCODE":"PH1003518002","ADM4_REF":null,"ADM3_EN":"Salvador","ADM3_PCODE":"PH1003518","ADM2_EN":"Lanao del Norte","ADM2_PCODE":"PH10035","ADM1_EN":"Region X (Northern Mindanao)","ADM1_PCODE":"PH10","ADM0_EN":"Philippines (the)","ADM0_PCODE":"PH","date":"2022/11/09","validOn":"2023/11/06","validTo":null,"Shape_Leng":0.0603380078795,"Shape_Area":0.000176590819021,"AREA_SQKM":2.15341069997},"id":"PH1003518002"},{"arcs":[[7,8,9,10,11]],"type":"Polygon","properties":{"ADM4_EN":"Buntong","ADM4_PCODE":"PH1003518003","ADM4_REF":null,"ADM3_EN":"Salvador","ADM3_PCODE":"PH1003518","ADM2_EN":"Lanao del Norte","ADM2_PCODE":"PH10035","ADM1_EN":"Region X (Northern Mindanao)","ADM1_PCODE":"PH10","ADM0_EN":"Philippines (the)","ADM0_PCODE":"PH","date":"2022/11/09","validOn":"2023/11/06","validTo":null,"Shape_Leng":0.0730987920139,"Shape_Area":0.000297879756592,"AREA_SQKM":3.63278723469},"id":"PH1003518003"},{"arcs":[[12,-8,13]],"type":"Polygon","properties":{"ADM4_EN":"Calimodan","ADM4_PCODE":"PH1003518004","ADM4_REF":null,"ADM3_EN":"Salvador","ADM3_PCODE":"PH1003518","ADM2_EN":"Lanao del Norte","ADM2_PCODE":"PH10035","ADM1_EN":"Region X (Northern Mindanao)","ADM1_PCODE":"PH10","ADM0_EN":"Philippines (the)","ADM0_PCODE":"PH","date":"2022/11/09","validOn":"2023/11/06","validTo":null,"Shape_Leng":0.0412727444107,"Shape_Area":0.000104944299242,"AREA_SQKM":1.27988356359},"id":"PH1003518004"},{"arcs":[[14,15,16,17,18]],"type":"Polygon","properties":{"ADM4_EN":"Camp III","ADM4_PCODE":"PH1003518005","ADM4_REF":null,"ADM3_EN":"Salvador","ADM3_PCODE":"PH1003518","ADM2_EN":"Lanao del Norte","ADM2_PCODE":"PH10035","ADM1_EN":"Region X (Northern Mindanao)","ADM1_PCODE":"PH10","ADM0_EN":"Philippines (the)","ADM0_PCODE":"PH","date":"2022/11/09","validOn":"2023/11/06","validTo":null,"Shape_Leng":0.06580471592,"Shape_Area":0.000190100830423,"AREA_SQKM":2.31818471584},"id":"PH1003518005"},{"arcs":[[19,20]],"type":"Polygon","properties":{"ADM4_EN":"Curva-Miagao","ADM4_PCODE":"PH1003518006","ADM4_REF":null,"ADM3_EN":"Salvador","ADM3_PCODE":"PH1003518","ADM2_EN":"Lanao del Norte","ADM2_PCODE":"PH10035","ADM1_EN":"Region X (Northern Mindanao)","ADM1_PCODE":"PH10","ADM0_EN":"Philippines (the)","ADM0_PCODE":"PH","date":"2022/11/09","validOn":"2023/11/06","validTo":null,"Shape_Leng":0.0726618007152,"Shape_Area":0.000272812895859,"AREA_SQKM":3.32703128504},"id":"PH1003518006"},{"arcs":[[21,22,23,24,25]],"type":"Polygon","properties":{"ADM4_EN":"Daligdigan","ADM4_PCODE":"PH1003518007","ADM4_REF":null,"ADM3_EN":"Salvador","ADM3_PCODE":"PH1003518","ADM2_EN":"Lanao del Norte","ADM2_PCODE":"PH10035","ADM1_EN":"Region X (Northern Mindanao)","ADM1_PCODE":"PH10","ADM0_EN":"Philippines (the)","ADM0_PCODE":"PH","date":"2022/11/09","validOn":"2023/11/06","validTo":null,"Shape_Leng":0.102014049849,"Shape_Area":0.000417642703827,"AREA_SQKM":5.09340451014},"id":"PH1003518007"},{"arcs":[[26,27,28,29,30]],"type":"Polygon","properties":{"ADM4_EN":"Kilala","ADM4_PCODE":"PH1003518008","ADM4_REF":null,"ADM3_EN":"Salvador","ADM3_PCODE":"PH1003518","ADM2_EN":"Lanao del Norte","ADM2_PCODE":"PH10035","ADM1_EN":"Region X (Northern Mindanao)","ADM1_PCODE":"PH10","ADM0_EN":"Philippines (the)","ADM0_PCODE":"PH","date":"2022/11/09","validOn":"2023/11/06","validTo":null,"Shape_Leng":0.0827312922682,"Shape_Area":0.000301288498934,"AREA_SQKM":3.67428313764},"id":"PH1003518008"},{"arcs":[[-6,31,32,-15,33]],"type":"Polygon","properties":{"ADM4_EN":"Mabatao","ADM4_PCODE":"PH1003518009","ADM4_REF":null,"ADM3_EN":"Salvador","ADM3_PCODE":"PH1003518","ADM2_EN":"Lanao del Norte","ADM2_PCODE":"PH10035","ADM1_EN":"Region X (Northern Mindanao)","ADM1_PCODE":"PH10","ADM0_EN":"Philippines (the)","ADM0_PCODE":"PH","date":"2022/11/09","validOn":"2023/11/06","validTo":null,"Shape_Leng":0.0995705095774,"Shape_Area":0.00047665783099,"AREA_SQKM":5.81254066833},"id":"PH1003518009"},{"arcs":[[34,35,36,-28,37,-10]],"type":"Polygon","properties":{"ADM4_EN":"Madaya","ADM4_PCODE":"PH1003518010","ADM4_REF":null,"ADM3_EN":"Salvador","ADM3_PCODE":"PH1003518","ADM2_EN":"Lanao del Norte","ADM2_PCODE":"PH10035","ADM1_EN":"Region X (Northern Mindanao)","ADM1_PCODE":"PH10","ADM0_EN":"Philippines (the)","ADM0_PCODE":"PH","date":"2022/11/09","validOn":"2023/11/06","validTo":null,"Shape_Leng":0.0882673875427,"Shape_Area":0.000205464123644,"AREA_SQKM":2.50573761844},"id":"PH1003518010"},{"arcs":[[38,39,40,41]],"type":"Polygon","properties":{"ADM4_EN":"Mamaanon","ADM4_PCODE":"PH1003518011","ADM4_REF":null,"ADM3_EN":"Salvador","ADM3_PCODE":"PH1003518","ADM2_EN":"Lanao del Norte","ADM2_PCODE":"PH10035","ADM1_EN":"Region X (Northern Mindanao)","ADM1_PCODE":"PH10","ADM0_EN":"Philippines (the)","ADM0_PCODE":"PH","date":"2022/11/09","validOn":"2023/11/06","validTo":null,"Shape_Leng":0.0485384607321,