{"type":"Topology","arcs":[[[1726,563],[-1,-167],[-91,-236],[41,-16],[-7,-31],[30,-28],[-19,-37],[16,-17],[-36,-31],[-635,349]],[[1024,349],[37,2],[97,55],[50,91],[36,51],[63,44],[24,45]],[[1331,637],[55,-2],[77,-48],[111,-24],[152,0]],[[1113,702],[49,8],[34,-7],[28,-24],[107,-42]],[[1024,349],[-138,35],[-204,103],[-68,-18],[7,31]],[[621,500],[91,51],[74,6],[23,22],[68,15],[1,30],[69,35],[17,57]],[[964,716],[73,24],[17,-19],[59,-19]],[[1772,992],[44,-54],[9,-24],[-14,-107],[-17,-58],[-48,-17],[-19,-72],[16,-53],[-17,-44]],[[1113,702],[7,28],[58,120],[71,119],[64,66],[11,78],[89,41]],[[1413,1154],[46,-15],[6,-37],[-47,-24],[70,-17],[30,-20],[11,-28],[42,-40],[29,-3],[26,19],[146,3]],[[1413,1154],[-117,60],[-28,27],[-27,53],[-28,7],[-24,38]],[[1189,1339],[-1,40],[13,58],[-13,26],[9,45],[75,30],[63,44],[23,35],[-2,25],[30,46],[0,30]],[[1386,1718],[28,-12],[30,10],[16,-24],[52,-44],[74,-16],[20,5],[54,47],[46,-48],[-19,-40],[3,-80],[74,-113],[61,-37],[11,-56],[10,-107],[-22,-51],[-63,-52],[11,-108]],[[605,2456],[4,-145],[9,-30],[-40,-150],[0,-20]],[[578,2111],[-119,22],[-238,41],[-36,11]],[[185,2185],[22,27],[-4,34],[26,8],[-9,75],[22,86],[8,85],[260,-22],[95,-22]],[[991,2082],[35,-28],[99,-31],[18,-48],[-12,-31],[-52,-5],[-1,-98],[38,-44],[12,-47],[113,-12],[145,-20]],[[1189,1339],[-51,32],[-146,76]],[[992,1447],[-151,56],[-44,22],[25,49],[28,11],[67,89],[-29,43]],[[888,1717],[-64,145]],[[824,1862],[-6,66],[32,60],[-38,18],[-21,25],[-4,38],[-39,26]],[[748,2095],[-31,42],[42,48],[31,4],[150,-55],[36,-49],[15,-3]],[[578,2111],[-137,-344]],[[441,1767],[-36,-89],[-46,-33]],[[359,1645],[-139,193],[-220,59],[40,24],[-10,34],[53,42],[10,54],[-15,43],[27,56],[43,38],[37,-3]],[[992,1447],[-146,-78],[-22,-27],[-32,-106],[-20,-6],[-21,-80],[25,-83],[-13,-38],[-46,-6],[-26,46],[-39,-19],[-87,-23],[-19,-23]],[[546,1004],[-38,36],[-32,182],[16,93]],[[492,1315],[42,18],[24,79],[-19,15],[24,41],[-1,53],[92,83],[39,66],[98,20],[97,27]],[[1189,1339],[-174,-57],[2,-137],[-36,-141],[-40,-142],[23,-146]],[[621,500],[-2,13],[32,122],[-37,96],[-1,50],[-17,97],[-37,106],[-13,20]],[[748,2095],[-170,16]],[[605,2456],[310,-11],[-20,-81],[13,-21],[-13,-43],[73,-112],[11,-41],[35,-47],[-23,-18]],[[824,1862],[-47,49],[-23,-27],[-59,25],[-26,-8],[-23,-45],[-46,-45],[-88,-2],[-24,-47],[-47,5]],[[492,1315],[-77,86],[26,31],[22,-7],[1,52],[-21,23],[23,21],[-14,21],[-125,-1],[-7,47],[39,57]]],"transform":{"scale":[0.00011076393336948269,0.00010835113320001709],"translate":[120.44461437400003,16.18062420900003]},"objects":{"bgysubmuns-municity-ph1401113":{"type":"GeometryCollection","geometries":[{"arcs":[[0,1,2]],"type":"Polygon","properties":{"ADM4_EN":"Ansagan","ADM4_PCODE":"PH1401113001","ADM4_REF":null,"ADM3_EN":"Tuba","ADM3_PCODE":"PH1401113","ADM2_EN":"Benguet","ADM2_PCODE":"PH14011","ADM1_EN":"Cordillera Administrative Region (CAR)","ADM1_PCODE":"PH14","ADM0_EN":"Philippines (the)","ADM0_PCODE":"PH","date":"2022/11/09","validOn":"2023/11/06","validTo":null,"Shape_Leng":0.249539999014,"Shape_Area":0.0029216932978,"AREA_SQKM":34.5681745428},"id":"PH1401113001"},{"arcs":[[3,-2,4,5,6]],"type":"Polygon","properties":{"ADM4_EN":"Camp One","ADM4_PCODE":"PH1401113002","ADM4_REF":null,"ADM3_EN":"Tuba","ADM3_PCODE":"PH1401113","ADM2_EN":"Benguet","ADM2_PCODE":"PH14011","ADM1_EN":"Cordillera Administrative Region (CAR)","ADM1_PCODE":"PH14","ADM0_EN":"Philippines (the)","ADM0_PCODE":"PH","date":"2022/11/09","validOn":"2023/11/06","validTo":null,"Shape_Leng":0.198524153109,"Shape_Area":0.0017331378455,"AREA_SQKM":20.5036649978},"id":"PH1401113002"},{"arcs":[[7,-3,-4,8,9]],"type":"Polygon","properties":{"ADM4_EN":"Camp 3","ADM4_PCODE":"PH1401113003","ADM4_REF":null,"ADM3_EN":"Tuba","ADM3_PCODE":"PH1401113","ADM2_EN":"Benguet","ADM2_PCODE":"PH14011","ADM1_EN":"Cordillera Administrative Region (CAR)","ADM1_PCODE":"PH14","ADM0_EN":"Philippines (the)","ADM0_PCODE":"PH","date":"2022/11/09","validOn":"2023/11/06","validTo":null,"Shape_Leng":0.25470960278,"Shape_Area":0.00305883414038,"AREA_SQKM":36.1816110906},"id":"PH1401113003"},{"arcs":[[-10,10,11,12]],"type":"Polygon","properties":{"ADM4_EN":"Camp 4","ADM4_PCODE":"PH1401113004","ADM4_REF":null,"ADM3_EN":"Tuba","ADM3_PCODE":"PH1401113","ADM2_EN":"Benguet","ADM2_PCODE":"PH14011","ADM1_EN":"Cordillera Administrative Region (CAR)","ADM1_PCODE":"PH14","ADM0_EN":"Philippines (the)","ADM0_PCODE":"PH","date":"2022/11/09","validOn":"2023/11/06","validTo":null,"Shape_Leng":0.281388920623,"Shape_Area":0.00370210313998,"AREA_SQKM":43.7783030047},"id":"PH1401113004"},{"arcs":[[13,14,15]],"type":"Polygon","properties":{"ADM4_EN":"Nangalisan","ADM4_PCODE":"PH1401113006","ADM4_REF":null,"ADM3_EN":"Tuba","ADM3_PCODE":"PH1401113","ADM2_EN":"Benguet","ADM2_PCODE":"PH14011","ADM1_EN":"Cordillera Administrative Region (CAR)","ADM1_PCODE":"PH14","ADM0_EN":"Philippines (the)","ADM0_PCODE":"PH","date":"2022/11/09","validOn":"2023/11/06","validTo":null,"Shape_Leng":0.16190062306,"Shape_Area":0.0015415410309,"AREA_SQKM":18.2195388728},"id":"PH1401113006"},{"arcs":[[16,-12,17,18,19,20,21]],"type":"Polygon","properties":{"ADM4_EN":"Poblacion","ADM4_PCODE":"PH1401113007","ADM4_REF":null,"ADM3_EN":"Tuba","ADM3_PCODE":"PH1401113","ADM2_EN":"Benguet","ADM2_PCODE":"PH14011","ADM1_EN":"Cordillera Administrative Region (CAR)","ADM1_PCODE":"PH14","ADM0_EN":"Philippines (the)","ADM0_PCODE":"PH","date":"2022/11/09","validOn":"2023/11/06","validTo":null,"Shape_Leng":0.323558041904,"Shape_Area":0.00296322923657,"AREA_SQKM":35.0331716826},"id":"PH1401113007"},{"arcs":[[-15,22,23,24]],"type":"Polygon","properties":{"ADM4_EN":"San Pascual","ADM4_PCODE":"PH1401113008","ADM4_REF":null,"ADM3_EN":"Tuba","ADM3_PCODE":"PH1401113","ADM2_EN":"Benguet","ADM2_PCODE":"PH14011","ADM1_EN":"Cordillera Administrative Region (CAR)","ADM1_PCODE":"PH14","ADM0_EN":"Philippines (the)","ADM0_PCODE":"PH","date":"2022/11/09","validOn":"2023/11/06","validTo":null,"Shape_Leng":0.20765927111,"Shape_Area":0.00202707083654,"AREA_SQKM":23.9625210078},"id":"PH1401113008"},{"arcs":[[25,26,27,-19]],"type":"Polygon","properties":{"ADM4_EN":"Tabaan Norte","ADM4_PCODE":"PH1401113009","ADM4_REF":null,"ADM3_EN":"Tuba","ADM3_PCODE":"PH1401113","ADM2_EN":"Benguet","ADM2_PCODE":"PH14011","ADM1_EN":"Cordillera Administrative Region (CAR)","ADM1_PCODE":"PH14","ADM0_EN":"Philippines (the)","ADM0_PCODE":"PH","date":"2022/11/09","validOn":"2023/11/06","validTo":null,"Shape_Leng":0.265330546937,"Shape_Area":0.00223942605236,"AREA_SQKM":26.4815749999},"id":"PH1401113009"},{"arcs":[[28,-6,29,-26,-18]],"type":"Polygon","properties":{"ADM4_EN":"Tabaan Sur","ADM4_PCODE":"PH1401113010","ADM4_REF":null,"ADM3_EN":"Tuba","ADM3_PCODE":"PH1401113","ADM2_EN":"Benguet","ADM2_PCODE":"PH14011","ADM1_EN":"Cordillera Administrative Region (CAR)","ADM1_PCODE":"PH14","ADM0_EN":"Philippines (the)","ADM0_PCODE":"PH","date":"2022/11/09","validOn":"2023/11/06","validTo":null,"Shape_Leng":0.308302336491,"Shape_Area":0.00313003923616,"AREA_SQKM":37.020873618},"id":"PH1401113010"},{"arcs":[[-22,30,-14,31]],"type":"Polygon","properties":{"ADM4_EN":"Tadiangan","ADM4_PCODE":"PH1401113011","ADM4_REF":null,"ADM3_EN":"Tuba","ADM3_PCODE":"PH1401113","ADM2_EN":"Benguet","ADM2_PCODE":"PH14011","ADM1_EN":"Cordillera Administrative Region (CAR)","ADM1_PCODE":"PH14","ADM0_EN":"Philippines (the)","ADM0_PCODE":"PH","date":"2022/11/09","validOn":"2023/11/06","validTo":null,"Shape_Leng":0.184351391989,"Shape_Area":0.00121797868033,"AREA_SQKM":14.39557819},"id":"PH1401113011"},{"arcs":[[-21,32,-23,-31]],"type":"Polygon","properties":{"ADM4_EN":"Taloy Norte","ADM4_PCODE":"PH1401113012","ADM4_REF":null,"ADM3_EN":"Tuba","ADM3_PCODE":"PH1401113","ADM2_EN":"Benguet","ADM2_PCODE":"PH14011","ADM1_EN":"Cordillera Administrative Region (CAR)","ADM1_PCODE":"PH14","ADM0_EN":"Philippines (the)","ADM0_PCODE":"PH","date":"2022/11/09","validOn":"2023/11/06","validTo":null,"Shape_Leng":0.162361935837,"Shape_Area":0.000874649150999,"AREA_SQKM":10.3394953529},