{"type":"Topology","arcs":[[[825,461],[-72,-58],[-129,-35]],[[624,368],[-5,85],[-17,52]],[[602,505],[88,60]],[[690,565],[95,11]],[[785,576],[40,-115]],[[649,1238],[-10,-21],[4,-64]],[[643,1153],[36,7],[17,-73]],[[696,1087],[9,-14],[-1,-86],[15,-23]],[[719,964],[3,-26],[59,-87]],[[781,851],[-48,-17]],[[733,834],[-76,-31]],[[657,803],[-124,-34]],[[533,769],[-25,102]],[[508,871],[-34,94]],[[474,965],[-36,103]],[[438,1068],[44,37]],[[482,1105],[151,144]],[[633,1249],[16,-11]],[[533,769],[5,-44],[-4,-98]],[[534,627],[-364,-17]],[[170,610],[-17,99],[2,40],[-24,37]],[[131,786],[128,-3],[249,88]],[[469,1188],[-107,-18]],[[362,1170],[-27,152]],[[335,1322],[115,33]],[[450,1355],[19,-167]],[[578,1363],[29,-47]],[[607,1316],[3,-50],[23,-17]],[[482,1105],[-13,83]],[[450,1355],[78,20],[50,-12]],[[364,1033],[74,35]],[[474,965],[-227,-63],[-149,43]],[[98,945],[-16,72],[-22,57]],[[60,1074],[87,-9],[217,-32]],[[624,368],[0,-132]],[[624,236],[-64,-18],[-74,12],[-71,23],[-141,8],[-62,-10]],[[212,251],[-6,101],[7,63],[-17,85]],[[196,500],[71,-7],[335,12]],[[811,623],[-26,-47]],[[690,565],[-16,58]],[[674,623],[-17,180]],[[733,834],[78,-211]],[[196,500],[-26,110]],[[534,627],[140,-4]],[[668,1396],[-45,-29]],[[623,1367],[-18,24]],[[605,1391],[37,32]],[[642,1423],[26,-27]],[[828,1174],[-60,-37]],[[768,1137],[-44,57]],[[724,1194],[90,38]],[[814,1232],[14,-58]],[[724,1194],[-2,4]],[[722,1198],[-24,64]],[[698,1262],[27,17],[43,50]],[[768,1329],[46,-97]],[[843,1011],[-50,-2],[-45,-20],[-29,-25]],[[696,1087],[72,50]],[[828,1174],[15,-106],[0,-57]],[[643,1153],[79,45]],[[605,1391],[-13,-2]],[[592,1389],[-9,15]],[[583,1404],[47,42]],[[630,1446],[12,-23]],[[942,665],[-52,-38],[-63,-21],[-16,17]],[[781,851],[65,23]],[[846,874],[19,-77],[46,-106],[31,-26]],[[698,1262],[-49,-24]],[[607,1316],[34,18]],[[641,1334],[18,-5],[55,49]],[[714,1378],[54,-49]],[[843,1011],[-4,-80],[7,-57]],[[855,263],[-18,-93],[-29,-24],[34,-46],[7,-28],[-30,-40],[-61,2],[-15,37],[-29,30],[-24,-4],[-19,-97],[-45,40],[-75,-15],[-25,9],[-158,2],[-123,-22],[-17,67],[-2,82],[-14,88]],[[624,236],[80,-3],[18,17],[60,14],[73,-1]],[[881,306],[-40,100],[-16,55]],[[942,665],[19,-147],[19,-112],[-36,-67],[-41,-34],[-22,1]],[[641,1334],[-18,33]],[[668,1396],[46,-18]],[[578,1363],[14,26]],[[131,786],[-33,159]],[[364,1033],[-2,137]],[[881,306],[-26,-43]],[[583,1404],[-5,73],[19,11],[33,-42]],[[60,1074],[-23,123],[-29,77],[-8,74],[43,7],[36,-23],[256,-10]]],"transform":{"scale":[0.00015020535714282287,0.00010374851344088268],"translate":[121.66504047300009,17.194711652000024]},"objects":{"bgysubmuns-municity-ph0203118":{"type":"GeometryCollection","geometries":[{"arcs":[[0,1,2,3,4]],"type":"Polygon","properties":{"ADM4_EN":"Aga","ADM4_PCODE":"PH0203118001","ADM4_REF":null,"ADM3_EN":"Delfin Albano (Magsaysay)","ADM3_PCODE":"PH0203118","ADM2_EN":"Isabela","ADM2_PCODE":"PH02031","ADM1_EN":"Region II (Cagayan Valley)","ADM1_PCODE":"PH02","ADM0_EN":"Philippines (the)","ADM0_PCODE":"PH","date":"2022/11/09","validOn":"2023/11/06","validTo":null,"Shape_Leng":0.0890588351076,"Shape_Area":0.00048303975364,"AREA_SQKM":5.68519601609},"id":"PH0203118001"},{"arcs":[[5,6,7,8,9,10,11,12,13,14,15,16,17]],"type":"Polygon","properties":{"ADM4_EN":"Andarayan","ADM4_PCODE":"PH0203118002","ADM4_REF":null,"ADM3_EN":"Delfin Albano (Magsaysay)","ADM3_PCODE":"PH0203118","ADM2_EN":"Isabela","ADM2_PCODE":"PH02031","ADM1_EN":"Region II (Cagayan Valley)","ADM1_PCODE":"PH02","ADM0_EN":"Philippines (the)","ADM0_PCODE":"PH","date":"2022/11/09","validOn":"2023/11/06","validTo":null,"Shape_Leng":0.180995087188,"Shape_Area":0.00139104996164,"AREA_SQKM":16.3675657723},"id":"PH0203118002"},{"arcs":[[18,19,20,21,-13]],"type":"Polygon","properties":{"ADM4_EN":"Aneg","ADM4_PCODE":"PH0203118003","ADM4_REF":null,"ADM3_EN":"Delfin Albano (Magsaysay)","ADM3_PCODE":"PH0203118","ADM2_EN":"Isabela","ADM2_PCODE":"PH02031","ADM1_EN":"Region II (Cagayan Valley)","ADM1_PCODE":"PH02","ADM0_EN":"Philippines (the)","ADM0_PCODE":"PH","date":"2022/11/09","validOn":"2023/11/06","validTo":null,"Shape_Leng":0.158252146764,"Shape_Area":0.00116067747519,"AREA_SQKM":13.6589189151},"id":"PH0203118003"},{"arcs":[[22,23,24,25]],"type":"Polygon","properties":{"ADM4_EN":"Bayabo","ADM4_PCODE":"PH0203118004","ADM4_REF":null,"ADM3_EN":"Delfin Albano (Magsaysay)","ADM3_PCODE":"PH0203118","ADM2_EN":"Isabela","ADM2_PCODE":"PH02031","ADM1_EN":"Region II (Cagayan Valley)","ADM1_PCODE":"PH02","ADM0_EN":"Philippines (the)","ADM0_PCODE":"PH","date":"2022/11/09","validOn":"2023/11/06","validTo":null,"Shape_Leng":0.0677855938689,"Shape_Area":0.000280405328288,"AREA_SQKM":3.29884167197},"id":"PH0203118004"},{"arcs":[[26,27,-17,28,-26,29]],"type":"Polygon","properties":{"ADM4_EN":"Calinaoan Sur","ADM4_PCODE":"PH0203118006","ADM4_REF":null,"ADM3_EN":"Delfin Albano (Magsaysay)","ADM3_PCODE":"PH0203118","ADM2_EN":"Isabela","ADM2_PCODE":"PH02031","ADM1_EN":"Region II (Cagayan Valley)","ADM1_PCODE":"PH02","ADM0_EN":"Philippines (the)","ADM0_PCODE":"PH","date":"2022/11/09","validOn":"2023/11/06","validTo":null,"Shape_Leng":0.0952304489121,"Shape_Area":0.000466271066455,"AREA_SQKM":5.48546582162},"id":"PH0203118006"},{"arcs":[[30,-15,31,32,33]],"type":"Polygon","properties":{"ADM4_EN":"Capitol","ADM4_PCODE":"PH0203118007","ADM4_REF":null,"ADM3_EN":"Delfin Albano (Magsaysay)","ADM3_PCODE":"PH0203118","ADM2_EN":"Isabela","ADM2_PCODE":"PH02031","ADM1_EN":"Region II (Cagayan Valley)","ADM1_PCODE":"PH02","ADM0_EN":"Philippines (the)","ADM0_PCODE":"PH","date":"2022/11/09","validOn":"2023/11/06","validTo":null,"Shape_Leng":0.141729033542,"Shape_Area":0.000725119674661,"AREA_SQKM":8.53197543396},"id":"PH0203118007"},{"arcs":[[34,35,36,37,-2]],"type":"Polygon","properties":{"ADM4_EN":"Carmencita","ADM4_PCODE":"PH0203118008","ADM4_REF":null,"ADM3_EN":"Delfin Albano (Magsaysay)","ADM3_PCODE":"PH0203118","ADM2_EN":"Isabela","ADM2_PCODE":"PH02031","ADM1_EN":"Region II (Cagayan Valley)","ADM1_PCODE":"PH02","ADM0_EN":"Philippines (the)","ADM0_PCODE":"PH","date":"2022/11/09","validOn":"2023/11/06","validTo":null,"Shape_Leng":0.178598087174,"Shape_Area":0.00164898981046,"AREA_SQKM":19.4091212882},"id":"PH0203118008"},{"arcs":[[38,-4,39,40,-11,41]],"type":"Polygon","properties":{"ADM4_EN":"Concepcion","ADM4_PCODE":"PH0203118009","ADM4_REF":null,"ADM3_EN":"Delfin Albano (Magsaysay)","ADM3_PCODE":"PH0203118","ADM2_EN":"Isabela","ADM2_PCODE":"PH02031","ADM1_EN":"Region II (Cagayan Valley)","ADM1_PCODE":"PH02","ADM0_EN":"Philippines (the)","ADM0_PCODE":"PH","date":"2022/11/09","validOn":"2023/11/06","validTo":null,"Shape_Leng":0.0825554947988,"Shape_Area":0.000429279430358,"AREA_SQKM":5.05187156636},"id":"PH0203118009"},{"arcs":[[-40,-3,-38,42,-20,43]],"type":"Polygon","properties":{"ADM4_EN":"Maui","ADM4_PCODE":"PH0203118010","ADM4_REF":null,"ADM3_EN":"Delfin Albano (Magsaysay)","ADM3_PCODE":"PH0203118","ADM2_EN":"Isabela","ADM2_PCODE":"PH02031","ADM1_EN":"Region II (Cagayan Valley)","ADM1_PCODE":"PH02","ADM0_EN":"Philippines (the)","ADM0_PCODE":"PH","date":"2022/11/09","validOn":"2023/11/06","validTo":null,"Shape_Leng":0.169707742968,"Shape_Area":0.000905236965908,"AREA_SQKM":10.6537999272},"id":"PH0203118010"},{"arcs":[[44,45,46,47]],"type":"Polygon","properties":{"ADM4_EN":"Quibal","ADM4_PCODE":"PH0203118011","ADM4_REF":null,"ADM3_EN":"Delfin Albano (Magsaysay)","ADM3_PCODE":"PH0203118","ADM2_EN":"Isabela","ADM2_PCODE":"PH02031","ADM1_EN":"Region II (Cagayan Valley)","ADM1_PCODE":"PH02","ADM0_EN":"Philippines (the)","ADM0_PCODE":"PH","date":"2022/11/09","validOn":"2023/11/06","validTo":null,"Shape_Leng":0.0223953519648,"Shape_Area":0.0000270995932792,"AREA_SQKM":0.31879119172},"id":"PH0203118011"},{"arcs":[[48,49,50,51]],"type":"Polygon","properties":{"ADM4_EN":"Ragan Almacen","ADM4_PCODE":"PH0203118012","ADM4_REF":null,"ADM3_EN":"Delfin Albano (Magsaysay)","ADM3_PCODE":"PH0203118","ADM2_EN":"Isabela","ADM2_PCODE":"PH02031","ADM1_EN":"Region II (Cagayan Valley)","ADM1_PCODE":"PH02","ADM0_EN":"Philippines (the)","ADM0_PCODE":"PH",