{"type":"Topology","arcs":[[[384,330],[7,-9],[124,6],[188,-24]],[[703,303],[-20,-76],[-53,-66],[-10,-24],[38,-65]],[[658,72],[-46,-5],[-46,-24]],[[566,43],[-25,14],[-46,104],[-90,3],[1,23]],[[406,187],[-21,76],[-50,34],[49,33]],[[388,583],[-4,-19],[62,-5],[23,-35],[8,-78]],[[477,446],[-13,-31],[-34,-15],[27,-29],[-47,-29]],[[410,342],[-51,57],[-46,19],[-84,15]],[[229,433],[13,96]],[[242,529],[136,54],[10,0]],[[388,1324],[14,-136],[115,-2]],[[517,1186],[-57,-99]],[[460,1087],[-43,1],[-110,-56]],[[307,1032],[-7,118],[-49,90],[-84,-43],[-39,-44],[-41,57],[-20,-6]],[[67,1204],[-17,43],[149,36],[93,11],[10,25],[39,28],[47,-23]],[[542,1291],[-11,-23],[-14,-82]],[[388,1324],[126,48],[27,29]],[[541,1401],[11,-11],[-26,-88],[16,-11]],[[450,775],[7,-49],[-8,-38]],[[449,688],[-38,-34],[-16,-36]],[[395,618],[-99,15],[-13,109]],[[283,742],[3,29]],[[286,771],[76,20],[80,6],[8,-22]],[[920,608],[-6,-58]],[[914,550],[-225,161],[-66,43],[-70,-22]],[[553,732],[-26,55]],[[527,787],[8,67]],[[535,854],[320,86]],[[855,940],[11,-66],[18,-45],[-26,-64],[62,-157]],[[460,1087],[32,-8],[49,-50]],[[541,1029],[2,-84]],[[543,945],[-152,-64],[-66,0]],[[325,881],[9,30],[-60,-3],[33,124]],[[325,881],[-19,-31],[-20,-79]],[[283,742],[-19,14],[-110,5],[-5,12],[-86,24],[-63,3]],[[0,800],[26,113]],[[26,913],[123,11],[57,38],[0,44],[101,26]],[[395,618],[-7,-35]],[[242,529],[-117,57]],[[125,586],[-112,32],[-13,182]],[[961,1003],[-11,-26],[-95,-37]],[[535,854],[8,91]],[[541,1029],[42,-13],[58,15],[54,-15],[27,11]],[[722,1027],[88,55],[163,58]],[[973,1140],[1,-121],[-13,-16]],[[542,1291],[47,-40],[50,3],[34,-74],[49,-153]],[[895,402],[-10,-19]],[[885,383],[-28,21],[-68,26],[-67,10],[-245,6]],[[477,446],[64,28],[20,75]],[[561,549],[13,2],[132,-67],[189,-82]],[[885,383],[-38,-61],[-17,-64]],[[830,258],[-127,45]],[[384,330],[26,12]],[[449,688],[89,10]],[[538,698],[-10,-28],[27,-54],[6,-67]],[[961,1003],[13,-53],[13,-172],[45,-143],[-112,-27]],[[914,550],[-19,-148]],[[538,698],[15,34]],[[830,258],[-57,-129],[0,-103],[-115,46]],[[541,1401],[12,9],[112,155],[59,39],[37,4],[198,-172],[14,-296]],[[527,787],[-77,-12]],[[229,433],[-12,-103],[-71,3]],[[146,333],[-58,19],[25,59],[13,92],[-12,40],[11,43]],[[406,187],[-16,-46],[-42,-28]],[[348,113],[-10,27],[-53,-30],[-42,-5],[-22,170],[-29,5],[-46,53]],[[566,43],[-85,-43],[-114,48],[-20,33],[1,32]],[[26,913],[4,97],[-5,95],[36,31],[6,68]]],"transform":{"scale":[0.00006677927810072162,0.00006283721206467754],"translate":[120.55989000300008,16.00777386900006]},"objects":{"bgysubmuns-municity-ph0105512":{"type":"GeometryCollection","geometries":[{"arcs":[[0,1,2,3,4]],"type":"Polygon","properties":{"ADM4_EN":"Balangobong","ADM4_PCODE":"PH0105512001","ADM4_REF":null,"ADM3_EN":"Binalonan","ADM3_PCODE":"PH0105512","ADM2_EN":"Pangasinan","ADM2_PCODE":"PH01055","ADM1_EN":"Region I (Ilocos Region)","ADM1_PCODE":"PH01","ADM0_EN":"Philippines (the)","ADM0_PCODE":"PH","date":"2022/11/09","validOn":"2023/11/06","validTo":null,"Shape_Leng":0.0775973798216,"Shape_Area":0.000251257044608,"AREA_SQKM":2.97564685674},"id":"PH0105512001"},{"arcs":[[5,6,7,8,9]],"type":"Polygon","properties":{"ADM4_EN":"Bued","ADM4_PCODE":"PH0105512002","ADM4_REF":null,"ADM3_EN":"Binalonan","ADM3_PCODE":"PH0105512","ADM2_EN":"Pangasinan","ADM2_PCODE":"PH01055","ADM1_EN":"Region I (Ilocos Region)","ADM1_PCODE":"PH01","ADM0_EN":"Philippines (the)","ADM0_PCODE":"PH","date":"2022/11/09","validOn":"2023/11/06","validTo":null,"Shape_Leng":0.0576667230984,"Shape_Area":0.000152377194302,"AREA_SQKM":1.80446728513},"id":"PH0105512002"},{"arcs":[[10,11,12,13,14]],"type":"Polygon","properties":{"ADM4_EN":"Bugayong","ADM4_PCODE":"PH0105512003","ADM4_REF":null,"ADM3_EN":"Binalonan","ADM3_PCODE":"PH0105512","ADM2_EN":"Pangasinan","ADM2_PCODE":"PH01055","ADM1_EN":"Region I (Ilocos Region)","ADM1_PCODE":"PH01","ADM0_EN":"Philippines (the)","ADM0_PCODE":"PH","date":"2022/11/09","validOn":"2023/11/06","validTo":null,"Shape_Leng":0.0934075076601,"Shape_Area":0.000231192017217,"AREA_SQKM":2.73719111003},"id":"PH0105512003"},{"arcs":[[15,-11,16,17]],"type":"Polygon","properties":{"ADM4_EN":"Camangaan","ADM4_PCODE":"PH0105512004","ADM4_REF":null,"ADM3_EN":"Binalonan","ADM3_PCODE":"PH0105512","ADM2_EN":"Pangasinan","ADM2_PCODE":"PH01055","ADM1_EN":"Region I (Ilocos Region)","ADM1_PCODE":"PH01","ADM0_EN":"Philippines (the)","ADM0_PCODE":"PH","date":"2022/11/09","validOn":"2023/11/06","validTo":null,"Shape_Leng":0.0431076898236,"Shape_Area":0.0000961646654927,"AREA_SQKM":1.13851100106},"id":"PH0105512004"},{"arcs":[[18,19,20,21,22]],"type":"Polygon","properties":{"ADM4_EN":"Canarvacanan","ADM4_PCODE":"PH0105512005","ADM4_REF":null,"ADM3_EN":"Binalonan","ADM3_PCODE":"PH0105512","ADM2_EN":"Pangasinan","ADM2_PCODE":"PH01055","ADM1_EN":"Region I (Ilocos Region)","ADM1_PCODE":"PH01","ADM0_EN":"Philippines (the)","ADM0_PCODE":"PH","date":"2022/11/09","validOn":"2023/11/06","validTo":null,"Shape_Leng":0.0397765903456,"Shape_Area":0.000100608052328,"AREA_SQKM":1.1913243495},"id":"PH0105512005"},{"arcs":[[23,24,25,26,27,28]],"type":"Polygon","properties":{"ADM4_EN":"Capas","ADM4_PCODE":"PH0105512006","ADM4_REF":null,"ADM3_EN":"Binalonan","ADM3_PCODE":"PH0105512","ADM2_EN":"Pangasinan","ADM2_PCODE":"PH01055","ADM1_EN":"Region I (Ilocos Region)","ADM1_PCODE":"PH01","ADM0_EN":"Philippines (the)","ADM0_PCODE":"PH","date":"2022/11/09","validOn":"2023/11/06","validTo":null,"Shape_Leng":0.0844914600528,"Shape_Area":0.000316336715978,"AREA_SQKM":3.74574580049},"id":"PH0105512006"},{"arcs":[[29,30,31,32,-13]],"type":"Polygon","properties":{"ADM4_EN":"Cili","ADM4_PCODE":"PH0105512007","ADM4_REF":null,"ADM3_EN":"Binalonan","ADM3_PCODE":"PH0105512","ADM2_EN":"Pangasinan","ADM2_PCODE":"PH01055","ADM1_EN":"Region I (Ilocos Region)","ADM1_PCODE":"PH01","ADM0_EN":"Philippines (the)","ADM0_PCODE":"PH","date":"2022/11/09","validOn":"2023/11/06","validTo":null,"Shape_Leng":0.0526867241847,"Shape_Area":0.000167300314495,"AREA_SQKM":1.98087844001},"id":"PH0105512007"},{"arcs":[[33,-22,34,35,36,-33]],"type":"Polygon","properties":{"ADM4_EN":"Dumayat","ADM4_PCODE":"PH0105512008","ADM4_REF":null,"ADM3_EN":"Binalonan","ADM3_PCODE":"PH0105512","ADM2_EN":"Pangasinan","ADM2_PCODE":"PH01055","ADM1_EN":"Region I (Ilocos Region)","ADM1_PCODE":"PH01","ADM0_EN":"Philippines (the)","ADM0_PCODE":"PH","date":"2022/11/09","validOn":"2023/11/06","validTo":null,"Shape_Leng":0.0742042697448,"Shape_Area":0.000218900924269,"AREA_SQKM":2.59193545157},"id":"PH0105512008"},{"arcs":[[-21,37,-10,38,39,-35]],"type":"Polygon","properties":{"ADM4_EN":"Linmansangan","ADM4_PCODE":"PH0105512009","ADM4_REF":null,"ADM3_EN":"Binalonan","ADM3_PCODE":"PH0105512","ADM2_EN":"Pangasinan","ADM2_PCODE":"PH01055","ADM1_EN":"Region I (Ilocos Region)","ADM1_PCODE":"PH01","ADM0_EN":"Philippines (the)","ADM0_PCODE":"PH","date":"2022/11/09","validOn":"2023/11/06","validTo":null,"Shape_Leng":0.0739795641927,"Shape_Area":0.000263021247015,"AREA_SQKM":3.11454326769},"id":"PH0105512009"},{"arcs":[[40,-28,41,-31,42,43,44]],"type":"Polygon","properties":{"ADM4_EN":"Mangcasuy","ADM4_PCODE":"PH0105512011","ADM4_REF":null,"ADM3_EN":"Binalonan","ADM3_PCODE":"PH0105512","ADM2_EN":"Pangasinan","ADM2_PCODE":"PH01055","ADM1_EN":"Region I (Ilocos Region)","ADM1_PCODE":"PH01","ADM0_EN":"Philippines (the)","ADM0_PCODE":"PH","date":"2022/11/09","validOn":"2023/11/06","validTo":null,"Shape_Leng":0.082372794968,"Shape_Area":0.000264778186392,"AREA_SQKM":3.13503453187},"id":"PH0105512011"},{"arcs":[[-43,-30,-12,-16,45]],"type":"Polygon","properties":{"ADM4_EN":"Moreno","ADM4_PCODE":"PH0105512012","ADM4_REF":null,"ADM3_EN":"Binalonan","ADM3_PCODE":"PH0105512","ADM2_EN":"Pangasinan","ADM2_PCODE":"PH01055","ADM1_EN":"Region I (Ilocos Region)","ADM1_PCODE":"PH01","ADM0_EN":"Philippines (the)","ADM0_PCODE":"PH","date":"2022/11/09","validOn":"2023/11/06","validTo":null,"Shape_Leng":0.0568780722738,"Shape_Area":0.000177967008564,"AREA_SQKM":2.10707903882},"id":"PH0105512012"},{"arcs":[[46,47,48,49]],"type":"Polygon",