{"type":"Topology","arcs":[[[1421,1073],[-6,-44],[-66,-45],[-21,-26],[-16,-51],[-30,-22],[-12,-51],[-38,-11],[-30,-39],[8,-41],[-24,-39],[-48,-19],[-19,-55],[-28,-37],[-56,-32],[-10,37],[-52,8],[-63,-9],[-29,16],[-50,-60],[-31,-9],[-25,-33],[-25,-3],[-21,-28],[-63,-22],[-123,-22]],[[543,436],[8,172],[285,339]],[[836,947],[55,-18],[54,8],[66,-7],[14,11],[101,14],[31,51],[40,34],[36,-5],[47,38],[59,-28],[66,31],[16,-3]],[[836,947],[-16,58],[250,217]],[[1070,1222],[16,-17],[79,-9]],[[1165,1196],[260,51]],[[1425,1247],[-9,-131],[5,-43]],[[1589,953],[-54,-132],[-34,-100],[28,-110]],[[1529,611],[-10,-33]],[[1519,578],[-32,13],[-42,-61],[11,-29],[-38,-28],[-4,-35],[-26,-47],[-47,31],[0,-47],[-64,-22]],[[1277,353],[-87,85]],[[1190,438],[36,52],[23,79],[19,23],[2,36],[43,57],[-6,32],[49,6],[107,106],[37,19],[48,95],[41,10]],[[1609,1123],[-24,-42],[25,-69],[-21,-59]],[[1190,438],[-40,-33],[-74,16],[-17,-38],[-24,-2],[-68,-39],[-45,-7],[-35,10],[-46,-21],[-46,-4],[-47,-35],[-30,6],[-43,-108],[-61,-4],[-54,10],[-31,-9]],[[529,180],[1,177],[13,79]],[[1421,1073],[40,14],[117,15],[31,21]],[[1277,353],[-18,-18],[34,-39],[-6,-41],[-41,19],[-11,-32],[-45,-26],[-27,8],[-19,-47],[-33,-28]],[[1111,149],[-38,-6],[-444,-103],[-123,-40]],[[506,0],[23,180]],[[1495,1500],[1,-50],[-16,-69],[22,-36]],[[1502,1345],[-34,-29],[-43,-69]],[[1165,1196],[98,264]],[[1263,1460],[150,45],[82,-5]],[[1519,578],[56,-328]],[[1575,250],[-436,-96],[-28,-5]],[[1654,1113],[16,-80]],[[1670,1033],[-21,-16],[-6,-44],[-54,-20]],[[1609,1123],[45,-10]],[[1251,1816],[8,-191],[-3,-111],[7,-54]],[[1070,1222],[-36,64],[-51,181],[-26,108],[-83,192]],[[874,1767],[356,151],[-7,-102],[28,0]],[[1945,651],[-416,-40]],[[1670,1033],[15,-2],[42,-129],[35,-70],[47,-57],[115,-85],[21,-39]],[[1945,651],[43,-177],[-3,-33],[13,-44],[28,-31],[-39,-25],[-412,-91]],[[506,0],[-506,124],[4,36],[38,26],[4,61],[16,31],[35,21],[9,37],[-36,78],[46,58],[35,18],[10,48],[-44,23],[2,37],[36,57],[29,21],[-1,23],[51,18],[0,54],[43,57],[16,40],[29,5],[28,-19],[23,36],[25,105],[39,8],[9,46],[36,88],[-9,52],[15,39],[51,33],[-19,32],[13,67],[-7,53],[-37,36],[16,42],[38,-12],[9,43],[57,43],[19,37],[32,-13],[21,20],[-23,58],[26,26],[34,-8],[35,38],[62,16],[59,28]],[[1251,1816],[159,-31],[76,-4],[41,-14],[-1,-36],[-23,-42],[11,-39],[-30,-92],[11,-58]],[[1502,1345],[50,-15],[75,-72],[12,-39],[-17,-28],[32,-78]]],"transform":{"scale":[0.000046289996544898485,0.00004041957455683824],"translate":[123.16628401300011,9.37062955600004]},"objects":{"bgysubmuns-municity-ph0704617":{"type":"GeometryCollection","geometries":[{"arcs":[[0,1,2]],"type":"Polygon","properties":{"ADM4_EN":"Basak","ADM4_PCODE":"PH0704617001","ADM4_REF":null,"ADM3_EN":"San Jose","ADM3_PCODE":"PH0704617","ADM2_EN":"Negros Oriental","ADM2_PCODE":"PH07046","ADM1_EN":"Region VII (Central Visayas)","ADM1_PCODE":"PH07","ADM0_EN":"Philippines (the)","ADM0_PCODE":"PH","date":"2022/11/09","validOn":"2023/11/06","validTo":null,"Shape_Leng":0.11510203531,"Shape_Area":0.000445819623586,"AREA_SQKM":5.41585525904},"id":"PH0704617001"},{"arcs":[[-3,3,4,5,6]],"type":"Polygon","properties":{"ADM4_EN":"Basiao","ADM4_PCODE":"PH0704617002","ADM4_REF":null,"ADM3_EN":"San Jose","ADM3_PCODE":"PH0704617","ADM2_EN":"Negros Oriental","ADM2_PCODE":"PH07046","ADM1_EN":"Region VII (Central Visayas)","ADM1_PCODE":"PH07","ADM0_EN":"Philippines (the)","ADM0_PCODE":"PH","date":"2022/11/09","validOn":"2023/11/06","validTo":null,"Shape_Leng":0.071846195863,"Shape_Area":0.000205080186349,"AREA_SQKM":2.49123819188},"id":"PH0704617002"},{"arcs":[[7,8,9,10,11]],"type":"Polygon","properties":{"ADM4_EN":"Cambaloctot","ADM4_PCODE":"PH0704617004","ADM4_REF":null,"ADM3_EN":"San Jose","ADM3_PCODE":"PH0704617","ADM2_EN":"Negros Oriental","ADM2_PCODE":"PH07046","ADM1_EN":"Region VII (Central Visayas)","ADM1_PCODE":"PH07","ADM0_EN":"Philippines (the)","ADM0_PCODE":"PH","date":"2022/11/09","validOn":"2023/11/06","validTo":null,"Shape_Leng":0.0781753864534,"Shape_Area":0.000170164615493,"AREA_SQKM":2.06721041196},"id":"PH0704617004"},{"arcs":[[12,-12,13,14,-1,15]],"type":"Polygon","properties":{"ADM4_EN":"Cancawas","ADM4_PCODE":"PH0704617005","ADM4_REF":null,"ADM3_EN":"San Jose","ADM3_PCODE":"PH0704617","ADM2_EN":"Negros Oriental","ADM2_PCODE":"PH07046","ADM1_EN":"Region VII (Central Visayas)","ADM1_PCODE":"PH07","ADM0_EN":"Philippines (the)","ADM0_PCODE":"PH","date":"2022/11/09","validOn":"2023/11/06","validTo":null,"Shape_Leng":0.157046253992,"Shape_Area":0.000477165536187,"AREA_SQKM":5.79675681626},"id":"PH0704617005"},{"arcs":[[16,17,18,-14,-11]],"type":"Polygon","properties":{"ADM4_EN":"Janayjanay","ADM4_PCODE":"PH0704617006","ADM4_REF":null,"ADM3_EN":"San Jose","ADM3_PCODE":"PH0704617","ADM2_EN":"Negros Oriental","ADM2_PCODE":"PH07046","ADM1_EN":"Region VII (Central Visayas)","ADM1_PCODE":"PH07","ADM0_EN":"Philippines (the)","ADM0_PCODE":"PH","date":"2022/11/09","validOn":"2023/11/06","validTo":null,"Shape_Leng":0.0966560116711,"Shape_Area":0.000293203125336,"AREA_SQKM":3.56207326925},"id":"PH0704617006"},{"arcs":[[19,20,-6,21,22]],"type":"Polygon","properties":{"ADM4_EN":"Jilocon","ADM4_PCODE":"PH0704617007","ADM4_REF":null,"ADM3_EN":"San Jose","ADM3_PCODE":"PH0704617","ADM2_EN":"Negros Oriental","ADM2_PCODE":"PH07046","ADM1_EN":"Region VII (Central Visayas)","ADM1_PCODE":"PH07","ADM0_EN":"Philippines (the)","ADM0_PCODE":"PH","date":"2022/11/09","validOn":"2023/11/06","validTo":null,"Shape_Leng":0.0473030309047,"Shape_Area":0.000124118940976,"AREA_SQKM":1.50770495596},"id":"PH0704617007"},{"arcs":[[23,24,-17,-10]],"type":"Polygon","properties":{"ADM4_EN":"Naiba","ADM4_PCODE":"PH0704617008","ADM4_REF":null,"ADM3_EN":"San Jose","ADM3_PCODE":"PH0704617","ADM2_EN":"Negros Oriental","ADM2_PCODE":"PH07046","ADM1_EN":"Region VII (Central Visayas)","ADM1_PCODE":"PH07","ADM0_EN":"Philippines (the)","ADM0_PCODE":"PH","date":"2022/11/09","validOn":"2023/11/06","validTo":null,"Shape_Leng":0.0762270428565,"Shape_Area":0.000144934141986,"AREA_SQKM":1.76075732451},"id":"PH0704617008"},{"arcs":[[25,26,-13,27]],"type":"Polygon","properties":{"ADM4_EN":"Poblacion","ADM4_PCODE":"PH0704617009","ADM4_REF":null,"ADM3_EN":"San Jose","ADM3_PCODE":"PH0704617","ADM2_EN":"Negros Oriental","ADM2_PCODE":"PH07046","ADM1_EN":"Region VII (Central Visayas)","ADM1_PCODE":"PH07","ADM0_EN":"Philippines (the)","ADM0_PCODE":"PH","date":"2022/11/09","validOn":"2023/11/06","validTo":null,"Shape_Leng":0.0189004787631,"Shape_Area":0.000017012717453,"AREA_SQKM":0.206665209119},"id":"PH0704617009"},{"arcs":[[28,-22,-5,29,30]],"type":"Polygon","properties":{"ADM4_EN":"San Roque","ADM4_PCODE":"PH0704617010","ADM4_REF":null,"ADM3_EN":"San Jose","ADM3_PCODE":"PH0704617","ADM2_EN":"Negros Oriental","ADM2_PCODE":"PH07046","ADM1_EN":"Region VII (Central Visayas)","ADM1_PCODE":"PH07","ADM0_EN":"Philippines (the)","ADM0_PCODE":"PH","date":"2022/11/09","validOn":"2023/11/06","validTo":null,"Shape_Leng":0.0784276367696,"Shape_Area":0.00032784128467,"AREA_SQKM":3.9822713893},"id":"PH0704617010"},{"arcs":[[31,-8,-27,32]],"type":"Polygon","properties":{"ADM4_EN":"Santo Niño","ADM4_PCODE":"PH0704617011","ADM4_REF":"Santo Nino","ADM3_EN":"San Jose","ADM3_PCODE":"PH0704617","ADM2_EN":"Negros Oriental","ADM2_PCODE":"PH07046","ADM1_EN":"Region VII (Central Visayas)","ADM1_PCODE":"PH07","ADM0_EN":"Philippines (the)","ADM0_PCODE":"PH","date":"2022/11/09","validOn":"2023/11/06","validTo":null,"Shape_Leng":0.0610457024031,"Shape_Area":0.000177862173269,"AREA_SQKM":2.16068201719},"id":"PH0704617011"},{"arcs":[[-24,-9,-32,33]],"type":"Polygon","properties":{"ADM4_EN":"Señora Ascion (Calo)","ADM4_PCODE":"PH0704617012","ADM4_REF":"Senora Ascion (Calo)","ADM3_EN":"San Jose","ADM3_PCODE":"PH0704617","ADM2_EN":"Negros Oriental","ADM2_PCODE":"PH07046","ADM1_EN":"Region VII (Central Visayas)","ADM1_PCODE":"PH07","ADM0_EN":"Philippines (the)","ADM0_PCODE":"PH","date":"2022/11/09","validOn":"2023/11/06","validTo":null,"Shape_Leng":0.0688239875849,"Shape_Area":0.000278654976766,