{"type":"Topology","arcs":[[[531,504],[-3,-75]],[[528,429],[-50,-28]],[[478,401],[-132,88]],[[346,489],[-2,23]],[[344,512],[39,25],[88,-6],[60,-27]],[[1094,919],[-18,-24],[-114,-55],[-70,-55],[-47,-65]],[[845,720],[-45,39]],[[800,759],[48,29],[51,73],[116,64]],[[1015,925],[50,25],[29,-31]],[[984,778],[-50,-51],[-19,-52]],[[915,675],[-70,45]],[[1094,919],[17,-50],[-127,-91]],[[327,604],[-59,28],[-102,13]],[[166,645],[-31,38],[5,62],[46,23]],[[186,768],[34,8],[116,82]],[[336,858],[-9,-254]],[[800,759],[-33,-49],[-69,-67],[-60,-31]],[[638,612],[-32,-28]],[[606,584],[-15,67]],[[591,651],[40,47],[37,14],[39,75],[22,9]],[[729,796],[71,-37]],[[835,464],[-22,19]],[[813,483],[102,192]],[[984,778],[11,-32],[83,-67],[-56,-75],[-40,-2],[-54,-73],[-93,-65]],[[591,651],[-22,-2]],[[569,649],[10,34],[-25,53]],[[554,736],[-43,92],[-100,73]],[[411,901],[19,52],[113,6]],[[543,959],[67,-32],[100,-93],[19,-38]],[[554,736],[-67,-38],[4,-48],[-95,-48]],[[396,602],[-69,2]],[[336,858],[75,43]],[[544,231],[-4,-5]],[[540,226],[-38,-128],[-24,-51],[-62,25],[-18,128],[57,-1],[32,50]],[[487,249],[57,-18]],[[712,503],[-11,-100],[-31,-27]],[[670,376],[-73,4],[-42,37]],[[555,417],[66,32],[64,61],[27,-7]],[[606,584],[-24,-71],[-51,-9]],[[344,512],[-17,92]],[[396,602],[147,-7],[26,54]],[[611,87],[56,59],[66,46]],[[733,192],[11,-72],[83,-69],[-16,-51],[-107,16],[-39,47],[-54,24]],[[326,424],[17,-88],[85,-23],[-6,-22]],[[422,291],[-93,-36],[-55,26],[-75,124],[5,57]],[[204,462],[45,-9],[38,-44],[39,15]],[[752,1135],[22,-111],[51,-82]],[[825,942],[-14,-44],[-82,-102]],[[543,959],[31,212]],[[574,1171],[178,-36]],[[203,1019],[58,2],[38,-24],[38,-54],[74,-42]],[[186,768],[5,57],[-72,-10],[-71,44],[-48,10],[13,115],[69,69],[121,-34]],[[825,942],[88,16],[72,48],[30,-7],[0,-74]],[[203,1019],[-2,216],[156,39]],[[357,1274],[127,2],[90,-105]],[[672,1302],[-98,-131]],[[357,1274],[33,34],[47,8],[64,-23],[99,29],[72,-20]],[[719,516],[-7,-13]],[[555,417],[-27,12]],[[638,612],[46,-41],[35,-55]],[[346,489],[-20,-65]],[[204,462],[-13,31],[29,57]],[[220,550],[50,-14],[76,-47]],[[835,464],[-10,-117],[-44,-81],[-64,-17]],[[717,249],[-37,1],[-14,57]],[[666,307],[4,69]],[[719,516],[47,-31],[47,-2]],[[478,401],[6,-24],[93,-121]],[[577,256],[-33,-25]],[[487,249],[-35,45],[-30,-3]],[[845,720],[-49,-65],[-43,-29],[-3,-54],[-31,-56]],[[220,550],[-54,95]],[[666,307],[-89,-51]],[[717,249],[16,-57]],[[611,87],[-17,83],[-54,56]],[[672,1302],[3,-49],[85,-68],[-8,-50]]],"transform":{"scale":[0.00013564822592254032,0.00013869831240546714],"translate":[123.35386243700009,8.053373881000027]},"objects":{"bgysubmuns-municity-ph0907315":{"type":"GeometryCollection","geometries":[{"arcs":[[0,1,2,3,4]],"type":"Polygon","properties":{"ADM4_EN":"Bag-ong Balamban","ADM4_PCODE":"PH0907315001","ADM4_REF":null,"ADM3_EN":"Mahayag","ADM3_PCODE":"PH0907315","ADM2_EN":"Zamboanga del Sur","ADM2_PCODE":"PH09073","ADM1_EN":"Region IX (Zamboanga Peninsula)","ADM1_PCODE":"PH09","ADM0_EN":"Philippines (the)","ADM0_PCODE":"PH","date":"2022/11/09","validOn":"2023/11/06","validTo":null,"Shape_Leng":0.0751942710858,"Shape_Area":0.000304598895629,"AREA_SQKM":3.7127299499},"id":"PH0907315001"},{"arcs":[[5,6,7,8]],"type":"Polygon","properties":{"ADM4_EN":"Bag-ong Dalaguete","ADM4_PCODE":"PH0907315002","ADM4_REF":null,"ADM3_EN":"Mahayag","ADM3_PCODE":"PH0907315","ADM2_EN":"Zamboanga del Sur","ADM2_PCODE":"PH09073","ADM1_EN":"Region IX (Zamboanga Peninsula)","ADM1_PCODE":"PH09","ADM0_EN":"Philippines (the)","ADM0_PCODE":"PH","date":"2022/11/09","validOn":"2023/11/06","validTo":null,"Shape_Leng":0.106232305746,"Shape_Area":0.000311546832312,"AREA_SQKM":3.79695221864},"id":"PH0907315002"},{"arcs":[[9,10,-6,11]],"type":"Polygon","properties":{"ADM4_EN":"Marabanan (Balanan)","ADM4_PCODE":"PH0907315003","ADM4_REF":null,"ADM3_EN":"Mahayag","ADM3_PCODE":"PH0907315","ADM2_EN":"Zamboanga del Sur","ADM2_PCODE":"PH09073","ADM1_EN":"Region IX (Zamboanga Peninsula)","ADM1_PCODE":"PH09","ADM0_EN":"Philippines (the)","ADM0_PCODE":"PH","date":"2022/11/09","validOn":"2023/11/06","validTo":null,"Shape_Leng":0.104700840554,"Shape_Area":0.00034630079624,"AREA_SQKM":4.22057663049},"id":"PH0907315003"},{"arcs":[[12,13,14,15]],"type":"Polygon","properties":{"ADM4_EN":"Boniao","ADM4_PCODE":"PH0907315004","ADM4_REF":null,"ADM3_EN":"Mahayag","ADM3_PCODE":"PH0907315","ADM2_EN":"Zamboanga del Sur","ADM2_PCODE":"PH09073","ADM1_EN":"Region IX (Zamboanga Peninsula)","ADM1_PCODE":"PH09","ADM0_EN":"Philippines (the)","ADM0_PCODE":"PH","date":"2022/11/09","validOn":"2023/11/06","validTo":null,"Shape_Leng":0.107890916768,"Shape_Area":0.000568955386774,"AREA_SQKM":6.93440149364},"id":"PH0907315004"},{"arcs":[[16,17,18,19,20]],"type":"Polygon","properties":{"ADM4_EN":"Delusom","ADM4_PCODE":"PH0907315005","ADM4_REF":null,"ADM3_EN":"Mahayag","ADM3_PCODE":"PH0907315","ADM2_EN":"Zamboanga del Sur","ADM2_PCODE":"PH09073","ADM1_EN":"Region IX (Zamboanga Peninsula)","ADM1_PCODE":"PH09","ADM0_EN":"Philippines (the)","ADM0_PCODE":"PH","date":"2022/11/09","validOn":"2023/11/06","validTo":null,"Shape_Leng":0.0930443472354,"Shape_Area":0.000324985545104,"AREA_SQKM":3.96093052304},"id":"PH0907315005"},{"arcs":[[21,22,-10,23]],"type":"Polygon","properties":{"ADM4_EN":"Diwan","ADM4_PCODE":"PH0907315006","ADM4_REF":null,"ADM3_EN":"Mahayag","ADM3_PCODE":"PH0907315","ADM2_EN":"Zamboanga del Sur","ADM2_PCODE":"PH09073","ADM1_EN":"Region IX (Zamboanga Peninsula)","ADM1_PCODE":"PH09","ADM0_EN":"Philippines (the)","ADM0_PCODE":"PH","date":"2022/11/09","validOn":"2023/11/06","validTo":null,"Shape_Leng":0.133421833403,"Shape_Area":0.000574473233932,"AREA_SQKM":7.00186326967},"id":"PH0907315006"},{"arcs":[[-20,24,25,26,27,28]],"type":"Polygon","properties":{"ADM4_EN":"Guripan","ADM4_PCODE":"PH0907315007","ADM4_REF":null,"ADM3_EN":"Mahayag","ADM3_PCODE":"PH0907315","ADM2_EN":"Zamboanga del Sur","ADM2_PCODE":"PH09073","ADM1_EN":"Region IX (Zamboanga Peninsula)","ADM1_PCODE":"PH09","ADM0_EN":"Philippines (the)","ADM0_PCODE":"PH","date":"2022/11/09","validOn":"2023/11/06","validTo":null,"Shape_Leng":0.142295325711,"Shape_Area":0.000888942068127,"AREA_SQKM":10.8339546334},"id":"PH0907315007"},{"arcs":[[29,30,-16,31,-27]],"type":"Polygon","properties":{"ADM4_EN":"Kaangayan","ADM4_PCODE":"PH0907315008","ADM4_REF":null,"ADM3_EN":"Mahayag","ADM3_PCODE":"PH0907315","ADM2_EN":"Zamboanga del Sur","ADM2_PCODE":"PH09073","ADM1_EN":"Region IX (Zamboanga Peninsula)","ADM1_PCODE":"PH09","ADM0_EN":"Philippines (the)","ADM0_PCODE":"PH","date":"2022/11/09","validOn":"2023/11/06","validTo":null,"Shape_Leng":0.120273420728,"Shape_Area":0.000869919618424,"AREA_SQKM":10.6024360441},"id":"PH0907315008"},{"arcs":[[32,33,34]],"type":"Polygon","properties":{"ADM4_EN":"Kabuhi","ADM4_PCODE":"PH0907315009","ADM4_REF":null,"ADM3_EN":"Mahayag","ADM3_PCODE":"PH0907315","ADM2_EN":"Zamboanga del Sur","ADM2_PCODE":"PH09073","ADM1_EN":"Region IX (Zamboanga Peninsula)","ADM1_PCODE":"PH09","ADM0_EN":"Philippines (the)","ADM0_PCODE":"PH","date":"2022/11/09","validOn":"2023/11/06","validTo":null,"Shape_Leng":0.0863473894289,"Shape_Area":0.000346342387306,"AREA_SQKM":4.22200365313},"id":"PH0907315009"},{"arcs":[[35,36,37]],"type":"Polygon","properties":{"ADM4_EN":"Lourmah (Lower Mahayag)","ADM4_PCODE":"PH0907315011","ADM4_REF":null,"ADM3_EN":"Mahayag","ADM3_PCODE":"PH0907315","ADM2_EN":"Zamboanga del Sur","ADM2_PCODE":"PH09073","ADM1_EN":"Region IX (Zamboanga Peninsula)","ADM1_PCODE":"PH09","ADM0_EN":"Philippines (the)","ADM0_PCODE":"PH","date":"2022/11/09","validOn":"2023/11/06","validTo":null,"Shape_Leng":0.0767137600603,"Shape_Area":0.000225483524948,"AREA_SQKM":2.74844418978},"id":"PH0907315011"},{"arcs":[[38,-5,39,-31,40,-25,-19]],"type":"Polygon","properties":{"ADM4_EN":"Lower Salug Daku","ADM4_PCODE":"PH0907315012","ADM4_REF":null,"ADM3_EN":"Mahayag","ADM3_PCODE":"PH0907315","ADM2_EN":"Zamboanga del Sur","ADM2_PCODE":"PH09073","ADM1_EN":"Region IX (Zamboanga Peninsula)","ADM1_PCODE":"PH09","ADM0_EN":"Philippines (the)","ADM0_PCODE":"PH",