{"type":"Topology","arcs":[[[2290,1094],[21,-95],[-13,-55]],[[2298,944],[-57,15],[-29,-73]],[[2212,886],[-20,-56],[-31,-17]],[[2161,813],[-15,30],[-50,9],[-6,26],[-93,197]],[[1997,1075],[63,41],[27,-23],[38,12],[31,86]],[[2156,1191],[47,33],[41,-46],[37,-22],[9,-62]],[[2161,813],[-57,-7],[-31,-18],[-12,-74]],[[2061,714],[-53,-43],[-13,-26],[20,-42],[6,-56],[-46,-135]],[[1975,412],[-58,75],[-30,-12],[-67,-85],[-30,3],[-88,-56],[-50,33],[-26,-23],[-62,-15],[-27,27],[-13,-48],[-67,18],[-103,52],[-1113,-46],[-9,243],[-222,118],[-10,148],[857,359],[36,-10],[31,22],[38,51],[30,-37],[54,42],[80,10],[15,21],[12,65],[23,54],[44,7],[55,48],[20,63],[36,2],[78,-42],[49,-45],[37,-57],[89,-1],[41,20],[34,-2],[29,-59],[40,-111],[105,-112],[74,14],[42,-76],[48,5]],[[2675,1466],[-1,-40],[17,-116]],[[2691,1310],[-10,-29],[-70,-30]],[[2611,1251],[-38,41],[-44,26]],[[2529,1318],[-39,56]],[[2490,1374],[23,71],[48,31],[1,72]],[[2562,1548],[29,49],[42,-5],[24,-21],[18,-105]],[[2691,1310],[77,-18],[-8,-21]],[[2760,1271],[-5,-21],[58,-97]],[[2813,1153],[-34,-80],[-19,-66]],[[2760,1007],[-37,28],[-21,36],[-39,11],[-73,86]],[[2590,1168],[-17,22],[38,61]],[[2490,1374],[-54,-43]],[[2436,1331],[-35,67],[-38,42]],[[2363,1440],[-16,83],[23,66],[-3,50],[34,-7],[13,41],[128,-94],[20,-31]],[[2436,1331],[24,-44],[-79,-79],[-6,-24],[18,-88]],[[2393,1096],[-103,-2]],[[2156,1191],[47,150],[37,40],[7,30],[32,14],[58,-26],[26,41]],[[2529,1318],[-17,-35],[-49,-64],[-14,-36],[20,-30],[-23,-60]],[[2446,1093],[-53,3]],[[3094,1335],[-5,-39],[-46,-20],[1,-56],[-49,9],[-9,-31],[22,-44],[-21,-52],[-51,-14],[8,-28],[-54,-63],[-13,-99],[-80,30],[-46,61]],[[2751,989],[9,18]],[[2813,1153],[68,22],[39,30],[14,85],[15,33],[66,29],[79,-17]],[[2751,989],[-43,-24],[-22,-80],[-33,-51],[-19,2],[-50,59],[-22,11],[-67,-9]],[[2495,897],[-99,-12],[-53,19],[-45,40]],[[2446,1093],[144,75]],[[2061,714],[38,-30],[40,-11],[21,-27],[47,-24],[13,-66],[42,-48],[33,-81],[159,-161],[-189,-266],[-5,59],[-55,49],[-76,10],[-68,26],[0,52],[-22,37],[-7,91],[-57,88]],[[2495,897],[-1,-83],[-20,-53],[-89,-6],[-44,-52],[-61,98],[-11,52],[-24,-14],[-33,47]],[[2939,1615],[6,-68],[-46,-59],[-38,22],[-47,-70],[-21,-59],[-35,-18],[31,-50],[-29,-42]],[[2675,1466],[50,-6],[27,15],[-4,72],[47,23],[14,60],[25,27],[75,-13],[30,-29]],[[2939,1615],[46,48],[102,-199],[72,-132],[-21,-15],[-44,18]]],"transform":{"scale":[0.00008425524723012709,0.00005807568798565715],"translate":[125.75523376400008,9.189576791000036]},"objects":{"bgysubmuns-municity-ph1606813":{"type":"GeometryCollection","geometries":[{"arcs":[[0,1,2,3,4,5]],"type":"Polygon","properties":{"ADM4_EN":"Bagsac","ADM4_PCODE":"PH1606813001","ADM4_REF":null,"ADM3_EN":"Madrid","ADM3_PCODE":"PH1606813","ADM2_EN":"Surigao del Sur","ADM2_PCODE":"PH16068","ADM1_EN":"Region XIII (Caraga)","ADM1_PCODE":"PH16","ADM0_EN":"Philippines (the)","ADM0_PCODE":"PH","date":"2022/11/09","validOn":"2023/11/06","validTo":null,"Shape_Leng":0.0821327744822,"Shape_Area":0.000344326939232,"AREA_SQKM":4.18469074825},"id":"PH1606813001"},{"arcs":[[-4,6,7,8]],"type":"Polygon","properties":{"ADM4_EN":"Bayogo","ADM4_PCODE":"PH1606813002","ADM4_REF":null,"ADM3_EN":"Madrid","ADM3_PCODE":"PH1606813","ADM2_EN":"Surigao del Sur","ADM2_PCODE":"PH16068","ADM1_EN":"Region XIII (Caraga)","ADM1_PCODE":"PH16","ADM0_EN":"Philippines (the)","ADM0_PCODE":"PH","date":"2022/11/09","validOn":"2023/11/06","validTo":null,"Shape_Leng":0.452661055667,"Shape_Area":0.00790333576334,"AREA_SQKM":96.0544412908},"id":"PH1606813002"},{"arcs":[[9,10,11,12,13,14]],"type":"Polygon","properties":{"ADM4_EN":"Magsaysay","ADM4_PCODE":"PH1606813003","ADM4_REF":null,"ADM3_EN":"Madrid","ADM3_PCODE":"PH1606813","ADM2_EN":"Surigao del Sur","ADM2_PCODE":"PH16068","ADM1_EN":"Region XIII (Caraga)","ADM1_PCODE":"PH16","ADM0_EN":"Philippines (the)","ADM0_PCODE":"PH","date":"2022/11/09","validOn":"2023/11/06","validTo":null,"Shape_Leng":0.0671364955837,"Shape_Area":0.000214749993534,"AREA_SQKM":2.60974547397},"id":"PH1606813003"},{"arcs":[[15,16,17,18,19,-11]],"type":"Polygon","properties":{"ADM4_EN":"Manga","ADM4_PCODE":"PH1606813004","ADM4_REF":null,"ADM3_EN":"Madrid","ADM3_PCODE":"PH1606813","ADM2_EN":"Surigao del Sur","ADM2_PCODE":"PH16068","ADM1_EN":"Region XIII (Caraga)","ADM1_PCODE":"PH16","ADM0_EN":"Philippines (the)","ADM0_PCODE":"PH","date":"2022/11/09","validOn":"2023/11/06","validTo":null,"Shape_Leng":0.0643356486469,"Shape_Area":0.00019691705543,"AREA_SQKM":2.39312393522},"id":"PH1606813004"},{"arcs":[[-14,20,21,22]],"type":"Polygon","properties":{"ADM4_EN":"Panayogon","ADM4_PCODE":"PH1606813005","ADM4_REF":null,"ADM3_EN":"Madrid","ADM3_PCODE":"PH1606813","ADM2_EN":"Surigao del Sur","ADM2_PCODE":"PH16068","ADM1_EN":"Region XIII (Caraga)","ADM1_PCODE":"PH16","ADM0_EN":"Philippines (the)","ADM0_PCODE":"PH","date":"2022/11/09","validOn":"2023/11/06","validTo":null,"Shape_Leng":0.0652439492692,"Shape_Area":0.000218160800086,"AREA_SQKM":2.65115406108},"id":"PH1606813005"},{"arcs":[[23,24,-6,25,-22]],"type":"Polygon","properties":{"ADM4_EN":"Patong Patong","ADM4_PCODE":"PH1606813006","ADM4_REF":null,"ADM3_EN":"Madrid","ADM3_PCODE":"PH1606813","ADM2_EN":"Surigao del Sur","ADM2_PCODE":"PH16068","ADM1_EN":"Region XIII (Caraga)","ADM1_PCODE":"PH16","ADM0_EN":"Philippines (the)","ADM0_PCODE":"PH","date":"2022/11/09","validOn":"2023/11/06","validTo":null,"Shape_Leng":0.0805322270193,"Shape_Area":0.000290481190113,"AREA_SQKM":3.53014846506},"id":"PH1606813006"},{"arcs":[[26,27,-24,-21,-13]],"type":"Polygon","properties":{"ADM4_EN":"Quirino (Pob.)","ADM4_PCODE":"PH1606813007","ADM4_REF":null,"ADM3_EN":"Madrid","ADM3_PCODE":"PH1606813","ADM2_EN":"Surigao del Sur","ADM2_PCODE":"PH16068","ADM1_EN":"Region XIII (Caraga)","ADM1_PCODE":"PH16","ADM0_EN":"Philippines (the)","ADM0_PCODE":"PH","date":"2022/11/09","validOn":"2023/11/06","validTo":null,"Shape_Leng":0.0536688764934,"Shape_Area":0.000090780181016,"AREA_SQKM":1.10323758844},"id":"PH1606813007"},{"arcs":[[28,29,-18,30]],"type":"Polygon","properties":{"ADM4_EN":"San Antonio","ADM4_PCODE":"PH1606813008","ADM4_REF":null,"ADM3_EN":"Madrid","ADM3_PCODE":"PH1606813","ADM2_EN":"Surigao del Sur","ADM2_PCODE":"PH16068","ADM1_EN":"Region XIII (Caraga)","ADM1_PCODE":"PH16","ADM0_EN":"Philippines (the)","ADM0_PCODE":"PH","date":"2022/11/09","validOn":"2023/11/06","validTo":null,"Shape_Leng":0.110152271645,"Shape_Area":0.00029428330023,"AREA_SQKM":3.57643599538},"id":"PH1606813008"},{"arcs":[[-30,31,32,-1,-25,-28,33,-19]],"type":"Polygon","properties":{"ADM4_EN":"San Juan","ADM4_PCODE":"PH1606813009","ADM4_REF":null,"ADM3_EN":"Madrid","ADM3_PCODE":"PH1606813","ADM2_EN":"Surigao del Sur","ADM2_PCODE":"PH16068","ADM1_EN":"Region XIII (Caraga)","ADM1_PCODE":"PH16","ADM0_EN":"Philippines (the)","ADM0_PCODE":"PH","date":"2022/11/09","validOn":"2023/11/06","validTo":null,"Shape_Leng":0.102581629421,"Shape_Area":0.000448326126664,"AREA_SQKM":5.44863726361},"id":"PH1606813009"},{"arcs":[[-8,34]],"type":"Polygon","properties":{"ADM4_EN":"San Roque","ADM4_PCODE":"PH1606813010","ADM4_REF":null,"ADM3_EN":"Madrid","ADM3_PCODE":"PH1606813","ADM2_EN":"Surigao del Sur","ADM2_PCODE":"PH16068","ADM1_EN":"Region XIII (Caraga)","ADM1_PCODE":"PH16","ADM0_EN":"Philippines (the)","ADM0_PCODE":"PH","date":"2022/11/09","validOn":"2023/11/06","validTo":null,"Shape_Leng":0.135936522683,"Shape_Area":0.000852015277465,"AREA_SQKM":10.3558623049},"id":"PH1606813010"},{"arcs":[[-33,35,-2]],"type":"Polygon","properties":{"ADM4_EN":"San Vicente","ADM4_PCODE":"PH1606813011","ADM4_REF":null,"ADM3_EN":"Madrid","ADM3_PCODE":"PH1606813","ADM2_EN":"Surigao del Sur","ADM2_PCODE":"PH16068","ADM1_EN":"Region XIII (Caraga)","ADM1_PCODE":"PH16","ADM0_EN":"Philippines (the)","ADM0_PCODE":"PH","date":"2022/11/09","validOn":"2023/11/06","validTo":null,"Shape_Leng":0.0682148143203,"Shape_Area":0.000190198916596,"AREA_SQKM":2.31160282678},"id":"PH1606813011"},{"arcs":[[36,-16,-10,37]],"type":"Polygon","properties":{"ADM4_EN":"Songkit","ADM4_PCODE":"PH1606813012",