{"type":"Topology","arcs":[[[1107,326],[-16,-65],[2,-109]],[[1093,152],[-61,-6],[-21,45]],[[1011,191],[-18,60],[27,65]],[[1020,316],[56,20]],[[1076,336],[31,-10]],[[931,280],[-26,-38],[2,-36]],[[907,206],[-87,-22]],[[820,184],[-44,56],[-34,63]],[[742,303],[57,67]],[[799,370],[85,4]],[[884,374],[0,-75],[47,-19]],[[702,696],[-25,-40],[-148,-91],[-54,-41]],[[475,524],[-50,-27]],[[425,497],[-25,82]],[[400,579],[81,63],[218,159]],[[699,801],[3,-105]],[[400,579],[-30,81]],[[370,660],[42,36],[138,92],[11,48]],[[561,836],[61,28]],[[622,864],[64,2]],[[686,866],[13,-65]],[[697,569],[-156,-139],[-9,-14]],[[532,416],[-34,36]],[[498,452],[-10,26]],[[488,478],[-13,46]],[[702,696],[-5,-127]],[[708,274],[7,-44]],[[715,230],[-43,-74]],[[672,156],[-86,22]],[[586,178],[53,83],[-9,44]],[[630,305],[78,-31]],[[704,308],[4,-34]],[[630,305],[-28,11],[-89,-8]],[[513,308],[-22,36]],[[491,344],[79,-5],[114,105]],[[684,444],[20,-136]],[[988,698],[-19,-43],[-16,-96],[-120,-74],[-30,8],[-15,-49]],[[788,444],[-104,0]],[[684,444],[17,40],[-4,85]],[[686,866],[175,-39],[37,-33],[5,-44],[34,-11],[51,-41]],[[561,836],[-217,-117]],[[344,719],[-2,79],[81,33],[49,11],[44,-7],[77,33],[29,-4]],[[488,478],[-50,-35]],[[438,443],[-13,54]],[[498,452],[-56,-34]],[[442,418],[-4,25]],[[1149,315],[-12,-23],[32,-41],[72,-9],[-7,-45],[-30,-32],[9,-48],[-56,-2],[-64,37]],[[1107,326],[42,-11]],[[491,344],[-30,34]],[[461,378],[71,38]],[[400,579],[-123,-89],[-106,-144],[-168,4]],[[3,350],[-3,205],[152,-1],[21,18],[32,-19],[97,93],[42,73]],[[344,719],[26,-59]],[[586,178],[-97,48]],[[489,226],[24,82]],[[750,197],[-36,-89],[-15,-73]],[[699,35],[-5,-35],[-45,5]],[[649,5],[5,43]],[[654,48],[18,108]],[[715,230],[35,-33]],[[654,48],[-200,58]],[[454,106],[11,58],[24,62]],[[649,5],[-123,9],[-110,22]],[[416,36],[38,70]],[[1011,191],[-104,15]],[[931,280],[29,51],[60,-15]],[[1096,597],[-6,-4]],[[1090,593],[-45,-31],[-20,-52],[-20,18],[-43,-44],[-38,-66],[-40,-44]],[[799,370],[-11,74]],[[988,698],[8,-25],[40,-12],[60,-64]],[[793,169],[-40,-71],[-10,-38],[-44,-25]],[[750,197],[43,-28]],[[1076,336],[31,36],[34,103],[-51,118]],[[1096,597],[29,-8],[37,54],[109,-86],[-46,-65],[-28,-19],[-31,-60],[6,-43],[-23,-55]],[[820,184],[-27,-15]],[[704,308],[38,-5]],[[442,418],[19,-40]],[[416,36],[-397,85],[-16,229]]],"transform":{"scale":[0.00012080126671912676,0.0000839456762672872],"translate":[121.61641191000001,18.234501739000052]},"objects":{"bgysubmuns-municity-ph0201510":{"type":"GeometryCollection","geometries":[{"arcs":[[0,1,2,3,4]],"type":"Polygon","properties":{"ADM4_EN":"Abagao","ADM4_PCODE":"PH0201510001","ADM4_REF":null,"ADM3_EN":"Camalaniugan","ADM3_PCODE":"PH0201510","ADM2_EN":"Cagayan","ADM2_PCODE":"PH02015","ADM1_EN":"Region II (Cagayan Valley)","ADM1_PCODE":"PH02","ADM0_EN":"Philippines (the)","ADM0_PCODE":"PH","date":"2022/11/09","validOn":"2023/11/06","validTo":null,"Shape_Leng":0.0623241259727,"Shape_Area":0.000160662503439,"AREA_SQKM":1.88055677009},"id":"PH0201510001"},{"arcs":[[5,6,7,8,9,10]],"type":"Polygon","properties":{"ADM4_EN":"Afunan Cabayu","ADM4_PCODE":"PH0201510002","ADM4_REF":null,"ADM3_EN":"Camalaniugan","ADM3_PCODE":"PH0201510","ADM2_EN":"Cagayan","ADM2_PCODE":"PH02015","ADM1_EN":"Region II (Cagayan Valley)","ADM1_PCODE":"PH02","ADM0_EN":"Philippines (the)","ADM0_PCODE":"PH","date":"2022/11/09","validOn":"2023/11/06","validTo":null,"Shape_Leng":0.0667364587103,"Shape_Area":0.000228740956502,"AREA_SQKM":2.6773550679},"id":"PH0201510002"},{"arcs":[[11,12,13,14,15]],"type":"Polygon","properties":{"ADM4_EN":"Agusi","ADM4_PCODE":"PH0201510003","ADM4_REF":null,"ADM3_EN":"Camalaniugan","ADM3_PCODE":"PH0201510","ADM2_EN":"Cagayan","ADM2_PCODE":"PH02015","ADM1_EN":"Region II (Cagayan Valley)","ADM1_PCODE":"PH02","ADM0_EN":"Philippines (the)","ADM0_PCODE":"PH","date":"2022/11/09","validOn":"2023/11/06","validTo":null,"Shape_Leng":0.0953872375862,"Shape_Area":0.000343080005046,"AREA_SQKM":4.01497862695},"id":"PH0201510003"},{"arcs":[[-15,16,17,18,19,20]],"type":"Polygon","properties":{"ADM4_EN":"Alilinu","ADM4_PCODE":"PH0201510004","ADM4_REF":null,"ADM3_EN":"Camalaniugan","ADM3_PCODE":"PH0201510","ADM2_EN":"Cagayan","ADM2_PCODE":"PH02015","ADM1_EN":"Region II (Cagayan Valley)","ADM1_PCODE":"PH02","ADM0_EN":"Philippines (the)","ADM0_PCODE":"PH","date":"2022/11/09","validOn":"2023/11/06","validTo":null,"Shape_Leng":0.0983164331468,"Shape_Area":0.000323463717831,"AREA_SQKM":3.7852419713},"id":"PH0201510004"},{"arcs":[[21,22,23,24,-12,25]],"type":"Polygon","properties":{"ADM4_EN":"Baggao","ADM4_PCODE":"PH0201510005","ADM4_REF":null,"ADM3_EN":"Camalaniugan","ADM3_PCODE":"PH0201510","ADM2_EN":"Cagayan","ADM2_PCODE":"PH02015","ADM1_EN":"Region II (Cagayan Valley)","ADM1_PCODE":"PH02","ADM0_EN":"Philippines (the)","ADM0_PCODE":"PH","date":"2022/11/09","validOn":"2023/11/06","validTo":null,"Shape_Leng":0.0780386745682,"Shape_Area":0.000258856288904,"AREA_SQKM":3.02947312182},"id":"PH0201510005"},{"arcs":[[26,27,28,29,30]],"type":"Polygon","properties":{"ADM4_EN":"Bantay","ADM4_PCODE":"PH0201510006","ADM4_REF":null,"ADM3_EN":"Camalaniugan","ADM3_PCODE":"PH0201510","ADM2_EN":"Cagayan","ADM2_PCODE":"PH02015","ADM1_EN":"Region II (Cagayan Valley)","ADM1_PCODE":"PH02","ADM0_EN":"Philippines (the)","ADM0_PCODE":"PH","date":"2022/11/09","validOn":"2023/11/06","validTo":null,"Shape_Leng":0.0467015835697,"Shape_Area":0.000101292851542,"AREA_SQKM":1.18564069567},"id":"PH0201510006"},{"arcs":[[31,-31,32,33,34,35]],"type":"Polygon","properties":{"ADM4_EN":"Bulala","ADM4_PCODE":"PH0201510007","ADM4_REF":null,"ADM3_EN":"Camalaniugan","ADM3_PCODE":"PH0201510","ADM2_EN":"Cagayan","ADM2_PCODE":"PH02015","ADM1_EN":"Region II (Cagayan Valley)","ADM1_PCODE":"PH02","ADM0_EN":"Philippines (the)","ADM0_PCODE":"PH","date":"2022/11/09","validOn":"2023/11/06","validTo":null,"Shape_Leng":0.0690620525211,"Shape_Area":0.000147684055301,"AREA_SQKM":1.72855404249},"id":"PH0201510007"},{"arcs":[[36,37,38,-26,-16,-21,39]],"type":"Polygon","properties":{"ADM4_EN":"Casili Norte","ADM4_PCODE":"PH0201510009","ADM4_REF":null,"ADM3_EN":"Camalaniugan","ADM3_PCODE":"PH0201510","ADM2_EN":"Cagayan","ADM2_PCODE":"PH02015","ADM1_EN":"Region II (Cagayan Valley)","ADM1_PCODE":"PH02","ADM0_EN":"Philippines (the)","ADM0_PCODE":"PH","date":"2022/11/09","validOn":"2023/11/06","validTo":null,"Shape_Leng":0.133856649115,"Shape_Area":0.000877889496373,"AREA_SQKM":10.2736670461},"id":"PH0201510009"},{"arcs":[[-19,40,41]],"type":"Polygon","properties":{"ADM4_EN":"Catotoran Norte","ADM4_PCODE":"PH0201510010","ADM4_REF":null,"ADM3_EN":"Camalaniugan","ADM3_PCODE":"PH0201510","ADM2_EN":"Cagayan","ADM2_PCODE":"PH02015","ADM1_EN":"Region II (Cagayan Valley)","ADM1_PCODE":"PH02","ADM0_EN":"Philippines (the)","ADM0_PCODE":"PH","date":"2022/11/09","validOn":"2023/11/06","validTo":null,"Shape_Leng":0.0814645300474,"Shape_Area":0.000128787823999,"AREA_SQKM":1.50706051027},"id":"PH0201510010"},{"arcs":[[42,43,-13,-25]],"type":"Polygon","properties":{"ADM4_EN":"Centro Norte (Pob.)","ADM4_PCODE":"PH0201510011","ADM4_REF":null,"ADM3_EN":"Camalaniugan","ADM3_PCODE":"PH0201510","ADM2_EN":"Cagayan","ADM2_PCODE":"PH02015","ADM1_EN":"Region II (Cagayan Valley)","ADM1_PCODE":"PH02","ADM0_EN":"Philippines (the)","ADM0_PCODE":"PH","date":"2022/11/09","validOn":"2023/11/06","validTo":null,"Shape_Leng":0.0221532291791,"Shape_Area":0.0000287265172048,"AREA_SQKM":0.336204260573},"id":"PH0201510011"},{"arcs":[[44,45,-43,-24]],"type":"Polygon","properties":{"ADM4_EN":"Centro Sur (Pob.)","ADM4_PCODE":"PH0201510012","ADM4_REF":null,"ADM3_EN":"Camalaniugan","ADM3_PCODE":"PH0201510","ADM2_EN":"Cagayan","ADM2_PCODE":"PH02015","ADM1_EN":"Region II (Cagayan Valley)","ADM1_PCODE":"PH02","ADM0_EN":"Philippines (the)","ADM0_PCODE":"PH","date":"2022/11/09","validOn":"2023/11/06","validTo":null,"Shape_Leng":0.0186565900313,"Shape_Area":0.0000163000337815,"AREA_SQKM":0.19077276586},"id":"PH0201510012"},{"arcs":[[46,-1,47]],"type":"Polygon","properties":{"ADM4_EN":"Cullit","ADM4_PCODE":"PH0201510013",