{"type":"Topology","arcs":[[[521,1524],[-9,-11],[-27,-97]],[[485,1416],[-40,0]],[[445,1416],[-8,16]],[[437,1432],[28,24],[32,86]],[[497,1542],[24,-18]],[[1094,1315],[-51,46],[-95,28],[-78,29],[-100,10],[-58,25],[-23,-12],[-57,47]],[[632,1488],[-41,18]],[[591,1506],[35,153],[30,90],[-18,30],[-55,44]],[[583,1823],[113,40],[22,18],[179,19],[115,-14],[29,-168],[25,-213],[28,-190]],[[497,1291],[-40,-97]],[[457,1194],[-52,-87],[-13,-45]],[[392,1062],[-106,10],[-24,10],[-53,-6],[-35,37]],[[174,1113],[12,27],[40,154]],[[226,1294],[210,-14],[61,11]],[[249,547],[-18,-52],[-33,-34]],[[198,461],[1,-54],[-38,-68]],[[161,339],[-113,-8]],[[48,331],[-34,69],[-14,91],[7,85]],[[7,576],[144,-20],[98,-9]],[[1094,1315],[-24,-107],[-30,-33]],[[1040,1175],[-66,47],[-94,20],[-67,-12]],[[813,1230],[9,59],[-13,57],[-27,15],[-171,3],[-36,29]],[[575,1393],[-2,14]],[[573,1407],[40,31],[19,50]],[[474,872],[-12,-69],[29,-47],[5,-74],[19,-26],[46,-15],[120,-26]],[[681,615],[-37,-44]],[[644,571],[-144,46],[-101,42],[-131,33]],[[268,692],[-21,23],[58,17],[36,61]],[[341,793],[14,10],[-1,67],[58,62]],[[412,932],[62,-60]],[[573,1407],[-58,21]],[[515,1428],[24,71]],[[539,1499],[52,7]],[[866,1003],[-67,-189],[-56,-111],[-62,-88]],[[474,872],[54,-19],[52,-3],[112,22],[60,60],[26,98]],[[778,1030],[88,-27]],[[437,1432],[-29,53],[-16,55],[-45,61],[-52,17]],[[295,1618],[24,57]],[[319,1675],[62,-17],[24,-30],[56,-47],[-3,-27],[39,-12]],[[813,1230],[-19,-41],[-14,-130]],[[780,1059],[-194,63],[-111,67],[-18,5]],[[497,1291],[41,-1],[27,42],[-1,34]],[[564,1366],[11,27]],[[498,283],[-26,-75]],[[472,208],[-270,100],[-41,31]],[[198,461],[25,-35],[52,-25],[19,-31],[24,-7],[180,-80]],[[497,1291],[2,34],[-35,57]],[[464,1382],[30,2],[70,-18]],[[392,1062],[-5,-52],[7,-46]],[[394,964],[-143,-1],[-44,26],[-5,23],[-35,5],[-45,32]],[[122,1049],[52,64]],[[445,1416],[19,-34]],[[226,1294],[40,144],[22,61],[7,119]],[[1040,1175],[-74,-39],[-31,-25],[-69,-108]],[[778,1030],[2,29]],[[394,964],[18,-32]],[[341,793],[-24,-4],[-39,35],[-24,50],[-33,32],[-111,27]],[[110,933],[10,42],[2,74]],[[472,208],[-23,-79],[-17,-129],[-179,42],[22,93],[-28,19],[-33,-22],[-32,2],[-27,28],[-107,169]],[[539,1499],[-18,25]],[[319,1675],[8,27],[72,38],[184,83]],[[485,1416],[30,12]],[[575,452],[-77,-169]],[[249,547],[15,65]],[[264,612],[58,-17],[80,-38],[52,-39],[121,-66]],[[268,692],[-4,-80]],[[7,576],[11,96],[40,127],[52,134]],[[644,571],[-69,-119]]],"transform":{"scale":[0.0000681509826325369,0.00005989662789473689],"translate":[120.61153804500009,18.072273680000023]},"objects":{"bgysubmuns-municity-ph0102821":{"type":"GeometryCollection","geometries":[{"arcs":[[0,1,2,3,4]],"type":"Polygon","properties":{"ADM4_EN":"San Agustin (Pob.)","ADM4_PCODE":"PH0102821001","ADM4_REF":null,"ADM3_EN":"Sarrat","ADM3_PCODE":"PH0102821","ADM2_EN":"Ilocos Norte","ADM2_PCODE":"PH01028","ADM1_EN":"Region I (Ilocos Region)","ADM1_PCODE":"PH01","ADM0_EN":"Philippines (the)","ADM0_PCODE":"PH","date":"2022/11/09","validOn":"2023/11/06","validTo":null,"Shape_Leng":0.0213252032084,"Shape_Area":0.0000158620335362,"AREA_SQKM":0.185762880486},"id":"PH0102821001"},{"arcs":[[5,6,7,8]],"type":"Polygon","properties":{"ADM4_EN":"San Andres","ADM4_PCODE":"PH0102821002","ADM4_REF":null,"ADM3_EN":"Sarrat","ADM3_PCODE":"PH0102821","ADM2_EN":"Ilocos Norte","ADM2_PCODE":"PH01028","ADM1_EN":"Region I (Ilocos Region)","ADM1_PCODE":"PH01","ADM0_EN":"Philippines (the)","ADM0_PCODE":"PH","date":"2022/11/09","validOn":"2023/11/06","validTo":null,"Shape_Leng":0.125867512166,"Shape_Area":0.000820261801637,"AREA_SQKM":9.6056757665},"id":"PH0102821002"},{"arcs":[[9,10,11,12,13]],"type":"Polygon","properties":{"ADM4_EN":"San Antonio","ADM4_PCODE":"PH0102821003","ADM4_REF":null,"ADM3_EN":"Sarrat","ADM3_PCODE":"PH0102821","ADM2_EN":"Ilocos Norte","ADM2_PCODE":"PH01028","ADM1_EN":"Region I (Ilocos Region)","ADM1_PCODE":"PH01","ADM0_EN":"Philippines (the)","ADM0_PCODE":"PH","date":"2022/11/09","validOn":"2023/11/06","validTo":null,"Shape_Leng":0.0615676127158,"Shape_Area":0.000215604362047,"AREA_SQKM":2.52521842997},"id":"PH0102821003"},{"arcs":[[14,15,16,17,18]],"type":"Polygon","properties":{"ADM4_EN":"San Bernabe","ADM4_PCODE":"PH0102821004","ADM4_REF":null,"ADM3_EN":"Sarrat","ADM3_PCODE":"PH0102821","ADM2_EN":"Ilocos Norte","ADM2_PCODE":"PH01028","ADM1_EN":"Region I (Ilocos Region)","ADM1_PCODE":"PH01","ADM0_EN":"Philippines (the)","ADM0_PCODE":"PH","date":"2022/11/09","validOn":"2023/11/06","validTo":null,"Shape_Leng":0.0557039558064,"Shape_Area":0.000179824296267,"AREA_SQKM":2.1066616697},"id":"PH0102821004"},{"arcs":[[19,20,21,22,23,-6]],"type":"Polygon","properties":{"ADM4_EN":"San Cristobal","ADM4_PCODE":"PH0102821005","ADM4_REF":null,"ADM3_EN":"Sarrat","ADM3_PCODE":"PH0102821","ADM2_EN":"Ilocos Norte","ADM2_PCODE":"PH01028","ADM1_EN":"Region I (Ilocos Region)","ADM1_PCODE":"PH01","ADM0_EN":"Philippines (the)","ADM0_PCODE":"PH","date":"2022/11/09","validOn":"2023/11/06","validTo":null,"Shape_Leng":0.0919268330325,"Shape_Area":0.000260962542561,"AREA_SQKM":3.05631151924},"id":"PH0102821005"},{"arcs":[[24,25,26,27,28,29]],"type":"Polygon","properties":{"ADM4_EN":"San Felipe","ADM4_PCODE":"PH0102821006","ADM4_REF":null,"ADM3_EN":"Sarrat","ADM3_PCODE":"PH0102821","ADM2_EN":"Ilocos Norte","ADM2_PCODE":"PH01028","ADM1_EN":"Region I (Ilocos Region)","ADM1_PCODE":"PH01","ADM0_EN":"Philippines (the)","ADM0_PCODE":"PH","date":"2022/11/09","validOn":"2023/11/06","validTo":null,"Shape_Leng":0.0849874706445,"Shape_Area":0.000187659588197,"AREA_SQKM":2.19825145009},"id":"PH0102821006"},{"arcs":[[-7,-24,30,31,32]],"type":"Polygon","properties":{"ADM4_EN":"San Francisco (Pob.)","ADM4_PCODE":"PH0102821007","ADM4_REF":null,"ADM3_EN":"Sarrat","ADM3_PCODE":"PH0102821","ADM2_EN":"Ilocos Norte","ADM2_PCODE":"PH01028","ADM1_EN":"Region I (Ilocos Region)","ADM1_PCODE":"PH01","ADM0_EN":"Philippines (the)","ADM0_PCODE":"PH","date":"2022/11/09","validOn":"2023/11/06","validTo":null,"Shape_Leng":0.0221326243289,"Shape_Area":0.0000319815277649,"AREA_SQKM":0.374542014567},"id":"PH0102821007"},{"arcs":[[33,-25,34,35]],"type":"Polygon","properties":{"ADM4_EN":"San Isidro","ADM4_PCODE":"PH0102821008","ADM4_REF":null,"ADM3_EN":"Sarrat","ADM3_PCODE":"PH0102821","ADM2_EN":"Ilocos Norte","ADM2_PCODE":"PH01028","ADM1_EN":"Region I (Ilocos Region)","ADM1_PCODE":"PH01","ADM0_EN":"Philippines (the)","ADM0_PCODE":"PH","date":"2022/11/09","validOn":"2023/11/06","validTo":null,"Shape_Leng":0.0855647244771,"Shape_Area":0.000317391625453,"AREA_SQKM":3.71786613006},"id":"PH0102821008"},{"arcs":[[-4,36,37,38]],"type":"Polygon","properties":{"ADM4_EN":"San Joaquin (Pob.)","ADM4_PCODE":"PH0102821009","ADM4_REF":null,"ADM3_EN":"Sarrat","ADM3_PCODE":"PH0102821","ADM2_EN":"Ilocos Norte","ADM2_PCODE":"PH01028","ADM1_EN":"Region I (Ilocos Region)","ADM1_PCODE":"PH01","ADM0_EN":"Philippines (the)","ADM0_PCODE":"PH","date":"2022/11/09","validOn":"2023/11/06","validTo":null,"Shape_Leng":0.0443287364625,"Shape_Area":0.0000755658611881,"AREA_SQKM":0.884935857287},"id":"PH0102821009"},{"arcs":[[39,40,-10,41,42,-22]],"type":"Polygon","properties":{"ADM4_EN":"San Jose","ADM4_PCODE":"PH0102821010","ADM4_REF":null,"ADM3_EN":"Sarrat","ADM3_PCODE":"PH0102821","ADM2_EN":"Ilocos Norte","ADM2_PCODE":"PH01028","ADM1_EN":"Region I (Ilocos Region)","ADM1_PCODE":"PH01","ADM0_EN":"Philippines (the)","ADM0_PCODE":"PH","date":"2022/11/09","validOn":"2023/11/06","validTo":null,"Shape_Leng":0.0752318050993,"Shape_Area":0.000310768990706,"AREA_SQKM":3.6397564094},"id":"PH0102821010"},{"arcs":[[43,44,-16,45]],"type":"Polygon","properties":{"ADM4_EN":"San Juan","ADM4_PCODE":"PH0102821011","ADM4_REF":null,"ADM3_EN":"Sarrat","ADM3_PCODE":"PH0102821","ADM2_EN":"Ilocos Norte","ADM2_PCODE":"PH01028","ADM1_EN":"Region I (Ilocos Region)","ADM1_PCODE":"PH01","ADM0_EN":"Philippines (the)","ADM0_PCODE":"PH","date":"2022/11/09","validOn":"2023/11/06","validTo":null,"Shape_Leng":0.0633609409011,"Shape_Area":0.000127727612373,"AREA_SQKM":1.49641500278},