{"type":"Topology","arcs":[[[468,932],[4,-160]],[[472,772],[-67,-15],[-121,-14],[-30,-6]],[[254,737],[-27,108],[-7,28],[-39,160],[-14,60],[-9,37],[-11,51]],[[147,1181],[24,-3],[282,41]],[[453,1219],[10,-152],[5,-135]],[[659,25],[-76,13],[-21,2],[-25,-10],[-40,2],[-73,1],[-93,-10]],[[331,23],[-29,237],[0,159]],[[302,419],[29,-3]],[[331,416],[5,17],[17,10],[8,-1],[19,-15],[3,-26],[14,-7],[2,-7],[-17,-21],[-5,-15],[4,-23],[9,-43],[7,-17],[9,-13],[25,-2],[7,4],[6,44],[11,20],[2,69],[4,31],[0,22],[4,21],[7,10]],[[472,474],[90,-94],[97,-355]],[[1255,13],[-12,1],[-32,0],[-11,-2],[-22,2],[-23,0],[-64,3],[-15,-2]],[[1076,15],[-171,442],[-25,51]],[[880,508],[60,67],[124,125]],[[1064,700],[103,-382],[88,-305]],[[315,496],[6,-25],[-2,-5],[12,-50]],[[302,419],[-28,-10],[-22,-10],[-21,11],[-12,1],[-17,-8],[-30,4],[-25,10],[-14,0],[-6,-12]],[[127,405],[2,17],[5,8],[16,11],[14,21],[5,16],[-4,18],[3,12],[-3,57]],[[165,565],[126,23]],[[291,588],[21,-92],[3,0]],[[1940,227],[-169,194],[-10,7],[-60,31],[-144,244]],[[1557,703],[144,50],[534,248],[235,79]],[[2470,1080],[32,-55],[23,-44],[80,-323],[-389,-250],[-276,-181]],[[463,565],[-6,7],[-23,0],[-11,-10],[-4,-13],[0,-25],[-4,-8],[-17,-12],[-83,-8]],[[291,588],[-5,23],[-17,62],[-15,64]],[[472,772],[-9,-207]],[[463,565],[2,-6],[7,-85]],[[165,565],[-76,-7]],[[89,558],[-5,111],[0,34],[-4,28],[-1,63],[-7,70],[-4,50],[-10,82],[-7,24],[-2,23],[0,30],[-3,17],[-4,55],[-5,26]],[[37,1171],[2,0],[52,5],[56,5]],[[1019,976],[-256,-41],[-104,-28],[-191,25]],[[453,1219],[-2,265]],[[451,1484],[330,12],[228,10]],[[1009,1506],[10,-530]],[[1557,703],[-179,303],[-252,-16]],[[1126,990],[-107,-14]],[[1009,1506],[412,16],[66,-7],[40,-5],[46,-5],[31,-4],[44,-10],[19,-6],[21,30],[26,-26],[33,-37],[40,-37],[133,-23],[84,-16],[67,-11],[36,-7],[100,-16],[123,-21],[35,-8],[105,-17],[-2,-50],[1,-96],[-1,-36],[2,-34]],[[880,508],[-167,86],[-241,178]],[[1126,990],[-62,-290]],[[1940,227],[-30,-9],[-33,-13],[-35,-10],[-118,-44],[-48,-16],[-46,-13],[-57,-14],[-14,-13],[-107,-29],[-87,-23],[-110,-30]],[[127,405],[-8,-25],[-18,-38],[-20,-18]],[[81,324],[3,82],[0,18],[3,26],[0,36],[3,31],[-1,41]],[[331,23],[-250,-23],[-31,13],[3,11],[10,74],[8,41],[4,37],[0,29],[3,11],[3,53],[-1,29],[1,26]],[[1076,15],[-101,3],[-72,5],[-88,1],[-48,-1],[-37,-2],[-56,2],[-15,2]],[[147,1181],[-17,71],[-25,94],[-12,56]],[[93,1402],[57,10],[196,68],[105,4]],[[37,1171],[-4,19],[-5,2],[-5,50],[-3,44],[-4,24],[-16,75],[5,1],[88,16]]],"transform":{"scale":[0.000038441679462554654,0.00003199524638636345],"translate":[120.3312580290001,16.414810416000023]},"objects":{"bgysubmuns-municity-ph0103309":{"type":"GeometryCollection","geometries":[{"arcs":[[0,1,2,3,4]],"type":"Polygon","properties":{"ADM4_EN":"Bautista","ADM4_PCODE":"PH0103309001","ADM4_REF":null,"ADM3_EN":"Caba","ADM3_PCODE":"PH0103309","ADM2_EN":"La Union","ADM2_PCODE":"PH01033","ADM1_EN":"Region I (Ilocos Region)","ADM1_PCODE":"PH01","ADM0_EN":"Philippines (the)","ADM0_PCODE":"PH","date":"2022/11/09","validOn":"2023/11/06","validTo":null,"Shape_Leng":0.0494452565957,"Shape_Area":0.000147266069372,"AREA_SQKM":1.74040898493},"id":"PH0103309001"},{"arcs":[[5,6,7,8,9]],"type":"Polygon","properties":{"ADM4_EN":"Gana","ADM4_PCODE":"PH0103309002","ADM4_REF":null,"ADM3_EN":"Caba","ADM3_PCODE":"PH0103309","ADM2_EN":"La Union","ADM2_PCODE":"PH01033","ADM1_EN":"Region I (Ilocos Region)","ADM1_PCODE":"PH01","ADM0_EN":"Philippines (the)","ADM0_PCODE":"PH","date":"2022/11/09","validOn":"2023/11/06","validTo":null,"Shape_Leng":0.0607606479915,"Shape_Area":0.000129863400244,"AREA_SQKM":1.534934058},"id":"PH0103309002"},{"arcs":[[10,11,12,13]],"type":"Polygon","properties":{"ADM4_EN":"Juan Cartas","ADM4_PCODE":"PH0103309003","ADM4_REF":null,"ADM3_EN":"Caba","ADM3_PCODE":"PH0103309","ADM2_EN":"La Union","ADM2_PCODE":"PH01033","ADM1_EN":"Region I (Ilocos Region)","ADM1_PCODE":"PH01","ADM0_EN":"Philippines (the)","ADM0_PCODE":"PH","date":"2022/11/09","validOn":"2023/11/06","validTo":null,"Shape_Leng":0.0569263771807,"Shape_Area":0.000151895441572,"AREA_SQKM":1.79530969579},"id":"PH0103309003"},{"arcs":[[14,-8,15,16,17,18]],"type":"Polygon","properties":{"ADM4_EN":"Las-ud","ADM4_PCODE":"PH0103309004","ADM4_REF":null,"ADM3_EN":"Caba","ADM3_PCODE":"PH0103309","ADM2_EN":"La Union","ADM2_PCODE":"PH01033","ADM1_EN":"Region I (Ilocos Region)","ADM1_PCODE":"PH01","ADM0_EN":"Philippines (the)","ADM0_PCODE":"PH","date":"2022/11/09","validOn":"2023/11/06","validTo":null,"Shape_Leng":0.0252871393751,"Shape_Area":0.0000315270641047,"AREA_SQKM":0.372620795345},"id":"PH0103309004"},{"arcs":[[19,20,21]],"type":"Polygon","properties":{"ADM4_EN":"Liquicia","ADM4_PCODE":"PH0103309005","ADM4_REF":null,"ADM3_EN":"Caba","ADM3_PCODE":"PH0103309","ADM2_EN":"La Union","ADM2_PCODE":"PH01033","ADM1_EN":"Region I (Ilocos Region)","ADM1_PCODE":"PH01","ADM0_EN":"Philippines (the)","ADM0_PCODE":"PH","date":"2022/11/09","validOn":"2023/11/06","validTo":null,"Shape_Leng":0.102292054029,"Shape_Area":0.000584766965455,"AREA_SQKM":6.91120515126},"id":"PH0103309005"},{"arcs":[[22,-19,23,-2,24]],"type":"Polygon","properties":{"ADM4_EN":"Poblacion Norte","ADM4_PCODE":"PH0103309006","ADM4_REF":null,"ADM3_EN":"Caba","ADM3_PCODE":"PH0103309","ADM2_EN":"La Union","ADM2_PCODE":"PH01033","ADM1_EN":"Region I (Ilocos Region)","ADM1_PCODE":"PH01","ADM0_EN":"Philippines (the)","ADM0_PCODE":"PH","date":"2022/11/09","validOn":"2023/11/06","validTo":null,"Shape_Leng":0.0307685515472,"Shape_Area":0.0000537037493627,"AREA_SQKM":0.634712869746},"id":"PH0103309006"},{"arcs":[[25,-9,-15,-23]],"type":"Polygon","properties":{"ADM4_EN":"Poblacion Sur","ADM4_PCODE":"PH0103309007","ADM4_REF":null,"ADM3_EN":"Caba","ADM3_PCODE":"PH0103309","ADM2_EN":"La Union","ADM2_PCODE":"PH01033","ADM1_EN":"Region I (Ilocos Region)","ADM1_PCODE":"PH01","ADM0_EN":"Philippines (the)","ADM0_PCODE":"PH","date":"2022/11/09","validOn":"2023/11/06","validTo":null,"Shape_Leng":0.0305794235706,"Shape_Area":0.0000308035635058,"AREA_SQKM":0.364073479723},"id":"PH0103309007"},{"arcs":[[-24,-18,26,27,28,-3]],"type":"Polygon","properties":{"ADM4_EN":"San Carlos","ADM4_PCODE":"PH0103309009","ADM4_REF":null,"ADM3_EN":"Caba","ADM3_PCODE":"PH0103309","ADM2_EN":"La Union","ADM2_PCODE":"PH01033","ADM1_EN":"Region I (Ilocos Region)","ADM1_PCODE":"PH01","ADM0_EN":"Philippines (the)","ADM0_PCODE":"PH","date":"2022/11/09","validOn":"2023/11/06","validTo":null,"Shape_Leng":0.0521167487148,"Shape_Area":0.000113572190442,"AREA_SQKM":1.34224176754},"id":"PH0103309009"},{"arcs":[[29,-5,30,31,32]],"type":"Polygon","properties":{"ADM4_EN":"San Cornelio","ADM4_PCODE":"PH0103309010","ADM4_REF":null,"ADM3_EN":"Caba","ADM3_PCODE":"PH0103309","ADM2_EN":"La Union","ADM2_PCODE":"PH01033","ADM1_EN":"Region I (Ilocos Region)","ADM1_PCODE":"PH01","ADM0_EN":"Philippines (the)","ADM0_PCODE":"PH","date":"2022/11/09","validOn":"2023/11/06","validTo":null,"Shape_Leng":0.0775332410457,"Shape_Area":0.00038329735582,"AREA_SQKM":4.52968994346},"id":"PH0103309010"},{"arcs":[[-21,33,34,-33,35]],"type":"Polygon","properties":{"ADM4_EN":"San Fermin","ADM4_PCODE":"PH0103309011","ADM4_REF":null,"ADM3_EN":"Caba","ADM3_PCODE":"PH0103309","ADM2_EN":"La Union","ADM2_PCODE":"PH01033","ADM1_EN":"Region I (Ilocos Region)","ADM1_PCODE":"PH01","ADM0_EN":"Philippines (the)","ADM0_PCODE":"PH","date":"2022/11/09","validOn":"2023/11/06","validTo":null,"Shape_Leng":0.1448828497,"Shape_Area":0.00093018138362,"AREA_SQKM":10.992677799},"id":"PH0103309011"},{"arcs":[[-13,36,-1,-30,-35,37]],"type":"Polygon","properties":{"ADM4_EN":"San Gregorio","ADM4_PCODE":"PH0103309012","ADM4_REF":null,"ADM3_EN":"Caba","ADM3_PCODE":"PH0103309","ADM2_EN":"La Union","ADM2_PCODE":"PH01033","ADM1_EN":"Region I (Ilocos Region)","ADM1_PCODE":"PH01","ADM0_EN":"Philippines (the)","ADM0_PCODE":"PH","date":"2022/11/09","validOn":"2023/11/06","validTo":null,"Shape_Leng":0.0674818334423,"Shape_Area":0.000242795521702,"AREA_SQKM":2.86948436545},"id":"PH0103309012"},{"arcs":[[-20,38,-14,-38,-34]],"type":"Polygon",