{"type":"Topology","arcs":[[[287,445],[13,-25],[57,-95]],[[357,325],[258,-242]],[[615,83],[-28,-22]],[[587,61],[-241,231],[-78,109],[-15,17],[-65,170]],[[188,588],[8,6],[6,23]],[[202,617],[80,-160],[5,-12]],[[683,355],[-63,-18]],[[620,337],[-77,132],[-11,-9],[-11,17]],[[521,477],[71,47]],[[592,524],[9,-18],[82,-151]],[[334,668],[3,-19],[14,-22],[6,-15],[15,-19],[12,-38],[6,-28],[7,-18]],[[397,509],[-1,-13]],[[396,496],[-1,-3]],[[395,493],[-44,-25]],[[351,468],[-4,-3]],[[347,465],[-98,179]],[[249,644],[25,19],[11,-5],[15,7],[34,3]],[[445,535],[8,-16]],[[453,519],[-45,-21],[-12,-2]],[[397,509],[17,7],[-46,162]],[[368,678],[18,9]],[[386,687],[59,-152]],[[403,461],[-23,-13],[12,-46]],[[392,402],[-9,-6]],[[383,396],[-27,55],[-5,17]],[[395,493],[8,-32]],[[587,61],[-46,-38]],[[541,23],[-232,165],[-92,132],[-109,241],[-13,25]],[[95,586],[15,1],[19,-14],[15,13],[10,-12],[13,1],[21,13]],[[383,396],[-19,-12],[14,-27]],[[378,357],[-14,-11]],[[364,346],[-37,72],[-17,20],[4,7]],[[314,445],[33,20]],[[558,320],[-34,-88]],[[524,232],[-146,125]],[[392,402],[3,-14],[60,37],[3,-5],[34,21]],[[492,441],[66,-121]],[[786,383],[-103,-28]],[[592,524],[26,16],[28,27]],[[646,567],[27,-42],[113,-142]],[[489,539],[7,-15]],[[496,524],[14,-27]],[[510,497],[11,-20]],[[620,337],[-62,-17]],[[492,441],[-25,50]],[[467,491],[-14,28]],[[445,535],[34,23],[10,-19]],[[1090,466],[-395,286]],[[695,752],[-80,58]],[[615,810],[-3,5],[-1,47],[16,66],[4,7],[44,-23],[555,-336],[-140,-110]],[[695,752],[-100,-111],[-29,-33]],[[566,608],[-19,32],[-40,60]],[[507,700],[33,15],[34,23],[31,41],[5,3],[5,28]],[[1053,434],[-25,-21]],[[1028,413],[-319,261],[-78,-72],[-8,-11],[-23,-18],[-90,-76]],[[496,524],[125,91],[86,93],[346,-274]],[[1028,413],[-37,-31]],[[991,382],[-48,37]],[[943,419],[-245,198],[-52,-50]],[[943,419],[-157,-36]],[[1090,466],[-37,-32]],[[489,539],[33,25]],[[522,564],[44,44]],[[364,346],[-7,-21]],[[287,445],[18,16],[9,-16]],[[334,668],[21,2],[13,8]],[[403,461],[22,13],[42,17]],[[458,691],[64,-127]],[[386,687],[13,14],[40,-11],[19,1]],[[541,23],[-51,-23],[-133,92],[-65,39],[-33,30],[-87,93],[-40,88],[-13,19],[-22,21],[-20,13],[-32,40],[-9,25],[-18,14],[-3,22],[-15,20],[4,7],[30,3],[11,20],[27,7],[20,14],[3,19]],[[524,232],[133,-114]],[[657,118],[-42,-35]],[[991,382],[-147,-123],[-40,-12],[-133,-117],[-14,-12]],[[458,691],[31,1],[9,11],[9,-3]],[[202,617],[47,27]]],"transform":{"scale":[0.0000459298845528356,0.000040557917647071826],"translate":[124.33818673000007,7.899170586000025]},"objects":{"bgysubmuns-municity-ph1903619":{"type":"GeometryCollection","geometries":[{"arcs":[[0,1,2,3,4,5]],"type":"Polygon","properties":{"ADM4_EN":"Bangon","ADM4_PCODE":"PH1903619002","ADM4_REF":null,"ADM3_EN":"Mulondo","ADM3_PCODE":"PH1903619","ADM2_EN":"Lanao del Sur","ADM2_PCODE":"PH19036","ADM1_EN":"Bangsamoro Autonomous Region In Muslim Mindanao (BARMM)","ADM1_PCODE":"PH19","ADM0_EN":"Philippines (the)","ADM0_PCODE":"PH","date":"2022/11/09","validOn":"2023/11/06","validTo":null,"Shape_Leng":0.0610240606035,"Shape_Area":0.0000425920272295,"AREA_SQKM":0.519409362894},"id":"PH1903619002"},{"arcs":[[6,7,8,9]],"type":"Polygon","properties":{"ADM4_EN":"Bubonga Guilopa","ADM4_PCODE":"PH1903619005","ADM4_REF":null,"ADM3_EN":"Mulondo","ADM3_PCODE":"PH1903619","ADM2_EN":"Lanao del Sur","ADM2_PCODE":"PH19036","ADM1_EN":"Bangsamoro Autonomous Region In Muslim Mindanao (BARMM)","ADM1_PCODE":"PH19","ADM0_EN":"Philippines (the)","ADM0_PCODE":"PH","date":"2022/11/09","validOn":"2023/11/06","validTo":null,"Shape_Leng":0.0226062729381,"Shape_Area":0.0000229452180279,"AREA_SQKM":0.279813745076},"id":"PH1903619005"},{"arcs":[[10,11,12,13,14,15,16]],"type":"Polygon","properties":{"ADM4_EN":"Buadi-Abala","ADM4_PCODE":"PH1903619006","ADM4_REF":null,"ADM3_EN":"Mulondo","ADM3_PCODE":"PH1903619","ADM2_EN":"Lanao del Sur","ADM2_PCODE":"PH19036","ADM1_EN":"Bangsamoro Autonomous Region In Muslim Mindanao (BARMM)","ADM1_PCODE":"PH19","ADM0_EN":"Philippines (the)","ADM0_PCODE":"PH","date":"2022/11/09","validOn":"2023/11/06","validTo":null,"Shape_Leng":0.023662377674,"Shape_Area":0.0000284705204941,"AREA_SQKM":0.347189141653},"id":"PH1903619006"},{"arcs":[[17,18,-12,19,20,21]],"type":"Polygon","properties":{"ADM4_EN":"Buadi-Bayawa","ADM4_PCODE":"PH1903619007","ADM4_REF":null,"ADM3_EN":"Mulondo","ADM3_PCODE":"PH1903619","ADM2_EN":"Lanao del Sur","ADM2_PCODE":"PH19036","ADM1_EN":"Bangsamoro Autonomous Region In Muslim Mindanao (BARMM)","ADM1_PCODE":"PH19","ADM0_EN":"Philippines (the)","ADM0_PCODE":"PH","date":"2022/11/09","validOn":"2023/11/06","validTo":null,"Shape_Leng":0.0199668103999,"Shape_Area":0.0000101539668592,"AREA_SQKM":0.123824365548},"id":"PH1903619007"},{"arcs":[[22,23,24,-14,25]],"type":"Polygon","properties":{"ADM4_EN":"Buadi-Insuba","ADM4_PCODE":"PH1903619008","ADM4_REF":null,"ADM3_EN":"Mulondo","ADM3_PCODE":"PH1903619","ADM2_EN":"Lanao del Sur","ADM2_PCODE":"PH19036","ADM1_EN":"Bangsamoro Autonomous Region In Muslim Mindanao (BARMM)","ADM1_PCODE":"PH19","ADM0_EN":"Philippines (the)","ADM0_PCODE":"PH","date":"2022/11/09","validOn":"2023/11/06","validTo":null,"Shape_Leng":0.0105058593061,"Shape_Area":0.00000428943391114,"AREA_SQKM":0.0523089275289},"id":"PH1903619008"},{"arcs":[[-4,26,27,28]],"type":"Polygon","properties":{"ADM4_EN":"Bubong","ADM4_PCODE":"PH1903619010","ADM4_REF":null,"ADM3_EN":"Mulondo","ADM3_PCODE":"PH1903619","ADM2_EN":"Lanao del Sur","ADM2_PCODE":"PH19036","ADM1_EN":"Bangsamoro Autonomous Region In Muslim Mindanao (BARMM)","ADM1_PCODE":"PH19","ADM0_EN":"Philippines (the)","ADM0_PCODE":"PH","date":"2022/11/09","validOn":"2023/11/06","validTo":null,"Shape_Leng":0.0701663256775,"Shape_Area":0.000106559326368,"AREA_SQKM":1.29949310321},"id":"PH1903619010"},{"arcs":[[29,30,31,32,-15,-25]],"type":"Polygon","properties":{"ADM4_EN":"Cabasaran","ADM4_PCODE":"PH1903619011","ADM4_REF":null,"ADM3_EN":"Mulondo","ADM3_PCODE":"PH1903619","ADM2_EN":"Lanao del Sur","ADM2_PCODE":"PH19036","ADM1_EN":"Bangsamoro Autonomous Region In Muslim Mindanao (BARMM)","ADM1_PCODE":"PH19","ADM0_EN":"Philippines (the)","ADM0_PCODE":"PH","date":"2022/11/09","validOn":"2023/11/06","validTo":null,"Shape_Leng":0.0131853151208,"Shape_Area":0.00000723775819688,"AREA_SQKM":0.0882635826307},"id":"PH1903619011"},{"arcs":[[33,34,-30,-24,35,36]],"type":"Polygon","properties":{"ADM4_EN":"Cairatan","ADM4_PCODE":"PH1903619013","ADM4_REF":null,"ADM3_EN":"Mulondo","ADM3_PCODE":"PH1903619","ADM2_EN":"Lanao del Sur","ADM2_PCODE":"PH19036","ADM1_EN":"Bangsamoro Autonomous Region In Muslim Mindanao (BARMM)","ADM1_PCODE":"PH19","ADM0_EN":"Philippines (the)","ADM0_PCODE":"PH","date":"2022/11/09","validOn":"2023/11/06","validTo":null,"Shape_Leng":0.026584781231,"Shape_Area":0.000037266093455,"AREA_SQKM":0.454458465907},"id":"PH1903619013"},{"arcs":[[37,-10,38,39]],"type":"Polygon","properties":{"ADM4_EN":"Cormatan","ADM4_PCODE":"PH1903619014","ADM4_REF":null,"ADM3_EN":"Mulondo","ADM3_PCODE":"PH1903619","ADM2_EN":"Lanao del Sur","ADM2_PCODE":"PH19036","ADM1_EN":"Bangsamoro Autonomous Region In Muslim Mindanao (BARMM)","ADM1_PCODE":"PH19","ADM0_EN":"Philippines (the)","ADM0_PCODE":"PH","date":"2022/11/09","validOn":"2023/11/06","validTo":null,"Shape_Leng":0.0258944934224,"Shape_Area":0.0000323967671007,"AREA_SQKM":0.395073234264},"id":"PH1903619014"},{"arcs":[[40,41,42,-8,43,-37,44,45,-18,46]],"type":"Polygon","properties":{"ADM4_EN":"Poblacion (Dado)","ADM4_PCODE":"PH1903619015","ADM4_REF":null,"ADM3_EN":"Mulondo","ADM3_PCODE":"PH1903619","ADM2_EN":"Lanao del Sur","ADM2_PCODE":"PH19036","ADM1_EN":"Bangsamoro Autonomous Region In Muslim Mindanao (BARMM)","ADM1_PCODE":"PH19","ADM0_EN":"Philippines (the)","ADM0_PCODE":"PH","date":"2022/11/09","validOn":"2023/11/06","validTo":null,"Shape_Leng":0.0267104215289,"Shape_Area":0.000024620520172,"AREA_SQKM":0.300243845306},"id":"PH1903619015"},{"arcs":[[47,48,49]],"type":"Polygon","properties":{"ADM4_EN":"Dalama","ADM4_PCODE":"PH1903619016","ADM4_REF":null,"ADM3_EN":"Mulondo","ADM3_PCODE":"PH1903619",