{"type":"Topology","arcs":[[[932,307],[-50,-95],[-28,-66]],[[854,146],[-78,-18],[-109,-38],[-20,0]],[[647,90],[18,10],[-21,84],[42,15],[25,38],[-12,18],[32,42]],[[731,297],[45,24],[152,64]],[[928,385],[4,-78]],[[702,741],[17,-44],[-22,-42],[7,-19],[49,-27],[22,-43],[-24,-12],[-8,-100],[-14,-37],[3,-33],[-24,-53]],[[708,331],[-242,5]],[[466,336],[-17,66],[-2,112],[-67,133]],[[380,647],[205,100],[0,4]],[[585,751],[46,-11],[51,21],[20,-20]],[[342,1563],[-68,-186],[188,-88]],[[462,1289],[-137,-163],[-115,-95]],[[210,1031],[-74,49]],[[136,1080],[-5,39],[-36,21],[61,22],[-6,18],[42,35],[-25,23],[17,29],[-20,61],[23,41],[-45,151],[18,52]],[[160,1572],[182,-9]],[[968,1606],[25,-37],[-16,-42],[-28,9],[-16,-37],[-3,-44],[66,-4],[27,-30],[-26,-16],[-14,-45],[5,-44]],[[988,1316],[-172,34],[-63,7]],[[753,1357],[-181,102]],[[572,1459],[52,100]],[[624,1559],[-2,38]],[[622,1597],[171,10],[88,17],[87,-18]],[[988,1316],[-27,-33],[-11,-50],[21,-2],[4,-39],[21,-39],[-17,-35],[33,-58],[-11,-20]],[[1001,1040],[-165,-6]],[[836,1034],[-126,9],[-37,-17]],[[673,1026],[-56,80],[-32,17],[31,38]],[[616,1161],[91,73],[46,123]],[[1186,867],[-15,-168],[-39,-51]],[[1132,648],[-108,-44],[-149,12]],[[875,616],[-48,134]],[[827,750],[2,186],[7,98]],[[1001,1040],[13,-75],[33,16],[35,-6],[21,-27],[-1,-55],[49,5],[35,-31]],[[673,1026],[-127,-85],[-75,-75]],[[471,866],[-155,13]],[[316,879],[-21,2],[-85,150]],[[462,1289],[69,-68],[85,-60]],[[708,331],[23,-34]],[[647,90],[-7,-49],[-61,13],[-3,-41],[-26,-13],[5,55],[-17,50],[-62,33],[-37,42]],[[439,180],[37,69],[-10,87]],[[439,180],[-44,37],[-23,-4],[-25,-35],[-28,6],[-28,27],[-6,96],[15,53],[-84,94],[-23,1],[-23,63]],[[170,518],[49,15],[161,114]],[[572,1459],[-62,-109],[-48,-61]],[[342,1563],[26,19],[37,-3],[13,35],[53,31],[30,-14],[34,-64],[5,-36],[28,-22],[35,44],[21,6]],[[316,879],[-88,-47],[-149,-170]],[[79,662],[-22,30],[-31,89],[-20,0],[-6,47],[33,31],[7,28],[30,46],[-3,26],[24,54],[24,-19],[21,86]],[[827,750],[-125,-9]],[[585,751],[-14,93],[-100,22]],[[622,1597],[-7,155]],[[615,1752],[203,-45],[169,52],[15,-38],[-11,-58],[26,-17],[0,-31],[-49,-9]],[[160,1572],[-9,22],[37,72],[5,40],[127,-9],[147,43],[121,16],[27,-4]],[[1179,513],[-47,135]],[[1186,867],[128,-40],[19,-21],[-30,-150],[-124,-143]],[[932,307],[232,55]],[[1164,362],[-84,-231],[-95,-7],[-131,22]],[[1179,513],[20,-145],[-35,-6]],[[928,385],[-6,92],[-47,139]],[[170,518],[-30,7],[-36,63],[-25,14],[0,60]]],"transform":{"scale":[0.00009256151237807313,0.00008506766230811371],"translate":[122.62187792200008,7.883157056000074]},"objects":{"bgysubmuns-municity-ph0907221":{"type":"GeometryCollection","geometries":[{"arcs":[[0,1,2,3,4]],"type":"Polygon","properties":{"ADM4_EN":"Cabong","ADM4_PCODE":"PH0907221001","ADM4_REF":null,"ADM3_EN":"Tampilisan","ADM3_PCODE":"PH0907221","ADM2_EN":"Zamboanga del Norte","ADM2_PCODE":"PH09072","ADM1_EN":"Region IX (Zamboanga Peninsula)","ADM1_PCODE":"PH09","ADM0_EN":"Philippines (the)","ADM0_PCODE":"PH","date":"2022/11/09","validOn":"2023/11/06","validTo":null,"Shape_Leng":0.0938935483986,"Shape_Area":0.000348382895794,"AREA_SQKM":4.24861818565},"id":"PH0907221001"},{"arcs":[[5,6,7,8,9]],"type":"Polygon","properties":{"ADM4_EN":"Galingon","ADM4_PCODE":"PH0907221002","ADM4_REF":null,"ADM3_EN":"Tampilisan","ADM3_PCODE":"PH0907221","ADM2_EN":"Zamboanga del Norte","ADM2_PCODE":"PH09072","ADM1_EN":"Region IX (Zamboanga Peninsula)","ADM1_PCODE":"PH09","ADM0_EN":"Philippines (the)","ADM0_PCODE":"PH","date":"2022/11/09","validOn":"2023/11/06","validTo":null,"Shape_Leng":0.138188876042,"Shape_Area":0.000940745575282,"AREA_SQKM":11.4719286172},"id":"PH0907221002"},{"arcs":[[10,11,12,13,14]],"type":"Polygon","properties":{"ADM4_EN":"Lawaan","ADM4_PCODE":"PH0907221003","ADM4_REF":null,"ADM3_EN":"Tampilisan","ADM3_PCODE":"PH0907221","ADM2_EN":"Zamboanga del Norte","ADM2_PCODE":"PH09072","ADM1_EN":"Region IX (Zamboanga Peninsula)","ADM1_PCODE":"PH09","ADM0_EN":"Philippines (the)","ADM0_PCODE":"PH","date":"2022/11/09","validOn":"2023/11/06","validTo":null,"Shape_Leng":0.166844060751,"Shape_Area":0.000742532873592,"AREA_SQKM":9.05342489502},"id":"PH0907221003"},{"arcs":[[15,16,17,18,19,20]],"type":"Polygon","properties":{"ADM4_EN":"Molos","ADM4_PCODE":"PH0907221004","ADM4_REF":null,"ADM3_EN":"Tampilisan","ADM3_PCODE":"PH0907221","ADM2_EN":"Zamboanga del Norte","ADM2_PCODE":"PH09072","ADM1_EN":"Region IX (Zamboanga Peninsula)","ADM1_PCODE":"PH09","ADM0_EN":"Philippines (the)","ADM0_PCODE":"PH","date":"2022/11/09","validOn":"2023/11/06","validTo":null,"Shape_Leng":0.127602531435,"Shape_Area":0.000718373856381,"AREA_SQKM":8.75854288233},"id":"PH0907221004"},{"arcs":[[21,22,23,24,25,-17]],"type":"Polygon","properties":{"ADM4_EN":"New Dapitan","ADM4_PCODE":"PH0907221005","ADM4_REF":null,"ADM3_EN":"Tampilisan","ADM3_PCODE":"PH0907221","ADM2_EN":"Zamboanga del Norte","ADM2_PCODE":"PH09072","ADM1_EN":"Region IX (Zamboanga Peninsula)","ADM1_PCODE":"PH09","ADM0_EN":"Philippines (the)","ADM0_PCODE":"PH","date":"2022/11/09","validOn":"2023/11/06","validTo":null,"Shape_Leng":0.126282376704,"Shape_Area":0.000738916694124,"AREA_SQKM":9.00956495749},"id":"PH0907221005"},{"arcs":[[26,27,28,29,-23,30]],"type":"Polygon","properties":{"ADM4_EN":"Situbo","ADM4_PCODE":"PH0907221006","ADM4_REF":null,"ADM3_EN":"Tampilisan","ADM3_PCODE":"PH0907221","ADM2_EN":"Zamboanga del Norte","ADM2_PCODE":"PH09072","ADM1_EN":"Region IX (Zamboanga Peninsula)","ADM1_PCODE":"PH09","ADM0_EN":"Philippines (the)","ADM0_PCODE":"PH","date":"2022/11/09","validOn":"2023/11/06","validTo":null,"Shape_Leng":0.146094109762,"Shape_Area":0.000977272054201,"AREA_SQKM":11.9166862311},"id":"PH0907221006"},{"arcs":[[-25,31,32,33,-12,34]],"type":"Polygon","properties":{"ADM4_EN":"Poblacion (Tampilisan)","ADM4_PCODE":"PH0907221007","ADM4_REF":null,"ADM3_EN":"Tampilisan","ADM3_PCODE":"PH0907221","ADM2_EN":"Zamboanga del Norte","ADM2_PCODE":"PH09072","ADM1_EN":"Region IX (Zamboanga Peninsula)","ADM1_PCODE":"PH09","ADM0_EN":"Philippines (the)","ADM0_PCODE":"PH","date":"2022/11/09","validOn":"2023/11/06","validTo":null,"Shape_Leng":0.120988228017,"Shape_Area":0.00086374965761,"AREA_SQKM":10.5319125406},"id":"PH0907221007"},{"arcs":[[35,-3,36,37,-7]],"type":"Polygon","properties":{"ADM4_EN":"Balacbaan","ADM4_PCODE":"PH0907221008","ADM4_REF":null,"ADM3_EN":"Tampilisan","ADM3_PCODE":"PH0907221","ADM2_EN":"Zamboanga del Norte","ADM2_PCODE":"PH09072","ADM1_EN":"Region IX (Zamboanga Peninsula)","ADM1_PCODE":"PH09","ADM0_EN":"Philippines (the)","ADM0_PCODE":"PH","date":"2022/11/09","validOn":"2023/11/06","validTo":null,"Shape_Leng":0.128667952147,"Shape_Area":0.000441695946249,"AREA_SQKM":5.38661614114},"id":"PH0907221008"},{"arcs":[[-38,38,39,-8]],"type":"Polygon","properties":{"ADM4_EN":"Banbanan","ADM4_PCODE":"PH0907221009","ADM4_REF":null,"ADM3_EN":"Tampilisan","ADM3_PCODE":"PH0907221","ADM2_EN":"Zamboanga del Norte","ADM2_PCODE":"PH09072","ADM1_EN":"Region IX (Zamboanga Peninsula)","ADM1_PCODE":"PH09","ADM0_EN":"Philippines (the)","ADM0_PCODE":"PH","date":"2022/11/09","validOn":"2023/11/06","validTo":null,"Shape_Leng":0.122684621991,"Shape_Area":0.000632693474067,"AREA_SQKM":7.71558309061},"id":"PH0907221009"},{"arcs":[[-19,40,-11,41]],"type":"Polygon","properties":{"ADM4_EN":"Barili","ADM4_PCODE":"PH0907221010","ADM4_REF":null,"ADM3_EN":"Tampilisan","ADM3_PCODE":"PH0907221","ADM2_EN":"Zamboanga del Norte","ADM2_PCODE":"PH09072","ADM1_EN":"Region IX (Zamboanga Peninsula)","ADM1_PCODE":"PH09","ADM0_EN":"Philippines (the)","ADM0_PCODE":"PH","date":"2022/11/09","validOn":"2023/11/06","validTo":null,"Shape_Leng":0.138858202925,"Shape_Area":0.000531549073657,"AREA_SQKM":6.48076197196},"id":"PH0907221010"},{"arcs":[[-34,42,43,-13]],"type":"Polygon","properties":{"ADM4_EN":"Camul","ADM4_PCODE":"PH0907221011","ADM4_REF":null,"ADM3_EN":"Tampilisan","ADM3_PCODE":"PH0907221","ADM2_EN":"Zamboanga del Norte","ADM2_PCODE":"PH09072","ADM1_EN":"Region IX (Zamboanga Peninsula)","ADM1_PCODE":"PH09","ADM0_EN":"Philippines (the)",