{"type":"Topology","arcs":[[[1398,906],[-73,-56]],[[1325,850],[-163,37]],[[1162,887],[-22,31]],[[1140,918],[33,64]],[[1173,982],[132,31]],[[1305,1013],[95,-81],[-2,-26]],[[1032,1217],[-23,-30],[32,-39],[61,-123]],[[1102,1025],[-37,-24]],[[1065,1001],[-9,26],[-56,17],[-112,59],[-47,-1],[-30,26],[-82,12],[-13,19]],[[716,1159],[230,124]],[[946,1283],[30,-20],[36,13],[20,-59]],[[1025,771],[38,-13],[42,-46],[44,-8]],[[1149,704],[5,-74],[34,-81]],[[1188,549],[-46,-28],[-114,-124]],[[1028,397],[-13,48],[-81,96],[-38,88],[-29,28]],[[867,657],[120,111]],[[987,768],[38,3]],[[1572,802],[-55,21],[-31,51],[-69,40]],[[1417,914],[91,67]],[[1508,981],[87,-63],[-23,-116]],[[54,1059],[16,-61],[64,-81],[95,-17],[101,-54],[59,-70],[17,-94],[50,-45]],[[456,637],[-48,-41],[-46,-77],[-38,-31]],[[324,488],[-36,38],[-55,15],[-54,76],[-106,73],[-36,107],[-21,104],[-16,167],[54,-9]],[[1065,1001],[13,-36],[36,-34]],[[1114,931],[-13,-71]],[[1101,860],[-40,30],[-24,44],[-46,18],[-70,2],[-20,23],[-53,-6],[-38,32],[-60,-12]],[[750,991],[-101,141]],[[649,1132],[67,27]],[[577,371],[-76,-66]],[[501,305],[-24,52],[-153,131]],[[456,637],[76,-93],[-7,-70],[29,-78],[23,-25]],[[1028,397],[-30,-61]],[[998,336],[-29,46],[-38,29],[-50,61],[-2,83],[-29,13],[-16,52]],[[834,620],[33,37]],[[1101,860],[-3,-8]],[[1098,852],[-73,-81]],[[987,768],[-29,-2],[-38,43],[-61,38],[-40,62],[-69,82]],[[1572,802],[-12,-91],[-109,-46],[-65,29],[-4,38],[-52,10],[-24,-21]],[[1306,721],[-28,62]],[[1278,783],[47,67]],[[1398,906],[19,8]],[[799,579],[-122,-125]],[[677,454],[-79,-107]],[[598,347],[-21,24]],[[54,1059],[48,-3],[135,17],[131,-24],[143,32]],[[511,1081],[14,-17],[28,-126],[123,-235],[123,-124]],[[598,347],[47,-8],[3,-26],[90,-114],[43,-5]],[[781,194],[37,-62],[-54,-65],[-38,-67],[-32,3],[-29,44],[-63,16],[-41,28],[-12,76],[-37,71],[-11,67]],[[1306,721],[-43,-92],[-75,-80]],[[1149,704],[2,130]],[[1151,834],[21,5],[50,-43],[56,-13]],[[823,234],[-42,-40]],[[677,454],[53,-52],[52,-28],[25,-34],[-13,-52],[29,-54]],[[1114,931],[26,-13]],[[1162,887],[-11,-53]],[[1151,834],[-53,18]],[[998,336],[1,-44],[-127,-35],[-49,-23]],[[799,579],[35,41]],[[1264,1127],[-9,-61],[50,-53]],[[1173,982],[-71,43]],[[1032,1217],[109,-49],[32,3],[35,-33],[31,15],[25,-26]],[[1264,1127],[6,6]],[[1270,1133],[27,29],[34,-36],[106,-12],[17,-57],[25,0],[29,-76]],[[946,1283],[117,92],[148,19],[28,-26],[-5,-43],[18,-99],[41,-7],[-23,-86]],[[511,1081],[138,51]]],"transform":{"scale":[0.00008724320376168864,0.00006699580559542668],"translate":[123.39870400600012,13.573794709000026]},"objects":{"bgysubmuns-municity-ph0501736":{"type":"GeometryCollection","geometries":[{"arcs":[[0,1,2,3,4,5]],"type":"Polygon","properties":{"ADM4_EN":"Abo","ADM4_PCODE":"PH0501736001","ADM4_REF":null,"ADM3_EN":"Tigaon","ADM3_PCODE":"PH0501736","ADM2_EN":"Camarines Sur","ADM2_PCODE":"PH05017","ADM1_EN":"Region V (Bicol Region)","ADM1_PCODE":"PH05","ADM0_EN":"Philippines (the)","ADM0_PCODE":"PH","date":"2022/11/09","validOn":"2023/11/06","validTo":null,"Shape_Leng":0.0579969661011,"Shape_Area":0.000158698031608,"AREA_SQKM":1.89977673557},"id":"PH0501736001"},{"arcs":[[6,7,8,9,10]],"type":"Polygon","properties":{"ADM4_EN":"Cabalinadan","ADM4_PCODE":"PH0501736002","ADM4_REF":null,"ADM3_EN":"Tigaon","ADM3_PCODE":"PH0501736","ADM2_EN":"Camarines Sur","ADM2_PCODE":"PH05017","ADM1_EN":"Region V (Bicol Region)","ADM1_PCODE":"PH05","ADM0_EN":"Philippines (the)","ADM0_PCODE":"PH","date":"2022/11/09","validOn":"2023/11/06","validTo":null,"Shape_Leng":0.0957592504557,"Shape_Area":0.000282480561664,"AREA_SQKM":3.38137302136},"id":"PH0501736002"},{"arcs":[[11,12,13,14,15,16]],"type":"Polygon","properties":{"ADM4_EN":"Caraycayon","ADM4_PCODE":"PH0501736003","ADM4_REF":null,"ADM3_EN":"Tigaon","ADM3_PCODE":"PH0501736","ADM2_EN":"Camarines Sur","ADM2_PCODE":"PH05017","ADM1_EN":"Region V (Bicol Region)","ADM1_PCODE":"PH05","ADM0_EN":"Philippines (the)","ADM0_PCODE":"PH","date":"2022/11/09","validOn":"2023/11/06","validTo":null,"Shape_Leng":0.0820617602913,"Shape_Area":0.000387267088638,"AREA_SQKM":4.63639444947},"id":"PH0501736003"},{"arcs":[[17,18,19]],"type":"Polygon","properties":{"ADM4_EN":"Casuna","ADM4_PCODE":"PH0501736004","ADM4_REF":null,"ADM3_EN":"Tigaon","ADM3_PCODE":"PH0501736","ADM2_EN":"Camarines Sur","ADM2_PCODE":"PH05017","ADM1_EN":"Region V (Bicol Region)","ADM1_PCODE":"PH05","ADM0_EN":"Philippines (the)","ADM0_PCODE":"PH","date":"2022/11/09","validOn":"2023/11/06","validTo":null,"Shape_Leng":0.0439665546467,"Shape_Area":0.0000923370487931,"AREA_SQKM":1.10537876178},"id":"PH0501736004"},{"arcs":[[20,21,22]],"type":"Polygon","properties":{"ADM4_EN":"Consocep","ADM4_PCODE":"PH0501736005","ADM4_REF":null,"ADM3_EN":"Tigaon","ADM3_PCODE":"PH0501736","ADM2_EN":"Camarines Sur","ADM2_PCODE":"PH05017","ADM1_EN":"Region V (Bicol Region)","ADM1_PCODE":"PH05","ADM0_EN":"Philippines (the)","ADM0_PCODE":"PH","date":"2022/11/09","validOn":"2023/11/06","validTo":null,"Shape_Leng":0.124272505612,"Shape_Area":0.000703344008247,"AREA_SQKM":8.42015850316},"id":"PH0501736005"},{"arcs":[[23,24,25,26,27,-9]],"type":"Polygon","properties":{"ADM4_EN":"Coyaoyao","ADM4_PCODE":"PH0501736006","ADM4_REF":null,"ADM3_EN":"Tigaon","ADM3_PCODE":"PH0501736","ADM2_EN":"Camarines Sur","ADM2_PCODE":"PH05017","ADM1_EN":"Region V (Bicol Region)","ADM1_PCODE":"PH05","ADM0_EN":"Philippines (the)","ADM0_PCODE":"PH","date":"2022/11/09","validOn":"2023/11/06","validTo":null,"Shape_Leng":0.109607811049,"Shape_Area":0.000282498406427,"AREA_SQKM":3.38169986845},"id":"PH0501736006"},{"arcs":[[28,29,-22,30]],"type":"Polygon","properties":{"ADM4_EN":"Gaao","ADM4_PCODE":"PH0501736007","ADM4_REF":null,"ADM3_EN":"Tigaon","ADM3_PCODE":"PH0501736","ADM2_EN":"Camarines Sur","ADM2_PCODE":"PH05017","ADM1_EN":"Region V (Bicol Region)","ADM1_PCODE":"PH05","ADM0_EN":"Philippines (the)","ADM0_PCODE":"PH","date":"2022/11/09","validOn":"2023/11/06","validTo":null,"Shape_Leng":0.0679570626171,"Shape_Area":0.000225010319186,"AREA_SQKM":2.69394150498},"id":"PH0501736007"},{"arcs":[[31,32,33,-15]],"type":"Polygon","properties":{"ADM4_EN":"Gingaroy","ADM4_PCODE":"PH0501736008","ADM4_REF":null,"ADM3_EN":"Tigaon","ADM3_PCODE":"PH0501736","ADM2_EN":"Camarines Sur","ADM2_PCODE":"PH05017","ADM1_EN":"Region V (Bicol Region)","ADM1_PCODE":"PH05","ADM0_EN":"Philippines (the)","ADM0_PCODE":"PH","date":"2022/11/09","validOn":"2023/11/06","validTo":null,"Shape_Leng":0.0648771488221,"Shape_Area":0.000131717646484,"AREA_SQKM":1.57698447316},"id":"PH0501736008"},{"arcs":[[34,35,-17,36,-26]],"type":"Polygon","properties":{"ADM4_EN":"Gubat","ADM4_PCODE":"PH0501736009","ADM4_REF":null,"ADM3_EN":"Tigaon","ADM3_PCODE":"PH0501736","ADM2_EN":"Camarines Sur","ADM2_PCODE":"PH05017","ADM1_EN":"Region V (Bicol Region)","ADM1_PCODE":"PH05","ADM0_EN":"Philippines (the)","ADM0_PCODE":"PH","date":"2022/11/09","validOn":"2023/11/06","validTo":null,"Shape_Leng":0.0758042767461,"Shape_Area":0.000233193240716,"AREA_SQKM":2.79159498939},"id":"PH0501736009"},{"arcs":[[37,38,39,-1,40,-18]],"type":"Polygon","properties":{"ADM4_EN":"Huyonhuyon","ADM4_PCODE":"PH0501736010","ADM4_REF":null,"ADM3_EN":"Tigaon","ADM3_PCODE":"PH0501736","ADM2_EN":"Camarines Sur","ADM2_PCODE":"PH05017","ADM1_EN":"Region V (Bicol Region)","ADM1_PCODE":"PH05","ADM0_EN":"Philippines (the)","ADM0_PCODE":"PH","date":"2022/11/09","validOn":"2023/11/06","validTo":null,"Shape_Leng":0.074367797623,"Shape_Area":0.00025903508233,"AREA_SQKM":3.10103859878},"id":"PH0501736010"},{"arcs":[[41,42,43,-31,-21,44,45]],"type":"Polygon","properties":{"ADM4_EN":"Libod","ADM4_PCODE":"PH0501736011","ADM4_REF":null,"ADM3_EN":"Tigaon","ADM3_PCODE":"PH0501736","ADM2_EN":"Camarines Sur","ADM2_PCODE":"PH05017","ADM1_EN":"Region V (Bicol Region)","ADM1_PCODE":"PH05","ADM0_EN":"Philippines (the)","ADM0_PCODE":"PH","date":"2022/11/09","validOn":"2023/11/06","validTo":null,"Shape_Leng":0.18302150109,"Shape_Area":0.00115577344291,"AREA_SQKM":13.836325279},"id":"PH0501736011"},{"arcs":[[46,47,-29,-44]],"type":"Polygon",