{"type":"Topology","arcs":[[[1527,626],[-1,-28],[-153,-135],[-16,-61],[-43,23],[-29,-35],[11,-51],[-27,-76],[36,-36],[-9,-28]],[[1296,199],[-69,29],[-34,39],[-103,-6],[-40,-18],[-29,28],[-68,-10]],[[953,261],[-7,26],[-41,7],[25,53],[-35,73]],[[895,420],[-21,56]],[[874,476],[-26,54],[27,20],[1,79]],[[876,629],[42,11],[29,62],[-14,39],[41,20],[-44,213]],[[930,974],[69,-54],[46,-70],[58,-23],[129,12],[142,-13],[44,-19],[-15,-37],[15,-41],[36,-28],[53,1],[-14,-44],[34,-32]],[[691,637],[11,-34],[-26,-23],[-9,-44],[-31,-19],[-90,-14],[-181,-6]],[[365,497],[5,50],[27,74],[26,32],[17,56]],[[440,709],[6,24]],[[446,733],[77,3],[30,-41],[18,-59],[120,1]],[[674,263],[44,-63],[8,-56],[-30,-27],[9,-53],[-14,-49]],[[691,15],[-86,-12],[-19,17],[-118,-3],[-300,-17],[-7,61]],[[161,61],[302,-1],[54,-5],[73,145],[-7,48]],[[583,248],[56,21],[35,-6]],[[734,1805],[3,-207],[8,-170]],[[745,1428],[-74,-73],[-7,-46],[19,-39],[-38,-54],[-33,15],[-51,-20],[-9,-28],[-44,-22],[6,-75],[-13,-55]],[[501,1031],[-143,4]],[[358,1035],[10,57],[-108,-26],[-73,-108]],[[187,958],[-4,72],[18,58],[-12,41],[-40,-26],[-98,-2]],[[51,1101],[38,93],[251,760],[394,-149]],[[930,974],[-31,27],[-46,1],[2,100],[21,25],[-25,92],[33,95],[-23,51],[-56,46],[-60,17]],[[734,1805],[91,-37],[433,-37],[0,-23],[47,-32],[52,-77],[-22,-59],[-14,-81],[53,-25],[15,-73],[-11,-45],[23,-33],[-1,-41],[102,-159],[15,-122],[23,-19],[17,-48],[-10,-33],[47,-58],[14,-55],[-27,-26],[21,-42],[-30,-46],[-45,-8]],[[895,420],[-21,2],[-53,-43],[-77,-12],[18,-87],[-78,-3],[-10,-14]],[[583,248],[-23,13]],[[560,261],[-49,77],[-20,2]],[[491,340],[72,39],[81,-1],[9,31],[121,57],[67,-1],[33,11]],[[187,958],[-26,-50],[2,-32]],[[163,876],[6,-41],[47,-37],[35,-109]],[[251,689],[7,-66],[65,-33],[5,-26]],[[328,564],[-28,27],[-39,4],[-29,36],[-48,-17],[-143,-8]],[[41,606],[-41,-1],[51,496]],[[1296,199],[-50,6],[-29,-15],[-19,-45],[36,-25],[-2,-24],[34,-30],[-39,-29],[16,-19],[-242,2],[-51,14]],[[950,34],[3,227]],[[328,564],[10,-63],[18,-16]],[[356,485],[35,-35],[75,-12],[20,-29],[-5,-75]],[[481,334],[0,-10]],[[481,324],[-64,-4],[-303,-8]],[[114,312],[-73,294]],[[161,61],[-47,251]],[[481,324],[3,-28],[76,-35]],[[950,34],[-79,20],[-115,-19],[-65,-20]],[[501,1031],[-22,-130],[-26,-32],[-18,-60],[11,-76]],[[440,709],[-130,-35],[-25,25],[-34,-10]],[[163,876],[110,6],[90,55],[-5,98]],[[491,340],[-10,-6]],[[356,485],[9,12]],[[691,637],[64,18],[121,-26]]],"transform":{"scale":[0.00012852124937809035,0.0001559250240532242],"translate":[124.4843358600001,7.333611710000071]},"objects":{"bgysubmuns-municity-ph1204701":{"type":"GeometryCollection","geometries":[{"arcs":[[0,1,2,3,4,5,6]],"type":"Polygon","properties":{"ADM4_EN":"Bao","ADM4_PCODE":"PH1204701001","ADM4_REF":null,"ADM3_EN":"Alamada","ADM3_PCODE":"PH1204701","ADM2_EN":"Cotabato (North Cotabato)","ADM2_PCODE":"PH12047","ADM1_EN":"Region XII (Soccsksargen)","ADM1_PCODE":"PH12","ADM0_EN":"Philippines (the)","ADM0_PCODE":"PH","date":"2022/11/09","validOn":"2023/11/06","validTo":null,"Shape_Leng":0.428866958039,"Shape_Area":0.00585666251919,"AREA_SQKM":71.5020450579},"id":"PH1204701001"},{"arcs":[[7,8,9,10]],"type":"Polygon","properties":{"ADM4_EN":"Barangiran","ADM4_PCODE":"PH1204701002","ADM4_REF":null,"ADM3_EN":"Alamada","ADM3_PCODE":"PH1204701","ADM2_EN":"Cotabato (North Cotabato)","ADM2_PCODE":"PH12047","ADM1_EN":"Region XII (Soccsksargen)","ADM1_PCODE":"PH12","ADM0_EN":"Philippines (the)","ADM0_PCODE":"PH","date":"2022/11/09","validOn":"2023/11/06","validTo":null,"Shape_Leng":0.1422095762,"Shape_Area":0.00101313399521,"AREA_SQKM":12.3688974317},"id":"PH1204701002"},{"arcs":[[11,12,13,14]],"type":"Polygon","properties":{"ADM4_EN":"Camansi","ADM4_PCODE":"PH1204701003","ADM4_REF":null,"ADM3_EN":"Alamada","ADM3_PCODE":"PH1204701","ADM2_EN":"Cotabato (North Cotabato)","ADM2_PCODE":"PH12047","ADM1_EN":"Region XII (Soccsksargen)","ADM1_PCODE":"PH12","ADM0_EN":"Philippines (the)","ADM0_PCODE":"PH","date":"2022/11/09","validOn":"2023/11/06","validTo":null,"Shape_Leng":0.223567298619,"Shape_Area":0.00112639760783,"AREA_SQKM":13.7540300615},"id":"PH1204701003"},{"arcs":[[15,16,17,18,19,20]],"type":"Polygon","properties":{"ADM4_EN":"Dado","ADM4_PCODE":"PH1204701004","ADM4_REF":null,"ADM3_EN":"Alamada","ADM3_PCODE":"PH1204701","ADM2_EN":"Cotabato (North Cotabato)","ADM2_PCODE":"PH12047","ADM1_EN":"Region XII (Soccsksargen)","ADM1_PCODE":"PH12","ADM0_EN":"Philippines (the)","ADM0_PCODE":"PH","date":"2022/11/09","validOn":"2023/11/06","validTo":null,"Shape_Leng":0.466126071534,"Shape_Area":0.00822884438297,"AREA_SQKM":100.43171095},"id":"PH1204701004"},{"arcs":[[-7,21,-16,22]],"type":"Polygon","properties":{"ADM4_EN":"Guiling","ADM4_PCODE":"PH1204701005","ADM4_REF":null,"ADM3_EN":"Alamada","ADM3_PCODE":"PH1204701","ADM2_EN":"Cotabato (North Cotabato)","ADM2_PCODE":"PH12047","ADM1_EN":"Region XII (Soccsksargen)","ADM1_PCODE":"PH12","ADM0_EN":"Philippines (the)","ADM0_PCODE":"PH","date":"2022/11/09","validOn":"2023/11/06","validTo":null,"Shape_Leng":0.567116139316,"Shape_Area":0.0112218766165,"AREA_SQKM":136.970858839},"id":"PH1204701005"},{"arcs":[[23,-15,24,25,26,-4]],"type":"Polygon","properties":{"ADM4_EN":"Kitacubong (Pob.)","ADM4_PCODE":"PH1204701006","ADM4_REF":null,"ADM3_EN":"Alamada","ADM3_PCODE":"PH1204701","ADM2_EN":"Cotabato (North Cotabato)","ADM2_PCODE":"PH12047","ADM1_EN":"Region XII (Soccsksargen)","ADM1_PCODE":"PH12","ADM0_EN":"Philippines (the)","ADM0_PCODE":"PH","date":"2022/11/09","validOn":"2023/11/06","validTo":null,"Shape_Leng":0.169538047284,"Shape_Area":0.000801373423226,"AREA_SQKM":9.78439079461},"id":"PH1204701006"},{"arcs":[[27,28,29,30,31,-20]],"type":"Polygon","properties":{"ADM4_EN":"Macabasa","ADM4_PCODE":"PH1204701007","ADM4_REF":null,"ADM3_EN":"Alamada","ADM3_PCODE":"PH1204701","ADM2_EN":"Cotabato (North Cotabato)","ADM2_PCODE":"PH12047","ADM1_EN":"Region XII (Soccsksargen)","ADM1_PCODE":"PH12","ADM0_EN":"Philippines (the)","ADM0_PCODE":"PH","date":"2022/11/09","validOn":"2023/11/06","validTo":null,"Shape_Leng":0.259941730812,"Shape_Area":0.00180894591815,"AREA_SQKM":22.0828600326},"id":"PH1204701007"},{"arcs":[[32,33,-2]],"type":"Polygon","properties":{"ADM4_EN":"Malitubog","ADM4_PCODE":"PH1204701008","ADM4_REF":null,"ADM3_EN":"Alamada","ADM3_PCODE":"PH1204701","ADM2_EN":"Cotabato (North Cotabato)","ADM2_PCODE":"PH12047","ADM1_EN":"Region XII (Soccsksargen)","ADM1_PCODE":"PH12","ADM0_EN":"Philippines (the)","ADM0_PCODE":"PH","date":"2022/11/09","validOn":"2023/11/06","validTo":null,"Shape_Leng":0.182316178337,"Shape_Area":0.00135291231589,"AREA_SQKM":16.5196911084},"id":"PH1204701008"},{"arcs":[[34,35,36,37,38,-31]],"type":"Polygon","properties":{"ADM4_EN":"Mapurok","ADM4_PCODE":"PH1204701009","ADM4_REF":null,"ADM3_EN":"Alamada","ADM3_PCODE":"PH1204701","ADM2_EN":"Cotabato (North Cotabato)","ADM2_PCODE":"PH12047","ADM1_EN":"Region XII (Soccsksargen)","ADM1_PCODE":"PH12","ADM0_EN":"Philippines (the)","ADM0_PCODE":"PH","date":"2022/11/09","validOn":"2023/11/06","validTo":null,"Shape_Leng":0.188250225392,"Shape_Area":0.00188332141228,"AREA_SQKM":22.9937653053},"id":"PH1204701009"},{"arcs":[[-25,-14,39,-38,40]],"type":"Polygon","properties":{"ADM4_EN":"Pacao","ADM4_PCODE":"PH1204701010","ADM4_REF":null,"ADM3_EN":"Alamada","ADM3_PCODE":"PH1204701","ADM2_EN":"Cotabato (North Cotabato)","ADM2_PCODE":"PH12047","ADM1_EN":"Region XII (Soccsksargen)","ADM1_PCODE":"PH12","ADM0_EN":"Philippines (the)","ADM0_PCODE":"PH","date":"2022/11/09","validOn":"2023/11/06","validTo":null,"Shape_Leng":0.190375831773,"Shape_Area":0.00212438648059,"AREA_SQKM":25.9392955836},"id":"PH1204701010"},{"arcs":[[-3,-34,41,-12,-24]],"type":"Polygon","properties":{"ADM4_EN":"Paruayan","ADM4_PCODE":"PH1204701011","ADM4_REF":null,"ADM3_EN":"Alamada","ADM3_PCODE":"PH1204701","ADM2_EN":"Cotabato (North Cotabato)","ADM2_PCODE":"PH12047","ADM1_EN":"Region XII (Soccsksargen)","ADM1_PCODE":"PH12","ADM0_EN":"Philippines (the)","ADM0_PCODE":"PH","date":"2022/11/09","validOn":"2023/11/06","validTo":null,