{"type":"Topology","arcs":[[[335,1063],[-9,-27],[-80,-79]],[[246,957],[-15,23],[14,75],[-25,45],[-2,55]],[[218,1155],[43,-46],[74,-46]],[[682,1023],[112,-62]],[[794,961],[-82,-109],[-3,-90],[-40,-65]],[[669,697],[-32,3],[-47,-23],[-29,6],[-13,213]],[[548,896],[2,41]],[[550,937],[-42,127]],[[508,1064],[76,21],[98,-62]],[[548,896],[-50,-3],[-64,-17],[-53,1],[-96,14],[-15,43],[-24,23]],[[335,1063],[27,-38],[188,-88]],[[688,1304],[45,-7],[40,-43],[103,-53]],[[876,1201],[-17,-42],[14,-36]],[[873,1123],[-12,-7],[-183,62]],[[678,1178],[-10,89]],[[668,1267],[-7,44]],[[661,1311],[27,-7]],[[873,1123],[59,-71],[17,-87],[-6,-48]],[[943,917],[-149,44]],[[682,1023],[-2,48],[21,30],[-22,31],[-1,46]],[[628,1311],[33,0]],[[668,1267],[-20,8],[-54,-68]],[[594,1207],[-78,25]],[[516,1232],[47,98]],[[563,1330],[65,-19]],[[624,1356],[4,-45]],[[563,1330],[3,42]],[[566,1372],[25,10]],[[591,1382],[33,-26]],[[897,1294],[29,-12],[-24,-52],[-26,-29]],[[688,1304],[-27,26]],[[661,1330],[75,55]],[[736,1385],[161,-91]],[[591,1382],[-24,20],[-53,6]],[[514,1408],[-12,139]],[[502,1547],[75,11]],[[577,1558],[45,-133],[2,-69]],[[662,1562],[74,-177]],[[661,1330],[-37,26]],[[577,1558],[85,4]],[[424,1285],[92,-53]],[[516,1232],[-76,-27]],[[440,1205],[-48,6],[-43,-13]],[[349,1198],[-32,13],[-34,59]],[[283,1270],[67,45]],[[350,1315],[38,12],[36,-42]],[[419,1546],[29,-154],[41,-28]],[[489,1364],[-13,-55],[-52,-24]],[[350,1315],[-19,73]],[[331,1388],[-48,161]],[[283,1549],[136,-3]],[[678,1178],[-84,29]],[[662,1562],[45,2],[202,-124],[29,-86],[-41,-60]],[[331,1388],[-50,-18],[-195,-42]],[[86,1328],[125,74],[-58,170]],[[153,1572],[56,-20],[74,-3]],[[86,1328],[-37,125],[-49,132],[98,14],[55,-27]],[[489,1364],[74,-34]],[[440,1205],[-17,-58],[1,-65],[-37,-9]],[[387,1073],[-10,29],[-63,34]],[[314,1136],[35,62]],[[508,1064],[6,30],[2,138]],[[943,917],[18,-32],[-22,-35],[27,-21],[323,-518],[-38,-26],[3,-25],[43,-17],[8,-57],[-79,-16],[-34,-42],[46,-33],[-20,-95],[-104,54],[-76,50],[19,44],[-24,15],[15,34],[-26,37],[-27,-30],[-26,38],[-32,-3],[-54,-31],[-67,35],[-1,52],[-52,61],[45,24],[38,-30],[-12,77],[-40,2],[52,106],[-57,25],[-42,-9],[31,78],[-27,46],[-69,-14],[-13,36]],[[335,1063],[52,10]],[[514,1408],[52,-36]],[[419,1546],[83,1]],[[314,1136],[-197,95]],[[117,1231],[-14,41]],[[103,1272],[180,-2]],[[218,1155],[-101,76]],[[103,1272],[-17,56]]],"transform":{"scale":[0.00016530957777779375,0.00017317997248277392],"translate":[121.12908609800002,16.735431461000076]},"objects":{"bgysubmuns-municity-ph1402706":{"type":"GeometryCollection","geometries":[{"arcs":[[0,1,2]],"type":"Polygon","properties":{"ADM4_EN":"Aduyongan","ADM4_PCODE":"PH1402706001","ADM4_REF":null,"ADM3_EN":"Mayoyao","ADM3_PCODE":"PH1402706","ADM2_EN":"Ifugao","ADM2_PCODE":"PH14027","ADM1_EN":"Cordillera Administrative Region (CAR)","ADM1_PCODE":"PH14","ADM0_EN":"Philippines (the)","ADM0_PCODE":"PH","date":"2022/11/09","validOn":"2023/11/06","validTo":null,"Shape_Leng":0.0956262113055,"Shape_Area":0.000292626100141,"AREA_SQKM":3.44999838965},"id":"PH1402706001"},{"arcs":[[3,4,5,6,7,8]],"type":"Polygon","properties":{"ADM4_EN":"Alimit","ADM4_PCODE":"PH1402706002","ADM4_REF":null,"ADM3_EN":"Mayoyao","ADM3_PCODE":"PH1402706","ADM2_EN":"Ifugao","ADM2_PCODE":"PH14027","ADM1_EN":"Cordillera Administrative Region (CAR)","ADM1_PCODE":"PH14","ADM0_EN":"Philippines (the)","ADM0_PCODE":"PH","date":"2022/11/09","validOn":"2023/11/06","validTo":null,"Shape_Leng":0.192847950573,"Shape_Area":0.00186387078191,"AREA_SQKM":21.9777512547},"id":"PH1402706002"},{"arcs":[[-7,9,-1,10]],"type":"Polygon","properties":{"ADM4_EN":"Ayangan","ADM4_PCODE":"PH1402706003","ADM4_REF":null,"ADM3_EN":"Mayoyao","ADM3_PCODE":"PH1402706","ADM2_EN":"Ifugao","ADM2_PCODE":"PH14027","ADM1_EN":"Cordillera Administrative Region (CAR)","ADM1_PCODE":"PH14","ADM0_EN":"Philippines (the)","ADM0_PCODE":"PH","date":"2022/11/09","validOn":"2023/11/06","validTo":null,"Shape_Leng":0.188403780109,"Shape_Area":0.000853773245427,"AREA_SQKM":10.0667241114},"id":"PH1402706003"},{"arcs":[[11,12,13,14,15,16]],"type":"Polygon","properties":{"ADM4_EN":"Balangbang","ADM4_PCODE":"PH1402706004","ADM4_REF":null,"ADM3_EN":"Mayoyao","ADM3_PCODE":"PH1402706","ADM2_EN":"Ifugao","ADM2_PCODE":"PH14027","ADM1_EN":"Cordillera Administrative Region (CAR)","ADM1_PCODE":"PH14","ADM0_EN":"Philippines (the)","ADM0_PCODE":"PH","date":"2022/11/09","validOn":"2023/11/06","validTo":null,"Shape_Leng":0.153660681889,"Shape_Area":0.00066666753269,"AREA_SQKM":7.85872868259},"id":"PH1402706004"},{"arcs":[[17,18,-4,19,-14]],"type":"Polygon","properties":{"ADM4_EN":"Banao","ADM4_PCODE":"PH1402706005","ADM4_REF":null,"ADM3_EN":"Mayoyao","ADM3_PCODE":"PH1402706","ADM2_EN":"Ifugao","ADM2_PCODE":"PH14027","ADM1_EN":"Cordillera Administrative Region (CAR)","ADM1_PCODE":"PH14","ADM0_EN":"Philippines (the)","ADM0_PCODE":"PH","date":"2022/11/09","validOn":"2023/11/06","validTo":null,"Shape_Leng":0.151313445009,"Shape_Area":0.00122630712722,"AREA_SQKM":14.4579547771},"id":"PH1402706005"},{"arcs":[[20,-16,21,22,23,24]],"type":"Polygon","properties":{"ADM4_EN":"Banhal","ADM4_PCODE":"PH1402706006","ADM4_REF":null,"ADM3_EN":"Mayoyao","ADM3_PCODE":"PH1402706","ADM2_EN":"Ifugao","ADM2_PCODE":"PH14027","ADM1_EN":"Cordillera Administrative Region (CAR)","ADM1_PCODE":"PH14","ADM0_EN":"Philippines (the)","ADM0_PCODE":"PH","date":"2022/11/09","validOn":"2023/11/06","validTo":null,"Shape_Leng":0.0784903767422,"Shape_Area":0.000304381720404,"AREA_SQKM":3.5878820164},"id":"PH1402706006"},{"arcs":[[25,-25,26,27,28]],"type":"Polygon","properties":{"ADM4_EN":"Bongan","ADM4_PCODE":"PH1402706007","ADM4_REF":null,"ADM3_EN":"Mayoyao","ADM3_PCODE":"PH1402706","ADM2_EN":"Ifugao","ADM2_PCODE":"PH14027","ADM1_EN":"Cordillera Administrative Region (CAR)","ADM1_PCODE":"PH14","ADM0_EN":"Philippines (the)","ADM0_PCODE":"PH","date":"2022/11/09","validOn":"2023/11/06","validTo":null,"Shape_Leng":0.0409626860931,"Shape_Area":0.0000828320390001,"AREA_SQKM":0.97631075575},"id":"PH1402706007"},{"arcs":[[29,-12,30,31,32]],"type":"Polygon","properties":{"ADM4_EN":"Buninan","ADM4_PCODE":"PH1402706009","ADM4_REF":null,"ADM3_EN":"Mayoyao","ADM3_PCODE":"PH1402706","ADM2_EN":"Ifugao","ADM2_PCODE":"PH14027","ADM1_EN":"Cordillera Administrative Region (CAR)","ADM1_PCODE":"PH14","ADM0_EN":"Philippines (the)","ADM0_PCODE":"PH","date":"2022/11/09","validOn":"2023/11/06","validTo":null,"Shape_Leng":0.162796714237,"Shape_Area":0.000573245372768,"AREA_SQKM":6.75691771683},"id":"PH1402706009"},{"arcs":[[-29,33,34,35,36]],"type":"Polygon","properties":{"ADM4_EN":"Chaya","ADM4_PCODE":"PH1402706010","ADM4_REF":null,"ADM3_EN":"Mayoyao","ADM3_PCODE":"PH1402706","ADM2_EN":"Ifugao","ADM2_PCODE":"PH14027","ADM1_EN":"Cordillera Administrative Region (CAR)","ADM1_PCODE":"PH14","ADM0_EN":"Philippines (the)","ADM0_PCODE":"PH","date":"2022/11/09","validOn":"2023/11/06","validTo":null,"Shape_Leng":0.0944269983229,"Shape_Area":0.000441749113563,"AREA_SQKM":5.20617242997},"id":"PH1402706010"},{"arcs":[[37,-32,38,-37,39]],"type":"Polygon","properties":{"ADM4_EN":"Chumang","ADM4_PCODE":"PH1402706011","ADM4_REF":null,"ADM3_EN":"Mayoyao","ADM3_PCODE":"PH1402706","ADM2_EN":"Ifugao","ADM2_PCODE":"PH14027","ADM1_EN":"Cordillera Administrative Region (CAR)","ADM1_PCODE":"PH14","ADM0_EN":"Philippines (the)","ADM0_PCODE":"PH","date":"2022/11/09","validOn":"2023/11/06","validTo":null,"Shape_Leng":0.108135573835,"Shape_Area":0.000588355178541,"AREA_SQKM":6.93407652641},"id":"PH1402706011"},{"arcs":[[40,41,42,43,44,45]],"type":"Polygon","properties":{"ADM4_EN":"Guinihon","ADM4_PCODE":"PH1402706014","ADM4_REF":null,"ADM3_EN":"Mayoyao","ADM3_PCODE":"PH1402706","ADM2_EN":"Ifugao","ADM2_PCODE":"PH14027","ADM1_EN":"Cordillera Administrative Region (CAR)","ADM1_PCODE":"PH14","ADM0_EN":"Philippines (the)","ADM0_PCODE":"PH","date":"2022/11/09","validOn":"2023/11/06","validTo":null,"Shape_Leng":0.0936300780381,"Shape_Area":0.000473989400655,"AREA_SQKM":5.58719881075},"id":"PH1402706014"},{"arcs":[[46,47,-46,48,49,50]],