{"type":"Topology","arcs":[[[2663,971],[-12,-112],[20,-63]],[[2671,796],[-51,-5],[-28,-131],[11,-44],[143,-59],[35,-65],[-41,-104],[-11,-88],[-44,-1],[-32,-64],[-64,-2],[-14,-57]],[[2575,176],[-186,165],[-103,16],[-27,69],[-28,5]],[[2231,431],[39,24],[24,65],[-21,75],[-140,44],[-62,36],[-1,63],[162,139],[64,82]],[[2296,959],[93,100],[29,-11],[116,12]],[[2534,1060],[-3,-29],[132,-60]],[[1013,2051],[6,-168],[19,-22],[2,-138],[-26,-149]],[[1014,1574],[-118,-26],[-234,19],[-78,-7]],[[584,1560],[-58,39],[-54,69],[-85,8],[-32,36],[-123,5]],[[232,1717],[56,105],[23,76],[34,-33],[69,34],[22,97],[43,-38],[16,65],[66,9],[18,46],[102,-4],[29,34],[77,-28],[49,24],[77,-5],[100,-48]],[[2513,1223],[-45,-82],[49,-26],[17,-55]],[[2296,959],[-68,107],[-59,-17]],[[2169,1049],[-15,23],[31,96]],[[2185,1168],[45,-19],[79,50],[123,108]],[[2432,1307],[35,5],[46,-89]],[[2231,431],[-78,105],[-142,52],[-30,37],[-189,119]],[[1792,744],[141,88],[76,59],[78,24],[65,56],[17,78]],[[1547,2003],[-5,-114],[42,-104],[-70,-113],[-93,-2],[-45,-186]],[[1376,1484],[-119,49],[-73,-2],[-130,46],[-40,-3]],[[1013,2051],[72,-18],[-2,-69],[85,-59],[66,13],[31,46],[60,-9],[66,-71],[43,8],[-63,108],[-31,109],[74,30],[17,-23],[79,1],[-5,-73],[42,-41]],[[2063,1209],[-58,-58],[-58,-173],[-50,-111],[-26,-17],[-79,-106]],[[1792,744],[-269,123],[-279,115],[-372,197],[-316,142]],[[556,1321],[9,146],[19,93]],[[1376,1484],[152,71],[99,-18],[148,8],[55,67],[127,8],[90,-18],[13,20]],[[2060,1622],[-20,-114],[21,-23],[17,-174],[-15,-102]],[[2732,1232],[60,0],[-3,-108],[-57,108]],[[2513,1223],[40,-52],[77,-12],[31,-51],[32,6],[27,-139],[-57,-4]],[[2671,796],[22,-12],[57,-123],[82,-32],[31,-68],[-20,-48],[27,-238],[17,-63],[-89,-48],[-40,-100],[7,-64],[-190,176]],[[2019,1822],[-1,-58],[42,-142]],[[1547,2003],[42,-1],[52,70],[86,-34],[61,-160],[107,-26],[22,43],[78,-17],[24,-56]],[[2063,1209],[83,55]],[[2146,1264],[0,-81],[39,-15]],[[556,1321],[-19,-64],[-139,-188],[-45,-25],[-45,-76],[-78,-16],[-130,-1],[-100,42],[45,134],[73,10],[55,27],[21,98],[-55,81],[2,122],[68,18],[2,65],[-39,59],[123,-18],[-63,128]],[[2146,1264],[58,59],[43,2],[94,109]],[[2341,1434],[91,-127]],[[2364,2773],[6,-117],[-44,-7],[18,-61],[-80,19],[-43,-41],[-41,30],[38,42],[78,25],[35,87],[33,23]],[[2329,2543],[53,-85],[77,-33],[-20,-30],[-57,17],[-65,84],[12,47]],[[2019,1822],[30,9],[87,-146],[57,-52],[45,-11],[-6,-98],[86,-33],[23,-57]]],"transform":{"scale":[0.00027552092908282014,0.00023672867748840334],"translate":[122.29877357100008,13.837581502000035]},"objects":{"municities-provdist-ph05016":{"type":"GeometryCollection","geometries":[{"arcs":[[0,1,2,3,4,5]],"type":"Polygon","properties":{"ADM3_EN":"Basud","ADM3_PCODE":"PH0501601","ADM2_EN":"Camarines Norte","ADM2_PCODE":"PH05016","ADM1_EN":"Region V (Bicol Region)","ADM1_PCODE":"PH05","ADM0_EN":"Philippines (the)","ADM0_PCODE":"PH","date":"2022/11/09","validOn":"2023/11/06","validTo":null,"ADM3_REF":null,"ADM3ALT1EN":null,"Shape_Leng":0.918092451391,"Shape_Area":0.022216589554,"AREA_SQKM":265.562193578},"id":"PH0501601"},{"arcs":[[6,7,8,9]],"type":"Polygon","properties":{"ADM3_EN":"Capalonga","ADM3_PCODE":"PH0501602","ADM2_EN":"Camarines Norte","ADM2_PCODE":"PH05016","ADM1_EN":"Region V (Bicol Region)","ADM1_PCODE":"PH05","ADM0_EN":"Philippines (the)","ADM0_PCODE":"PH","date":"2022/11/09","validOn":"2023/11/06","validTo":null,"ADM3_REF":null,"ADM3ALT1EN":null,"Shape_Leng":1.19600751902,"Shape_Area":0.0212882901363,"AREA_SQKM":254.162664287},"id":"PH0501602"},{"arcs":[[10,-5,11,12,13,14]],"type":"Polygon","properties":{"ADM3_EN":"Daet (Capital)","ADM3_PCODE":"PH0501603","ADM2_EN":"Camarines Norte","ADM2_PCODE":"PH05016","ADM1_EN":"Region V (Bicol Region)","ADM1_PCODE":"PH05","ADM0_EN":"Philippines (the)","ADM0_PCODE":"PH","date":"2022/11/09","validOn":"2023/11/06","validTo":null,"ADM3_REF":null,"ADM3ALT1EN":"Capital","Shape_Leng":0.363253749958,"Shape_Area":0.00420427485888,"AREA_SQKM":50.2301337207},"id":"PH0501603"},{"arcs":[[-4,15,16,-12]],"type":"Polygon","properties":{"ADM3_EN":"San Lorenzo Ruiz (Imelda)","ADM3_PCODE":"PH0501604","ADM2_EN":"Camarines Norte","ADM2_PCODE":"PH05016","ADM1_EN":"Region V (Bicol Region)","ADM1_PCODE":"PH05","ADM0_EN":"Philippines (the)","ADM0_PCODE":"PH","date":"2022/11/09","validOn":"2023/11/06","validTo":null,"ADM3_REF":null,"ADM3ALT1EN":"Imelda","Shape_Leng":0.623103741313,"Shape_Area":0.00752860639953,"AREA_SQKM":89.9822093447},"id":"PH0501604"},{"arcs":[[17,18,-7,19]],"type":"Polygon","properties":{"ADM3_EN":"Jose Panganiban","ADM3_PCODE":"PH0501605","ADM2_EN":"Camarines Norte","ADM2_PCODE":"PH05016","ADM1_EN":"Region V (Bicol Region)","ADM1_PCODE":"PH05","ADM0_EN":"Philippines (the)","ADM0_PCODE":"PH","date":"2022/11/09","validOn":"2023/11/06","validTo":null,"ADM3_REF":null,"ADM3ALT1EN":null,"Shape_Leng":1.2540324264,"Shape_Area":0.0147674314814,"AREA_SQKM":176.313658849},"id":"PH0501605"},{"arcs":[[20,21,22,-8,-19,23,24]],"type":"Polygon","properties":{"ADM3_EN":"Labo","ADM3_PCODE":"PH0501606","ADM2_EN":"Camarines Norte","ADM2_PCODE":"PH05016","ADM1_EN":"Region V (Bicol Region)","ADM1_PCODE":"PH05","ADM0_EN":"Philippines (the)","ADM0_PCODE":"PH","date":"2022/11/09","validOn":"2023/11/06","validTo":null,"ADM3_REF":null,"ADM3ALT1EN":null,"Shape_Leng":1.19458886933,"Shape_Area":0.0526295873946,"AREA_SQKM":628.706957508},"id":"PH0501606"},{"arcs":[[[25]],[[-6,-11,26]],[[-2,27]]],"type":"MultiPolygon","properties":{"ADM3_EN":"Mercedes","ADM3_PCODE":"PH0501607","ADM2_EN":"Camarines Norte","ADM2_PCODE":"PH05016","ADM1_EN":"Region V (Bicol Region)","ADM1_PCODE":"PH05","ADM0_EN":"Philippines (the)","ADM0_PCODE":"PH","date":"2022/11/09","validOn":"2023/11/06","validTo":null,"ADM3_REF":null,"ADM3ALT1EN":null,"Shape_Leng":1.44226016328,"Shape_Area":0.00987353376109,"AREA_SQKM":118.029467016},"id":"PH0501607"},{"arcs":[[28,-24,-18,29]],"type":"Polygon","properties":{"ADM3_EN":"Paracale","ADM3_PCODE":"PH0501608","ADM2_EN":"Camarines Norte","ADM2_PCODE":"PH05016","ADM1_EN":"Region V (Bicol Region)","ADM1_PCODE":"PH05","ADM0_EN":"Philippines (the)","ADM0_PCODE":"PH","date":"2022/11/09","validOn":"2023/11/06","validTo":null,"ADM3_REF":null,"ADM3ALT1EN":null,"Shape_Leng":0.811788797353,"Shape_Area":0.0131843988712,"AREA_SQKM":157.41888549},"id":"PH0501608"},{"arcs":[[-13,-17,-21,30,31]],"type":"Polygon","properties":{"ADM3_EN":"San Vicente","ADM3_PCODE":"PH0501609","ADM2_EN":"Camarines Norte","ADM2_PCODE":"PH05016","ADM1_EN":"Region V (Bicol Region)","ADM1_PCODE":"PH05","ADM0_EN":"Philippines (the)","ADM0_PCODE":"PH","date":"2022/11/09","validOn":"2023/11/06","validTo":null,"ADM3_REF":null,"ADM3ALT1EN":null,"Shape_Leng":0.394542176167,"Shape_Area":0.0043530712126,"AREA_SQKM":52.0135833437},"id":"PH0501609"},{"arcs":[[-23,32,-9]],"type":"Polygon","properties":{"ADM3_EN":"Santa Elena","ADM3_PCODE":"PH0501610","ADM2_EN":"Camarines Norte","ADM2_PCODE":"PH05016","ADM1_EN":"Region V (Bicol Region)","ADM1_PCODE":"PH05","ADM0_EN":"Philippines (the)","ADM0_PCODE":"PH","date":"2022/11/09","validOn":"2023/11/06","validTo":null,"ADM3_REF":null,"ADM3ALT1EN":null,"Shape_Leng":0.899868323125,"Shape_Area":0.0169924082814,"AREA_SQKM":202.976500447},"id":"PH0501610"},{"arcs":[[-14,-32,33,34]],"type":"Polygon","properties":{"ADM3_EN":"Talisay","ADM3_PCODE":"PH0501611","ADM2_EN":"Camarines Norte","ADM2_PCODE":"PH05016","ADM1_EN":"Region V (Bicol Region)","ADM1_PCODE":"PH05","ADM0_EN":"Philippines (the)","ADM0_PCODE":"PH","date":"2022/11/09","validOn":"2023/11/06","validTo":null,"ADM3_REF":null,"ADM3ALT1EN":null,"Shape_Leng":0.281256467328,"Shape_Area":0.00266624274205,"AREA_SQKM":31.8499707271},"id":"PH0501611"},{"arcs":[[[35]],[[36]],[[-34,-31,-25,-29,37]]],"type":"MultiPolygon","properties":{"ADM3_EN":"Vinzons","ADM3_PCODE":"PH0501612","ADM2_EN":"Camarines Norte","ADM2_PCODE":"PH05016","ADM1_EN":"Region V (Bicol Region)","ADM1_PCODE":"PH05","ADM0_EN":"Philippines (the)","ADM0_PCODE":"PH","date":"2022/11/09","validOn":"2023/11/06","validTo":null,"ADM3_REF":null,"ADM3ALT1EN":null,