{"type":"Topology","arcs":[[[1242,1196],[-160,-1]],[[1082,1195],[-44,83],[47,44],[-69,64],[-44,79],[-123,51],[-41,-54],[90,-18],[-25,-80],[-178,83],[-89,15],[-85,-119],[-143,-2],[-106,106],[20,43],[-13,97],[-135,22],[-34,136],[1,92]],[[111,1837],[8,-5]],[[119,1832],[49,-93],[60,-11]],[[228,1728],[468,7],[196,-20],[100,3],[87,70],[26,95],[86,69]],[[1191,1952],[-12,-108],[35,1],[9,-361],[19,-90],[0,-198]],[[931,1311],[-9,-3]],[[922,1308],[9,3]],[[400,1135],[165,-82],[28,-51],[-105,6],[-69,26],[-19,101]],[[350,982],[33,-52],[-57,-54],[-11,100],[-52,45],[37,30],[50,-69]],[[1442,2119],[54,-107],[59,-9],[92,47],[45,-39],[-6,-83],[-97,0],[5,-74],[-25,-48],[24,-131],[72,-7],[32,-63],[124,-150],[23,-74],[-21,-39],[20,-95],[-69,-181],[-54,-63],[4,-35],[-59,-86],[52,-62],[-2,-118],[-28,-30],[-136,-40],[-9,-29],[119,-58],[30,-43],[-24,-87],[80,-23],[85,8],[103,-105],[-42,-127],[-4,-76],[-86,-15],[-106,20],[-36,-95],[-95,-2],[-37,82],[-103,108],[-14,39],[38,62],[0,210],[-104,56]],[[1346,557],[45,53],[-5,318]],[[1386,928],[-4,267],[-140,1]],[[1191,1952],[100,165],[80,22],[71,-20]],[[1346,557],[-94,48],[-63,79],[-84,38],[50,117],[-38,56],[-49,-29],[-74,13],[-98,-50],[-55,43],[55,48]],[[896,920],[490,8]],[[570,876],[150,-77],[-95,-22],[-55,99]],[[495,2717],[30,-5]],[[525,2712],[9,0]],[[534,2712],[94,-17],[327,-136],[367,-195],[191,-90],[26,12]],[[1539,2286],[40,-82],[-137,-85]],[[228,1728],[-53,53],[84,76],[71,272],[48,2],[65,-48],[52,29],[-52,45],[-103,26],[-52,88],[72,14],[117,-47],[26,-75],[114,87],[2,35],[-126,99],[-100,109],[69,22],[-16,164],[49,38]],[[111,1837],[8,-5]],[[1437,2522],[-115,52],[-55,63],[-6,52],[-96,40],[-70,67],[35,60],[-55,130],[-91,50],[-96,28],[-157,110]],[[731,3174],[-58,50],[-9,89],[40,95],[85,-23],[35,-75],[58,-53],[63,-19],[108,39],[74,95],[57,263],[-26,72],[38,70],[51,27],[23,74],[61,14],[22,44],[69,23],[61,-33],[44,-94],[-23,-63],[104,-49],[58,-85],[-28,-40],[61,-124],[37,-23],[-52,-67],[-40,-108],[24,-57],[-45,-28],[-35,-102],[-125,-183],[-11,-71],[75,-117],[-25,-59],[23,-35],[-18,-70],[-70,-29]],[[217,3642],[-106,38],[17,49],[-76,62],[-48,75],[66,33],[238,-106],[-66,-87],[-25,-64]],[[931,1311],[-9,-3]],[[896,920],[18,39],[-67,25],[-8,75],[66,68],[81,-31],[-3,67],[-68,27],[40,75],[127,-70]],[[1437,2522],[76,-113],[26,-123]],[[534,2712],[-5,40],[-78,10],[-42,90],[34,60],[-38,85],[45,19],[188,-1],[66,-24],[29,43],[-2,140]],[[495,2717],[30,-5]]],"transform":{"scale":[0.0001260628894056555,0.00015637653346806484],"translate":[125.46284049000008,9.8525]},"objects":{"municities-provdist-ph16085":{"type":"GeometryCollection","geometries":[{"arcs":[[[0,1,2,3,4,5]],[[8]],[[9]]],"type":"MultiPolygon","properties":{"ADM3_EN":"Basilisa (Rizal)","ADM3_PCODE":"PH1608501","ADM2_EN":"Dinagat Islands","ADM2_PCODE":"PH16085","ADM1_EN":"Region XIII (Caraga)","ADM1_PCODE":"PH16","ADM0_EN":"Philippines (the)","ADM0_PCODE":"PH","date":"2022/11/09","validOn":"2023/11/06","validTo":null,"ADM3_REF":null,"ADM3ALT1EN":"Rizal","Shape_Leng":1.52096498404,"Shape_Area":0.00820144177146,"AREA_SQKM":99.4316812156},"id":"PH1608501"},{"arcs":[[10,11,12,-6,13]],"type":"Polygon","properties":{"ADM3_EN":"Cagdianao","ADM3_PCODE":"PH1608502","ADM2_EN":"Dinagat Islands","ADM2_PCODE":"PH16085","ADM1_EN":"Region XIII (Caraga)","ADM1_PCODE":"PH16","ADM0_EN":"Philippines (the)","ADM0_PCODE":"PH","date":"2022/11/09","validOn":"2023/11/06","validTo":null,"ADM3_REF":null,"ADM3ALT1EN":null,"Shape_Leng":1.30024124102,"Shape_Area":0.0163787906358,"AREA_SQKM":198.608426149},"id":"PH1608502"},{"arcs":[[[14,15,-12]],[[16]]],"type":"MultiPolygon","properties":{"ADM3_EN":"Dinagat","ADM3_PCODE":"PH1608503","ADM2_EN":"Dinagat Islands","ADM2_PCODE":"PH16085","ADM1_EN":"Region XIII (Caraga)","ADM1_PCODE":"PH16","ADM0_EN":"Philippines (the)","ADM0_PCODE":"PH","date":"2022/11/09","validOn":"2023/11/06","validTo":null,"ADM3_REF":null,"ADM3ALT1EN":null,"Shape_Leng":0.788164499311,"Shape_Area":0.00230550602796,"AREA_SQKM":27.9609595804},"id":"PH1608503"},{"arcs":[[17,18,19,20,-14,-5,21]],"type":"Polygon","properties":{"ADM3_EN":"Libjo (Albor)","ADM3_PCODE":"PH1608504","ADM2_EN":"Dinagat Islands","ADM2_PCODE":"PH16085","ADM1_EN":"Region XIII (Caraga)","ADM1_PCODE":"PH16","ADM0_EN":"Philippines (the)","ADM0_PCODE":"PH","date":"2022/11/09","validOn":"2023/11/06","validTo":null,"ADM3_REF":null,"ADM3ALT1EN":"Albor","Shape_Leng":1.25891957566,"Shape_Area":0.0154028976523,"AREA_SQKM":186.683008464},"id":"PH1608504"},{"arcs":[[[23,24]],[[25]]],"type":"MultiPolygon","properties":{"ADM3_EN":"Loreto","ADM3_PCODE":"PH1608505","ADM2_EN":"Dinagat Islands","ADM2_PCODE":"PH16085","ADM1_EN":"Region XIII (Caraga)","ADM1_PCODE":"PH16","ADM0_EN":"Philippines (the)","ADM0_PCODE":"PH","date":"2022/11/09","validOn":"2023/11/06","validTo":null,"ADM3_REF":null,"ADM3ALT1EN":null,"Shape_Leng":1.12755141974,"Shape_Area":0.0141808919422,"AREA_SQKM":171.778682119},"id":"PH1608505"},{"arcs":[[-1,-13,-16,27]],"type":"Polygon","properties":{"ADM3_EN":"San Jose (Capital)","ADM3_PCODE":"PH1608506","ADM2_EN":"Dinagat Islands","ADM2_PCODE":"PH16085","ADM1_EN":"Region XIII (Caraga)","ADM1_PCODE":"PH16","ADM0_EN":"Philippines (the)","ADM0_PCODE":"PH","date":"2022/11/09","validOn":"2023/11/06","validTo":null,"ADM3_REF":null,"ADM3ALT1EN":null,"Shape_Leng":0.353673718012,"Shape_Area":0.00266222945687,"AREA_SQKM":32.2829895675},"id":"PH1608506"},{"arcs":[[-24,28,-20,29]],"type":"Polygon","properties":{"ADM3_EN":"Tubajon","ADM3_PCODE":"PH1608507","ADM2_EN":"Dinagat Islands","ADM2_PCODE":"PH16085","ADM1_EN":"Region XIII (Caraga)","ADM1_PCODE":"PH16","ADM0_EN":"Philippines (the)","ADM0_PCODE":"PH","date":"2022/11/09","validOn":"2023/11/06","validTo":null,"ADM3_REF":null,"ADM3ALT1EN":null,"Shape_Leng":0.567822951292,"Shape_Area":0.00730785405962,"AREA_SQKM":88.5461805847},"id":"PH1608507"}]}}}