{"type":"Topology","arcs":[[[421,224],[19,-63],[-83,-113]],[[357,48],[-49,170]],[[308,218],[15,-8]],[[323,210],[98,14]],[[446,412],[1,-84],[-124,-118]],[[308,218],[-8,40]],[[300,258],[97,80],[-6,63]],[[391,401],[55,11]],[[123,658],[-76,-141]],[[47,517],[-24,133]],[[23,650],[61,51]],[[84,701],[39,-43]],[[249,484],[-98,0],[-101,-51],[-50,-91]],[[0,342],[44,104]],[[44,446],[96,43],[35,102]],[[175,591],[74,-107]],[[300,394],[-57,-84]],[[243,310],[-243,32]],[[249,484],[51,-90]],[[458,419],[80,-32]],[[538,387],[-4,-67]],[[534,320],[-113,-96]],[[446,412],[12,7]],[[867,578],[67,-41],[67,43]],[[1001,580],[17,-43],[-74,-121]],[[944,416],[-187,39]],[[757,455],[-7,78]],[[750,533],[49,40]],[[799,573],[68,5]],[[683,816],[-6,47]],[[677,863],[52,35],[27,98]],[[756,996],[33,-61],[-106,-119]],[[950,654],[-73,-60]],[[877,594],[-26,8]],[[851,602],[-109,27]],[[742,629],[17,55]],[[759,684],[177,10]],[[936,694],[14,-40]],[[691,358],[89,-164]],[[780,194],[-15,-9]],[[765,185],[-101,120],[-14,69],[-74,31]],[[576,405],[29,44]],[[605,449],[27,3]],[[632,452],[59,-94]],[[300,258],[-57,52]],[[300,394],[91,7]],[[944,416],[-126,-88]],[[818,328],[-81,80]],[[737,408],[-6,49]],[[731,457],[26,-2]],[[851,602],[-52,-29]],[[750,533],[-76,19]],[[674,552],[2,28]],[[676,580],[66,49]],[[867,578],[10,16]],[[950,654],[51,-74]],[[683,816],[12,-51]],[[695,765],[-52,-8]],[[643,757],[-30,10]],[[613,767],[-43,16]],[[570,783],[16,100]],[[586,883],[91,-20]],[[737,408],[-46,-50]],[[632,452],[12,13]],[[644,465],[87,-8]],[[818,328],[-38,-134]],[[765,185],[-73,-10]],[[692,175],[-33,69],[-85,33]],[[574,277],[-6,2]],[[568,279],[-34,41]],[[538,387],[38,18]],[[895,793],[41,-99]],[[759,684],[-9,34]],[[750,718],[145,75]],[[644,465],[30,87]],[[750,718],[-18,26]],[[732,744],[150,70]],[[882,814],[13,-21]],[[613,767],[29,-35]],[[642,732],[-72,51]],[[834,892],[48,-78]],[[732,744],[-27,20]],[[705,764],[129,128]],[[643,757],[-1,-25]],[[576,405],[-55,83]],[[521,488],[50,48]],[[571,536],[34,-87]],[[692,175],[-14,1]],[[678,176],[-86,67]],[[592,243],[1,7]],[[593,250],[-16,17]],[[577,267],[-1,2]],[[576,269],[-1,5]],[[575,274],[-1,3]],[[568,279],[7,-5]],[[576,269],[1,-2]],[[593,250],[-1,-7]],[[678,176],[-170,-137],[-139,-39],[-12,48]],[[23,650],[61,51]],[[571,536],[105,44]],[[762,1009],[-6,-13]],[[586,883],[8,119],[115,67],[53,-60]],[[44,446],[3,71]],[[123,658],[52,-67]],[[705,764],[-10,1]],[[762,1009],[81,-5],[-9,-112]],[[458,419],[63,69]]],"transform":{"scale":[0.0005970095000000624,0.0005670056117866825],"translate":[121.02636499300002,13.963490883000075]},"objects":{"municities-provdist-ph04034":{"type":"GeometryCollection","geometries":[{"arcs":[[0,1,2,3]],"type":"Polygon","properties":{"ADM3_EN":"Alaminos","ADM3_PCODE":"PH0403401","ADM2_EN":"Laguna","ADM2_PCODE":"PH04034","ADM1_EN":"Region IV-A (Calabarzon)","ADM1_PCODE":"PH04","ADM0_EN":"Philippines (the)","ADM0_PCODE":"PH","date":"2022/11/09","validOn":"2023/11/06","validTo":null,"ADM3_REF":null,"ADM3ALT1EN":null,"Shape_Leng":0.389940193527,"Shape_Area":0.00499127135033,"AREA_SQKM":59.648747636},"id":"PH0403401"},{"arcs":[[4,-3,5,6,7]],"type":"Polygon","properties":{"ADM3_EN":"Bay","ADM3_PCODE":"PH0403402","ADM2_EN":"Laguna","ADM2_PCODE":"PH04034","ADM1_EN":"Region IV-A (Calabarzon)","ADM1_PCODE":"PH04","ADM0_EN":"Philippines (the)","ADM0_PCODE":"PH","date":"2022/11/09","validOn":"2023/11/06","validTo":null,"ADM3_REF":null,"ADM3ALT1EN":null,"Shape_Leng":0.392814582037,"Shape_Area":0.00321291124533,"AREA_SQKM":38.379616274},"id":"PH0403402"},{"arcs":[[8,9,10,11]],"type":"Polygon","properties":{"ADM3_EN":"City of Biñan","ADM3_PCODE":"PH0403403","ADM2_EN":"Laguna","ADM2_PCODE":"PH04034","ADM1_EN":"Region IV-A (Calabarzon)","ADM1_PCODE":"PH04","ADM0_EN":"Philippines (the)","ADM0_PCODE":"PH","date":"2022/11/09","validOn":"2023/11/06","validTo":null,"ADM3_REF":"City of Binan","ADM3ALT1EN":null,"Shape_Leng":0.440961756998,"Shape_Area":0.00314877581066,"AREA_SQKM":37.5871339547},"id":"PH0403403"},{"arcs":[[12,13,14,15]],"type":"Polygon","properties":{"ADM3_EN":"Cabuyao City","ADM3_PCODE":"PH0403404","ADM2_EN":"Laguna","ADM2_PCODE":"PH04034","ADM1_EN":"Region IV-A (Calabarzon)","ADM1_PCODE":"PH04","ADM0_EN":"Philippines (the)","ADM0_PCODE":"PH","date":"2022/11/09","validOn":"2023/11/06","validTo":null,"ADM3_REF":null,"ADM3ALT1EN":null,"Shape_Leng":0.60983113127,"Shape_Area":0.0039670771815,"AREA_SQKM":47.3692035123},"id":"PH0403404"},{"arcs":[[16,17,-13,18]],"type":"Polygon","properties":{"ADM3_EN":"City of Calamba","ADM3_PCODE":"PH0403405","ADM2_EN":"Laguna","ADM2_PCODE":"PH04034","ADM1_EN":"Region IV-A (Calabarzon)","ADM1_PCODE":"PH04","ADM0_EN":"Philippines (the)","ADM0_PCODE":"PH","date":"2022/11/09","validOn":"2023/11/06","validTo":null,"ADM3_REF":null,"ADM3ALT1EN":null,"Shape_Leng":0.580894257197,"Shape_Area":0.0116650608384,"AREA_SQKM":139.318729623},"id":"PH0403405"},{"arcs":[[19,20,21,-4,-5,22]],"type":"Polygon","properties":{"ADM3_EN":"Calauan","ADM3_PCODE":"PH0403406","ADM2_EN":"Laguna","ADM2_PCODE":"PH04034","ADM1_EN":"Region IV-A (Calabarzon)","ADM1_PCODE":"PH04","ADM0_EN":"Philippines (the)","ADM0_PCODE":"PH","date":"2022/11/09","validOn":"2023/11/06","validTo":null,"ADM3_REF":null,"ADM3ALT1EN":null,"Shape_Leng":0.509336133447,"Shape_Area":0.00627544886667,"AREA_SQKM":74.9666704858},"id":"PH0403406"},{"arcs":[[23,24,25,26,27,28]],"type":"Polygon","properties":{"ADM3_EN":"Cavinti","ADM3_PCODE":"PH0403407","ADM2_EN":"Laguna","ADM2_PCODE":"PH04034","ADM1_EN":"Region IV-A (Calabarzon)","ADM1_PCODE":"PH04","ADM0_EN":"Philippines (the)","ADM0_PCODE":"PH","date":"2022/11/09","validOn":"2023/11/06","validTo":null,"ADM3_REF":null,"ADM3ALT1EN":null,"Shape_Leng":0.696113462786,"Shape_Area":0.00971925714376,"AREA_SQKM":116.049856009},"id":"PH0403407"},{"arcs":[[29,30,31]],"type":"Polygon","properties":{"ADM3_EN":"Famy","ADM3_PCODE":"PH0403408","ADM2_EN":"Laguna","ADM2_PCODE":"PH04034","ADM1_EN":"Region IV-A (Calabarzon)","ADM1_PCODE":"PH04","ADM0_EN":"Philippines (the)","ADM0_PCODE":"PH","date":"2022/11/09","validOn":"2023/11/06","validTo":null,"ADM3_REF":null,"ADM3ALT1EN":null,"Shape_Leng":0.355684691562,"Shape_Area":0.00280097608744,"AREA_SQKM":33.4100077386},"id":"PH0403408"},{"arcs":[[32,33,34,35,36,37]],"type":"Polygon","properties":{"ADM3_EN":"Kalayaan","ADM3_PCODE":"PH0403409","ADM2_EN":"Laguna","ADM2_PCODE":"PH04034","ADM1_EN":"Region IV-A (Calabarzon)","ADM1_PCODE":"PH04","ADM0_EN":"Philippines (the)","ADM0_PCODE":"PH","date":"2022/11/09","validOn":"2023/11/06","validTo":null,"ADM3_REF":null,"ADM3ALT1EN":null,"Shape_Leng":0.494214802473,"Shape_Area":0.00448954012192,"AREA_SQKM":53.5858934018},"id":"PH0403409"},{"arcs":[[38,39,40,41,42,43]],"type":"Polygon","properties":{"ADM3_EN":"Liliw","ADM3_PCODE":"PH0403410","ADM2_EN":"Laguna","ADM2_PCODE":"PH04034","ADM1_EN":"Region IV-A (Calabarzon)","ADM1_PCODE":"PH04","ADM0_EN":"Philippines (the)","ADM0_PCODE":"PH","date":"2022/11/09","validOn":"2023/11/06","validTo":null,"ADM3_REF":null,"ADM3ALT1EN":null,"Shape_Leng":0.476119519425,"Shape_Area":0.00358664007471,"AREA_SQKM":42.844513714},"id":"PH0403410"},{"arcs":[[-7,44,-17,45]],"type":"Polygon","properties":{"ADM3_EN":"Los Baños","ADM3_PCODE":"PH0403411","ADM2_EN":"Laguna","ADM2_PCODE":"PH04034","ADM1_EN":"Region IV-A (Calabarzon)","ADM1_PCODE":"PH04","ADM0_EN":"Philippines (the)","ADM0_PCODE":"PH","date":"2022/11/09","validOn":"2023/11/06","validTo":null,"ADM3_REF":"Los Banos","ADM3ALT1EN":null,"Shape_Leng":0.334643510374,"Shape_Area":0.00465016553394,"AREA_SQKM":55.5461930416},"id":"PH0403411"},{"arcs":[[-26,46,47,48,49]],"type":"Polygon","properties":{"ADM3_EN":"Luisiana","ADM3_PCODE":"PH0403412","ADM2_EN":"Laguna","ADM2_PCODE":"PH04034","ADM1_EN":"Region IV-A (Calabarzon)","ADM1_PCODE":"PH04","ADM0_EN":"Philippines (the)","ADM0_PCODE":"PH","date":"2022/11/09","validOn":"2023/11/06","validTo":null,"ADM3_REF":null,"ADM3ALT1EN":null,"Shape_Leng":0.451760665007,"Shape_Area":0.00627756013688,"AREA_SQKM":74.9741586521},