{"type":"Topology","arcs":[[[2033,569],[-21,-116]],[[2012,453],[-140,14]],[[1872,467],[-61,65],[35,105]],[[1846,637],[169,-27],[18,-41]],[[1828,755],[24,-82]],[[1852,673],[-15,-18]],[[1837,655],[-128,-10],[-99,30]],[[1610,675],[-11,10]],[[1599,685],[-3,32],[117,118]],[[1713,835],[33,6]],[[1746,841],[82,-86]],[[2067,769],[-37,-65],[37,-126]],[[2067,578],[-34,-9]],[[1846,637],[-9,18]],[[1852,673],[57,-9],[31,86],[51,-25],[45,45]],[[2036,770],[31,-1]],[[2254,924],[-6,-85],[92,-41],[19,-39]],[[2359,759],[-12,-40]],[[2347,719],[-19,-49],[-73,1]],[[2255,671],[-89,87],[-76,41]],[[2090,799],[22,86]],[[2112,885],[142,39]],[[2090,799],[-23,-30]],[[2036,770],[-101,41]],[[1935,811],[-34,72]],[[1901,883],[10,98]],[[1911,981],[69,3],[75,73]],[[2055,1057],[12,3]],[[2067,1060],[45,-175]],[[1610,675],[5,-22]],[[1615,653],[-54,-11]],[[1561,642],[-4,21]],[[1557,663],[9,25]],[[1566,688],[33,-3]],[[2408,675],[12,-110],[36,-67]],[[2456,498],[-37,-84],[-115,18]],[[2304,432],[-7,85],[-78,16]],[[2219,533],[36,138]],[[2347,719],[61,-44]],[[2486,841],[-110,-70]],[[2376,771],[-9,150]],[[2367,921],[40,37]],[[2407,958],[61,-55],[18,-62]],[[1530,797],[20,-81]],[[1550,716],[-12,-11]],[[1538,705],[-17,3]],[[1521,708],[-46,75]],[[1475,783],[55,14]],[[2327,1073],[11,-113]],[[2338,960],[-84,-36]],[[2067,1060],[105,36],[35,-53],[120,30]],[[1521,708],[-4,-36]],[[1517,672],[-42,111]],[[2200,506],[32,-96]],[[2232,410],[-92,55]],[[2140,465],[25,35]],[[2165,500],[35,6]],[[1557,663],[-10,-2]],[[1547,661],[-9,44]],[[1550,716],[16,-28]],[[1547,661],[-30,1]],[[1517,662],[0,10]],[[2470,1051],[-63,-93]],[[2367,921],[-29,39]],[[2327,1073],[123,66],[20,-88]],[[2219,533],[-19,-27]],[[2165,500],[-50,66],[-48,12]],[[1911,981],[-6,14]],[[1905,995],[68,49],[82,13]],[[1901,883],[-71,46],[-72,-31],[-12,-57]],[[1713,835],[-75,48]],[[1638,883],[267,112]],[[2530,837],[23,-257]],[[2553,580],[-58,96],[-87,-1]],[[2359,759],[17,12]],[[2486,841],[44,-4]],[[2470,1051],[60,-214]],[[1561,642],[-33,-7]],[[1528,635],[-11,27]],[[1669,508],[-122,7],[-2,53]],[[1545,568],[68,69]],[[1613,637],[36,-27],[20,-102]],[[1828,755],[107,56]],[[2553,580],[-25,-75],[-72,-7]],[[1530,797],[10,39],[98,47]],[[1545,568],[-17,67]],[[1615,653],[-2,-16]],[[1872,467],[-110,1],[-93,40]],[[2304,432],[-72,-22]],[[2140,465],[-128,-12]]],"transform":{"scale":[0.00011184597336467151,0.00009404905179978723],"translate":[124.61781340200001,10.26589778300007]},"objects":{"bgysubmuns-municity-ph0803707":{"type":"GeometryCollection","geometries":[{"arcs":[[0,1,2,3]],"type":"Polygon","properties":{"ADM4_EN":"Alegria","ADM4_PCODE":"PH0803707001","ADM4_REF":null,"ADM3_EN":"Bato","ADM3_PCODE":"PH0803707","ADM2_EN":"Leyte","ADM2_PCODE":"PH08037","ADM1_EN":"Region VIII (Eastern Visayas)","ADM1_PCODE":"PH08","ADM0_EN":"Philippines (the)","ADM0_PCODE":"PH","date":"2022/11/09","validOn":"2023/11/06","validTo":null,"Shape_Leng":0.0999818587042,"Shape_Area":0.000300082342577,"AREA_SQKM":3.63557927407},"id":"PH0803707001"},{"arcs":[[4,5,6,7,8,9,10]],"type":"Polygon","properties":{"ADM4_EN":"Alejos","ADM4_PCODE":"PH0803707002","ADM4_REF":null,"ADM3_EN":"Bato","ADM3_PCODE":"PH0803707","ADM2_EN":"Leyte","ADM2_PCODE":"PH08037","ADM1_EN":"Region VIII (Eastern Visayas)","ADM1_PCODE":"PH08","ADM0_EN":"Philippines (the)","ADM0_PCODE":"PH","date":"2022/11/09","validOn":"2023/11/06","validTo":null,"Shape_Leng":0.123114141097,"Shape_Area":0.000335875186325,"AREA_SQKM":4.06899527416},"id":"PH0803707002"},{"arcs":[[11,12,-4,13,-6,14,15]],"type":"Polygon","properties":{"ADM4_EN":"Amagos","ADM4_PCODE":"PH0803707003","ADM4_REF":null,"ADM3_EN":"Bato","ADM3_PCODE":"PH0803707","ADM2_EN":"Leyte","ADM2_PCODE":"PH08037","ADM1_EN":"Region VIII (Eastern Visayas)","ADM1_PCODE":"PH08","ADM0_EN":"Philippines (the)","ADM0_PCODE":"PH","date":"2022/11/09","validOn":"2023/11/06","validTo":null,"Shape_Leng":0.12839582709,"Shape_Area":0.000239044162158,"AREA_SQKM":2.89598255291},"id":"PH0803707003"},{"arcs":[[16,17,18,19,20,21]],"type":"Polygon","properties":{"ADM4_EN":"Anahawan","ADM4_PCODE":"PH0803707004","ADM4_REF":null,"ADM3_EN":"Bato","ADM3_PCODE":"PH0803707","ADM2_EN":"Leyte","ADM2_PCODE":"PH08037","ADM1_EN":"Region VIII (Eastern Visayas)","ADM1_PCODE":"PH08","ADM0_EN":"Philippines (the)","ADM0_PCODE":"PH","date":"2022/11/09","validOn":"2023/11/06","validTo":null,"Shape_Leng":0.130928384801,"Shape_Area":0.000418249360151,"AREA_SQKM":5.06683382946},"id":"PH0803707004"},{"arcs":[[-21,22,-16,23,24,25,26,27,28]],"type":"Polygon","properties":{"ADM4_EN":"Bago","ADM4_PCODE":"PH0803707005","ADM4_REF":null,"ADM3_EN":"Bato","ADM3_PCODE":"PH0803707","ADM2_EN":"Leyte","ADM2_PCODE":"PH08037","ADM1_EN":"Region VIII (Eastern Visayas)","ADM1_PCODE":"PH08","ADM0_EN":"Philippines (the)","ADM0_PCODE":"PH","date":"2022/11/09","validOn":"2023/11/06","validTo":null,"Shape_Leng":0.11184775513,"Shape_Area":0.000450629340328,"AREA_SQKM":5.4589198884},"id":"PH0803707005"},{"arcs":[[-8,29,30,31,32,33]],"type":"Polygon","properties":{"ADM4_EN":"Bagong Bayan District (Pob.)","ADM4_PCODE":"PH0803707006","ADM4_REF":null,"ADM3_EN":"Bato","ADM3_PCODE":"PH0803707","ADM2_EN":"Leyte","ADM2_PCODE":"PH08037","ADM1_EN":"Region VIII (Eastern Visayas)","ADM1_PCODE":"PH08","ADM0_EN":"Philippines (the)","ADM0_PCODE":"PH","date":"2022/11/09","validOn":"2023/11/06","validTo":null,"Shape_Leng":0.0227889857368,"Shape_Area":0.0000193127453298,"AREA_SQKM":0.233970688338},"id":"PH0803707006"},{"arcs":[[34,35,36,37,-19,38]],"type":"Polygon","properties":{"ADM4_EN":"Buli","ADM4_PCODE":"PH0803707008","ADM4_REF":null,"ADM3_EN":"Bato","ADM3_PCODE":"PH0803707","ADM2_EN":"Leyte","ADM2_PCODE":"PH08037","ADM1_EN":"Region VIII (Eastern Visayas)","ADM1_PCODE":"PH08","ADM0_EN":"Philippines (the)","ADM0_PCODE":"PH","date":"2022/11/09","validOn":"2023/11/06","validTo":null,"Shape_Leng":0.124918234019,"Shape_Area":0.000469622078261,"AREA_SQKM":5.68955687302},"id":"PH0803707008"},{"arcs":[[39,40,41,42]],"type":"Polygon","properties":{"ADM4_EN":"Cebuana","ADM4_PCODE":"PH0803707009","ADM4_REF":null,"ADM3_EN":"Bato","ADM3_PCODE":"PH0803707","ADM2_EN":"Leyte","ADM2_PCODE":"PH08037","ADM1_EN":"Region VIII (Eastern Visayas)","ADM1_PCODE":"PH08","ADM0_EN":"Philippines (the)","ADM0_PCODE":"PH","date":"2022/11/09","validOn":"2023/11/06","validTo":null,"Shape_Leng":0.0685217231864,"Shape_Area":0.00015664547087,"AREA_SQKM":1.8976229364},"id":"PH0803707009"},{"arcs":[[43,44,45,46,47]],"type":"Polygon","properties":{"ADM4_EN":"Daan Lungsod","ADM4_PCODE":"PH0803707010","ADM4_REF":null,"ADM3_EN":"Bato","ADM3_PCODE":"PH0803707","ADM2_EN":"Leyte","ADM2_PCODE":"PH08037","ADM1_EN":"Region VIII (Eastern Visayas)","ADM1_PCODE":"PH08","ADM0_EN":"Philippines (the)","ADM0_PCODE":"PH","date":"2022/11/09","validOn":"2023/11/06","validTo":null,"Shape_Leng":0.0315091023008,"Shape_Area":0.0000398067660653,"AREA_SQKM":0.482238757368},"id":"PH0803707010"},{"type":null,"properties":{"ADM4_EN":"Dawahon","ADM4_PCODE":"PH0803707011","ADM4_REF":null,"ADM3_EN":"Bato","ADM3_PCODE":"PH0803707","ADM2_EN":"Leyte","ADM2_PCODE":"PH08037","ADM1_EN":"Region VIII (Eastern Visayas)","ADM1_PCODE":"PH08","ADM0_EN":"Philippines (the)","ADM0_PCODE":"PH","date":"2022/11/09","validOn":"2023/11/06","validTo":null,"Shape_Leng":0.0122969996181,"Shape_Area":0.0000093262744804,"AREA_SQKM":0.113008485995},"id":"PH0803707011"},{"arcs":[[48,49,-22,-29,50]],"type":"Polygon","properties":{"ADM4_EN":"Himamaa","ADM4_PCODE":"PH0803707012","ADM4_REF":null,"ADM3_EN":"Bato","ADM3_PCODE":"PH0803707","ADM2_EN":"Leyte","ADM2_PCODE":"PH08037","ADM1_EN":"Region VIII (Eastern Visayas)","ADM1_PCODE":"PH08","ADM0_EN":"Philippines (the)","ADM0_PCODE":"PH","date":"2022/11/09","validOn":"2023/11/06","validTo":null,"Shape_Leng":0.108685279679,"Shape_Area":0.000365001969136,"AREA_SQKM":4.42151273072},"id":"PH0803707012"},{"arcs":[[51,52,-47]],"type":"Polygon","properties":{"ADM4_EN":"Dolho","ADM4_PCODE":"PH0803707013","ADM4_REF":null,"ADM3_EN":"Bato","ADM3_PCODE":"PH0803707","ADM2_EN":"Leyte","ADM2_PCODE":"PH08037",