{"type":"Topology","arcs":[[[927,298],[-44,-37]],[[883,261],[-53,22],[-27,48],[83,55]],[[886,386],[41,-88]],[[656,785],[107,-78]],[[763,707],[2,-22]],[[765,685],[-204,-39]],[[561,646],[-1,48]],[[560,694],[47,90]],[[607,784],[49,1]],[[565,748],[-114,-3]],[[451,745],[-16,-1]],[[435,744],[-2,51]],[[433,795],[115,13]],[[548,808],[17,-60]],[[719,583],[-31,-37]],[[688,546],[-57,-6]],[[631,540],[-13,21]],[[618,561],[-21,35]],[[597,596],[122,-13]],[[631,540],[-10,-118],[-58,-25],[-54,37],[13,63],[54,15],[42,49]],[[1025,293],[-86,-15]],[[939,278],[-12,20]],[[886,386],[1,51]],[[887,437],[19,15]],[[906,452],[79,10]],[[985,462],[17,-116],[23,-53]],[[544,823],[4,-15]],[[433,795],[-24,163],[22,31]],[[431,989],[113,-166]],[[451,745],[18,-203]],[[469,542],[-97,85]],[[372,627],[-3,85]],[[369,712],[66,32]],[[565,748],[-5,-54]],[[561,646],[1,-19]],[[562,627],[-93,-85]],[[322,711],[47,1]],[[372,627],[-127,44]],[[245,671],[77,40]],[[590,796],[17,-12]],[[544,823],[46,-27]],[[906,452],[-56,81]],[[850,533],[6,23]],[[856,556],[102,23]],[[958,579],[27,-117]],[[245,671],[-101,8],[-52,55]],[[92,734],[88,124],[7,76]],[[187,934],[43,8],[73,71]],[[303,1013],[19,-302]],[[993,115],[2,-55]],[[995,60],[-45,-16],[-147,15],[11,73]],[[814,132],[129,1]],[[943,133],[50,-18]],[[902,871],[-84,-28]],[[818,843],[-28,110]],[[790,953],[96,21],[16,-103]],[[818,843],[-29,-7]],[[789,836],[-32,-8],[-20,116]],[[737,944],[53,9]],[[1144,105],[-33,24],[-118,-14]],[[943,133],[-4,145]],[[1025,293],[56,-48],[91,11],[9,-91],[-37,-60]],[[433,1004],[-2,-15]],[[303,1013],[103,36],[27,-45]],[[665,935],[8,-82],[-18,-45]],[[655,808],[-43,-1]],[[612,807],[-27,138]],[[585,945],[80,-10]],[[953,655],[-61,9],[-76,-38]],[[816,626],[-20,72]],[[796,698],[132,42]],[[928,740],[25,-85]],[[953,655],[5,-76]],[[856,556],[-47,63]],[[809,619],[7,7]],[[924,772],[4,-32]],[[796,698],[-31,-13]],[[763,707],[34,102]],[[797,809],[40,7],[87,-44]],[[612,807],[-22,-11]],[[433,1004],[40,-1],[112,-58]],[[655,808],[1,-23]],[[789,836],[8,-27]],[[665,935],[72,9]],[[809,619],[-52,4],[-38,-40]],[[597,596],[-35,31]],[[1144,105],[21,-58],[-129,-47],[-41,60]],[[92,734],[-92,218],[187,-18]],[[850,533],[-92,-9]],[[758,524],[-70,22]],[[902,871],[22,-99]],[[887,437],[-68,27],[-31,-54],[-52,-28],[-49,70],[71,72]],[[814,132],[96,87],[-27,42]]],"transform":{"scale":[0.00011999345469938263,0.00010926064061014031],"translate":[120.14400125200007,15.934396405000031]},"objects":{"bgysubmuns-municity-ph0105522":{"type":"GeometryCollection","geometries":[{"arcs":[[0,1,2]],"type":"Polygon","properties":{"ADM4_EN":"Aliwekwek","ADM4_PCODE":"PH0105522001","ADM4_REF":null,"ADM3_EN":"Lingayen (Capital)","ADM3_PCODE":"PH0105522","ADM2_EN":"Pangasinan","ADM2_PCODE":"PH01055","ADM1_EN":"Region I (Ilocos Region)","ADM1_PCODE":"PH01","ADM0_EN":"Philippines (the)","ADM0_PCODE":"PH","date":"2022/11/09","validOn":"2023/11/06","validTo":null,"Shape_Leng":0.045219267163,"Shape_Area":0.000122795090771,"AREA_SQKM":1.45463847465},"id":"PH0105522001"},{"arcs":[[3,4,5,6,7,8]],"type":"Polygon","properties":{"ADM4_EN":"Baay","ADM4_PCODE":"PH0105522002","ADM4_REF":null,"ADM3_EN":"Lingayen (Capital)","ADM3_PCODE":"PH0105522","ADM2_EN":"Pangasinan","ADM2_PCODE":"PH01055","ADM1_EN":"Region I (Ilocos Region)","ADM1_PCODE":"PH01","ADM0_EN":"Philippines (the)","ADM0_PCODE":"PH","date":"2022/11/09","validOn":"2023/11/06","validTo":null,"Shape_Leng":0.067144594639,"Shape_Area":0.000220103932404,"AREA_SQKM":2.60681750179},"id":"PH0105522002"},{"arcs":[[9,10,11,12,13]],"type":"Polygon","properties":{"ADM4_EN":"Balangobong","ADM4_PCODE":"PH0105522003","ADM4_REF":null,"ADM3_EN":"Lingayen (Capital)","ADM3_PCODE":"PH0105522","ADM2_EN":"Pangasinan","ADM2_PCODE":"PH01055","ADM1_EN":"Region I (Ilocos Region)","ADM1_PCODE":"PH01","ADM0_EN":"Philippines (the)","ADM0_PCODE":"PH","date":"2022/11/09","validOn":"2023/11/06","validTo":null,"Shape_Leng":0.0510917757025,"Shape_Area":0.0000996132299448,"AREA_SQKM":1.17974196936},"id":"PH0105522003"},{"arcs":[[14,15,16,17,18]],"type":"Polygon","properties":{"ADM4_EN":"Balococ","ADM4_PCODE":"PH0105522004","ADM4_REF":null,"ADM3_EN":"Lingayen (Capital)","ADM3_PCODE":"PH0105522","ADM2_EN":"Pangasinan","ADM2_PCODE":"PH01055","ADM1_EN":"Region I (Ilocos Region)","ADM1_PCODE":"PH01","ADM0_EN":"Philippines (the)","ADM0_PCODE":"PH","date":"2022/11/09","validOn":"2023/11/06","validTo":null,"Shape_Leng":0.0357389745819,"Shape_Area":0.0000666322346866,"AREA_SQKM":0.789221968736},"id":"PH0105522004"},{"arcs":[[19,-17]],"type":"Polygon","properties":{"ADM4_EN":"Bantayan","ADM4_PCODE":"PH0105522006","ADM4_REF":null,"ADM3_EN":"Lingayen (Capital)","ADM3_PCODE":"PH0105522","ADM2_EN":"Pangasinan","ADM2_PCODE":"PH01055","ADM1_EN":"Region I (Ilocos Region)","ADM1_PCODE":"PH01","ADM0_EN":"Philippines (the)","ADM0_PCODE":"PH","date":"2022/11/09","validOn":"2023/11/06","validTo":null,"Shape_Leng":0.0552275980131,"Shape_Area":0.000172367738951,"AREA_SQKM":2.04171945899},"id":"PH0105522006"},{"arcs":[[20,21,-3,22,23,24,25]],"type":"Polygon","properties":{"ADM4_EN":"Basing","ADM4_PCODE":"PH0105522007","ADM4_REF":null,"ADM3_EN":"Lingayen (Capital)","ADM3_PCODE":"PH0105522","ADM2_EN":"Pangasinan","ADM2_PCODE":"PH01055","ADM1_EN":"Region I (Ilocos Region)","ADM1_PCODE":"PH01","ADM0_EN":"Philippines (the)","ADM0_PCODE":"PH","date":"2022/11/09","validOn":"2023/11/06","validTo":null,"Shape_Leng":0.062163223807,"Shape_Area":0.000211892022376,"AREA_SQKM":2.51001339017},"id":"PH0105522007"},{"arcs":[[26,-13,27,28]],"type":"Polygon","properties":{"ADM4_EN":"Capandanan","ADM4_PCODE":"PH0105522008","ADM4_REF":null,"ADM3_EN":"Lingayen (Capital)","ADM3_PCODE":"PH0105522","ADM2_EN":"Pangasinan","ADM2_PCODE":"PH01055","ADM1_EN":"Region I (Ilocos Region)","ADM1_PCODE":"PH01","ADM0_EN":"Philippines (the)","ADM0_PCODE":"PH","date":"2022/11/09","validOn":"2023/11/06","validTo":null,"Shape_Leng":0.0606788773704,"Shape_Area":0.000183589692135,"AREA_SQKM":2.17417261371},"id":"PH0105522008"},{"arcs":[[29,30,31,32,-11]],"type":"Polygon","properties":{"ADM4_EN":"Domalandan Center","ADM4_PCODE":"PH0105522009","ADM4_REF":null,"ADM3_EN":"Lingayen (Capital)","ADM3_PCODE":"PH0105522","ADM2_EN":"Pangasinan","ADM2_PCODE":"PH01055","ADM1_EN":"Region I (Ilocos Region)","ADM1_PCODE":"PH01","ADM0_EN":"Philippines (the)","ADM0_PCODE":"PH","date":"2022/11/09","validOn":"2023/11/06","validTo":null,"Shape_Leng":0.0586745924468,"Shape_Area":0.000163608036456,"AREA_SQKM":1.93776646804},"id":"PH0105522009"},{"arcs":[[33,-7,34,35,-30,-10]],"type":"Polygon","properties":{"ADM4_EN":"Domalandan East","ADM4_PCODE":"PH0105522010","ADM4_REF":null,"ADM3_EN":"Lingayen (Capital)","ADM3_PCODE":"PH0105522","ADM2_EN":"Pangasinan","ADM2_PCODE":"PH01055","ADM1_EN":"Region I (Ilocos Region)","ADM1_PCODE":"PH01","ADM0_EN":"Philippines (the)","ADM0_PCODE":"PH","date":"2022/11/09","validOn":"2023/11/06","validTo":null,"Shape_Leng":0.0764629495463,"Shape_Area":0.000221288279609,"AREA_SQKM":2.6209197417},"id":"PH0105522010"},{"arcs":[[36,-32,37,38]],"type":"Polygon","properties":{"ADM4_EN":"Domalandan West","ADM4_PCODE":"PH0105522011","ADM4_REF":null,"ADM3_EN":"Lingayen (Capital)","ADM3_PCODE":"PH0105522","ADM2_EN":"Pangasinan","ADM2_PCODE":"PH01055","ADM1_EN":"Region I (Ilocos Region)","ADM1_PCODE":"PH01","ADM0_EN":"Philippines (the)","ADM0_PCODE":"PH","date":"2022/11/09","validOn":"2023/11/06","validTo":null,"Shape_Leng":0.0453169312544,"Shape_Area":0.0000928472579959,"AREA_SQKM":1.09966464417},"id":"PH0105522011"},{"arcs":[[39,-8,-34,-14,-27,40]],"type":"Polygon","properties":{"ADM4_EN":"Dorongan","ADM4_PCODE":"PH0105522013","ADM4_REF":null,"ADM3_EN":"Lingayen (Capital)","ADM3_PCODE":"PH0105522","ADM2_EN":"Pangasinan","ADM2_PCODE":"PH01055","ADM1_EN":"Region I (Ilocos Region)","ADM1_PCODE":"PH01","ADM0_EN":"Philippines (the)","ADM0_PCODE":"PH","date":"2022/11/09","validOn":"2023/11/06","validTo":null,"Shape_Leng":0.0358373564316,"Shape_Area":0.0000519318979561,"AREA_SQKM":0.615043050786},"id":"PH0105522013"},{"arcs":[[-25,41,42,43,44]],