{"type":"Topology","arcs":[[[1418,1044],[-12,-55]],[[1406,989],[-36,-26]],[[1370,963],[-14,-5]],[[1356,958],[-27,64]],[[1329,1022],[10,14]],[[1339,1036],[79,8]],[[1379,745],[-61,-38]],[[1318,707],[-44,2],[-81,48]],[[1193,757],[19,94]],[[1212,851],[68,-24],[24,65],[52,66]],[[1370,963],[26,-62],[-17,-156]],[[1371,1133],[50,-82]],[[1421,1051],[-3,-7]],[[1339,1036],[-6,78]],[[1333,1114],[38,19]],[[1554,1124],[-7,-60]],[[1547,1064],[-49,4]],[[1498,1068],[-20,5]],[[1478,1073],[-9,45],[24,36]],[[1493,1154],[28,6]],[[1521,1160],[33,-36]],[[1547,1064],[14,-111]],[[1561,953],[-53,4]],[[1508,957],[-10,111]],[[1561,953],[-34,-28],[18,-67],[-3,-63],[-37,-51],[1,-36]],[[1506,708],[-58,75],[-31,-21]],[[1417,762],[23,56],[52,33],[-3,85]],[[1489,936],[19,21]],[[1506,708],[-38,-42],[-17,-61],[-42,-62],[-23,-5]],[[1386,538],[-9,63],[-58,86]],[[1319,687],[-1,20]],[[1379,745],[38,17]],[[1484,1228],[-2,-60]],[[1482,1168],[-45,-16]],[[1437,1152],[-2,89]],[[1435,1241],[49,-13]],[[1522,1206],[-1,-46]],[[1493,1154],[-11,14]],[[1484,1228],[38,-22]],[[1136,1042],[19,-35],[55,-33],[39,15]],[[1249,989],[15,-7]],[[1264,982],[-2,-51],[-50,-80]],[[1212,851],[-59,50]],[[1153,901],[-47,37],[-40,104]],[[1066,1042],[13,29]],[[1079,1071],[57,-29]],[[1248,1035],[1,-46]],[[1136,1042],[43,27],[69,-34]],[[1264,982],[49,-6],[16,46]],[[1645,1242],[-38,32]],[[1607,1274],[8,9]],[[1615,1283],[30,-41]],[[1506,1315],[30,-47]],[[1536,1268],[-103,6]],[[1433,1274],[-4,37]],[[1429,1311],[77,4]],[[1536,1268],[31,-28]],[[1567,1240],[-45,-34]],[[1435,1241],[-2,33]],[[1607,1274],[-40,-34]],[[1506,1315],[109,-32]],[[1386,538],[-29,-121],[-70,-5]],[[1287,412],[-69,60],[27,72],[-4,45]],[[1241,589],[39,13],[39,85]],[[1478,1073],[-57,-22]],[[1371,1133],[66,19]],[[1248,1035],[35,78]],[[1283,1113],[25,47]],[[1308,1160],[25,-46]],[[1079,1071],[-2,24]],[[1077,1095],[32,32],[135,-40],[39,26]],[[1645,1242],[-2,-29],[-89,-89]],[[1406,989],[83,-53]],[[1308,1160],[33,93],[88,58]],[[1066,1042],[-27,-4],[-86,-69],[-108,46]],[[845,1015],[26,47],[51,-5],[155,38]],[[1193,757],[-48,-49]],[[1145,708],[-49,27],[-10,66],[16,68],[51,32]],[[1241,589],[-50,44],[-46,75]],[[1287,412],[-24,-47],[-159,-89],[-64,-82],[-195,-194],[-106,57],[-206,127],[-205,114],[-328,199],[95,190],[423,180],[216,73],[52,12],[59,63]]],"transform":{"scale":[0.0002042457282674581,0.00016701693840304491],"translate":[120.80067606600005,13.197198405000051]},"objects":{"bgysubmuns-municity-ph1705201":{"type":"GeometryCollection","geometries":[{"arcs":[[0,1,2,3,4,5]],"type":"Polygon","properties":{"ADM4_EN":"Alag","ADM4_PCODE":"PH1705201001","ADM4_REF":null,"ADM3_EN":"Baco","ADM3_PCODE":"PH1705201","ADM2_EN":"Oriental Mindoro","ADM2_PCODE":"PH17052","ADM1_EN":"Mimaropa Region","ADM1_PCODE":"PH17","ADM0_EN":"Philippines (the)","ADM0_PCODE":"PH","date":"2022/11/09","validOn":"2023/11/06","validTo":null,"Shape_Leng":0.0736597678249,"Shape_Area":0.000211567895858,"AREA_SQKM":2.53548219952},"id":"PH1705201001"},{"arcs":[[6,7,8,9,-3,10]],"type":"Polygon","properties":{"ADM4_EN":"Bangkatan","ADM4_PCODE":"PH1705201002","ADM4_REF":null,"ADM3_EN":"Baco","ADM3_PCODE":"PH1705201","ADM2_EN":"Oriental Mindoro","ADM2_PCODE":"PH17052","ADM1_EN":"Mimaropa Region","ADM1_PCODE":"PH17","ADM0_EN":"Philippines (the)","ADM0_PCODE":"PH","date":"2022/11/09","validOn":"2023/11/06","validTo":null,"Shape_Leng":0.148491578289,"Shape_Area":0.00100807920969,"AREA_SQKM":12.0826537577},"id":"PH1705201002"},{"arcs":[[11,12,-6,13,14]],"type":"Polygon","properties":{"ADM4_EN":"Burbuli","ADM4_PCODE":"PH1705201004","ADM4_REF":null,"ADM3_EN":"Baco","ADM3_PCODE":"PH1705201","ADM2_EN":"Oriental Mindoro","ADM2_PCODE":"PH17052","ADM1_EN":"Mimaropa Region","ADM1_PCODE":"PH17","ADM0_EN":"Philippines (the)","ADM0_PCODE":"PH","date":"2022/11/09","validOn":"2023/11/06","validTo":null,"Shape_Leng":0.0736111176835,"Shape_Area":0.000178920822015,"AREA_SQKM":2.14412642143},"id":"PH1705201004"},{"arcs":[[15,16,17,18,19,20]],"type":"Polygon","properties":{"ADM4_EN":"Catwiran I","ADM4_PCODE":"PH1705201005","ADM4_REF":null,"ADM3_EN":"Baco","ADM3_PCODE":"PH1705201","ADM2_EN":"Oriental Mindoro","ADM2_PCODE":"PH17052","ADM1_EN":"Mimaropa Region","ADM1_PCODE":"PH17","ADM0_EN":"Philippines (the)","ADM0_PCODE":"PH","date":"2022/11/09","validOn":"2023/11/06","validTo":null,"Shape_Leng":0.0700359482816,"Shape_Area":0.000207907729409,"AREA_SQKM":2.49145156491},"id":"PH1705201005"},{"arcs":[[21,22,23,-17]],"type":"Polygon","properties":{"ADM4_EN":"Catwiran II","ADM4_PCODE":"PH1705201006","ADM4_REF":null,"ADM3_EN":"Baco","ADM3_PCODE":"PH1705201","ADM2_EN":"Oriental Mindoro","ADM2_PCODE":"PH17052","ADM1_EN":"Mimaropa Region","ADM1_PCODE":"PH17","ADM0_EN":"Philippines (the)","ADM0_PCODE":"PH","date":"2022/11/09","validOn":"2023/11/06","validTo":null,"Shape_Leng":0.0728531424627,"Shape_Area":0.000231886667193,"AREA_SQKM":2.77899552165},"id":"PH1705201006"},{"arcs":[[24,25,26,27,-23]],"type":"Polygon","properties":{"ADM4_EN":"Dulangan I","ADM4_PCODE":"PH1705201007","ADM4_REF":null,"ADM3_EN":"Baco","ADM3_PCODE":"PH1705201","ADM2_EN":"Oriental Mindoro","ADM2_PCODE":"PH17052","ADM1_EN":"Mimaropa Region","ADM1_PCODE":"PH17","ADM0_EN":"Philippines (the)","ADM0_PCODE":"PH","date":"2022/11/09","validOn":"2023/11/06","validTo":null,"Shape_Leng":0.184734364905,"Shape_Area":0.000502613352586,"AREA_SQKM":6.02416569652},"id":"PH1705201007"},{"arcs":[[28,29,30,-7,31,-26]],"type":"Polygon","properties":{"ADM4_EN":"Dulangan II","ADM4_PCODE":"PH1705201008","ADM4_REF":null,"ADM3_EN":"Baco","ADM3_PCODE":"PH1705201","ADM2_EN":"Oriental Mindoro","ADM2_PCODE":"PH17052","ADM1_EN":"Mimaropa Region","ADM1_PCODE":"PH17","ADM0_EN":"Philippines (the)","ADM0_PCODE":"PH","date":"2022/11/09","validOn":"2023/11/06","validTo":null,"Shape_Leng":0.159010801943,"Shape_Area":0.00082772981163,"AREA_SQKM":9.92197498749},"id":"PH1705201008"},{"arcs":[[32,33,34,35]],"type":"Polygon","properties":{"ADM4_EN":"Lumang Bayan","ADM4_PCODE":"PH1705201010","ADM4_REF":null,"ADM3_EN":"Baco","ADM3_PCODE":"PH1705201","ADM2_EN":"Oriental Mindoro","ADM2_PCODE":"PH17052","ADM1_EN":"Mimaropa Region","ADM1_PCODE":"PH17","ADM0_EN":"Philippines (the)","ADM0_PCODE":"PH","date":"2022/11/09","validOn":"2023/11/06","validTo":null,"Shape_Leng":0.0552177845574,"Shape_Area":0.000134841248493,"AREA_SQKM":1.61576284074},"id":"PH1705201010"},{"arcs":[[36,-20,37,-33,38]],"type":"Polygon","properties":{"ADM4_EN":"Malapad","ADM4_PCODE":"PH1705201011","ADM4_REF":null,"ADM3_EN":"Baco","ADM3_PCODE":"PH1705201","ADM2_EN":"Oriental Mindoro","ADM2_PCODE":"PH17052","ADM1_EN":"Mimaropa Region","ADM1_PCODE":"PH17","ADM0_EN":"Philippines (the)","ADM0_PCODE":"PH","date":"2022/11/09","validOn":"2023/11/06","validTo":null,"Shape_Leng":0.0541058009312,"Shape_Area":0.000121229085712,"AREA_SQKM":1.45266361649},"id":"PH1705201011"},{"arcs":[[39,40,41,42,43,44,45]],"type":"Polygon","properties":{"ADM4_EN":"Mangangan I","ADM4_PCODE":"PH1705201012","ADM4_REF":null,"ADM3_EN":"Baco","ADM3_PCODE":"PH1705201","ADM2_EN":"Oriental Mindoro","ADM2_PCODE":"PH17052","ADM1_EN":"Mimaropa Region","ADM1_PCODE":"PH17","ADM0_EN":"Philippines (the)","ADM0_PCODE":"PH","date":"2022/11/09","validOn":"2023/11/06","validTo":null,"Shape_Leng":0.134735295683,"Shape_Area":0.00069788683123,"AREA_SQKM":8.36391562043},"id":"PH1705201012"},{"arcs":[[46,-40,47]],"type":"Polygon","properties":{"ADM4_EN":"Mangangan II","ADM4_PCODE":"PH1705201013","ADM4_REF":null,"ADM3_EN":"Baco","ADM3_PCODE":"PH1705201","ADM2_EN":"Oriental Mindoro","ADM2_PCODE":"PH17052","ADM1_EN":"Mimaropa Region","ADM1_PCODE":"PH17","ADM0_EN":"Philippines (the)","ADM0_PCODE":"PH","date":"2022/11/09","validOn":"2023/11/06","validTo":null,"Shape_Leng":0.0695982979211,"Shape_Area":0.000223763865973,"AREA_SQKM":2.68161673463},"id":"PH1705201013"},{"arcs":[[-4,-10,-42,48]],"type":"Polygon","properties":{"ADM4_EN":"Mayabig","ADM4_PCODE":"PH1705201014","ADM4_REF":null,"ADM3_EN":"Baco","ADM3_PCODE":"PH1705201","ADM2_EN":"Oriental Mindoro","ADM2_PCODE":"PH17052","ADM1_EN":"Mimaropa Region",