{"type":"Topology","arcs":[[[1124,759],[-169,-15]],[[955,744],[20,75]],[[975,819],[13,76],[-20,75],[-37,67]],[[931,1037],[132,9]],[[1063,1046],[14,-9],[7,-76],[55,-58],[35,-3],[17,24],[35,-29],[-13,-27],[79,-87],[2,-76],[-33,9],[4,55],[-50,54],[-83,-44],[-8,-20]],[[1004,1537],[-20,28],[-67,41],[-32,30]],[[885,1636],[60,44],[-4,59],[29,10],[33,-16],[63,-76],[43,-6],[89,-119],[32,8],[30,-35],[-36,-44],[-71,23],[-48,43],[-30,-40],[-71,50]],[[1004,1537],[28,-75],[34,-45]],[[1066,1417],[-15,-25],[-3,-51],[-26,-19],[-47,-1],[-57,26],[-326,-122]],[[592,1225],[-45,54]],[[547,1279],[29,201]],[[576,1480],[78,1],[27,68],[45,16],[37,42],[9,31],[35,7],[35,-14],[43,5]],[[540,1061],[-23,-30],[1,-44]],[[518,987],[-60,-14],[-76,-70]],[[382,903],[-18,67],[-47,58]],[[317,1028],[54,7],[10,-15],[60,-14],[7,38],[31,29],[61,-12]],[[1336,1262],[75,-45],[-6,-62],[-80,-63],[-62,14],[16,104],[57,52]],[[293,707],[106,-291]],[[399,416],[-16,-6],[-82,-109]],[[301,301],[-159,-7],[-132,118],[47,14]],[[57,426],[174,112],[20,25],[1,78],[17,28],[-11,37],[35,1]],[[305,746],[-12,-39]],[[57,426],[-57,122],[55,154],[77,23],[45,79]],[[177,804],[128,-58]],[[724,878],[102,-57],[149,-2]],[[955,744],[-24,-53],[-103,-70]],[[828,621],[-256,-116]],[[572,505],[-46,104],[-6,38],[-27,49],[-17,-1],[-37,41]],[[439,736],[43,155]],[[482,891],[130,-21],[112,8]],[[592,1225],[48,-58],[62,-36],[52,7],[35,-34]],[[789,1104],[-17,-27],[-48,-199]],[[482,891],[36,96]],[[540,1061],[-23,128],[30,90]],[[789,1104],[142,-67]],[[439,736],[-75,30],[-9,25]],[[355,791],[-7,40],[34,72]],[[355,791],[-17,-37],[-33,-8]],[[177,804],[16,56],[-32,77]],[[161,937],[34,17],[41,41],[-23,31],[29,39]],[[242,1065],[75,-37]],[[1066,1417],[70,-5],[-1,-28],[37,-30],[24,-74],[-32,-36],[-41,21],[-47,9],[1,-29],[-37,-26],[-16,-29],[11,-45],[-9,-45],[37,-54]],[[1124,759],[4,-41],[-18,-68],[19,-9],[6,-46],[32,-17],[75,10],[2,-27],[-71,-66],[-39,-75],[-27,-1],[-22,-46],[-124,15],[-20,-11]],[[941,377],[-1,0]],[[940,377],[-62,106],[-50,138]],[[572,505],[-173,-89]],[[235,1206],[-9,-74],[20,-40],[-4,-27]],[[161,937],[-33,8],[-12,63],[-29,18],[-59,12],[3,59],[13,34],[-12,31],[67,19],[101,-7],[35,32]],[[467,125],[186,97],[287,155]],[[941,377],[-54,-245],[-165,-130],[-183,-2],[-72,125]],[[467,125],[-166,176]],[[235,1206],[-3,100],[41,22],[5,74],[17,60],[108,69],[65,4],[28,27],[51,-11],[29,-71]]],"transform":{"scale":[0.00009098520198439004,0.00008715843510577676],"translate":[119.99521548200006,16.012548707000064]},"objects":{"bgysubmuns-municity-ph0105542":{"type":"GeometryCollection","geometries":[{"arcs":[[0,1,2,3,4]],"type":"Polygon","properties":{"ADM4_EN":"Baquioen","ADM4_PCODE":"PH0105542001","ADM4_REF":null,"ADM3_EN":"Sual","ADM3_PCODE":"PH0105542","ADM2_EN":"Pangasinan","ADM2_PCODE":"PH01055","ADM1_EN":"Region I (Ilocos Region)","ADM1_PCODE":"PH01","ADM0_EN":"Philippines (the)","ADM0_PCODE":"PH","date":"2022/11/09","validOn":"2023/11/06","validTo":null,"Shape_Leng":0.16761533036,"Shape_Area":0.000436094168014,"AREA_SQKM":5.16298033375},"id":"PH0105542001"},{"arcs":[[5,6]],"type":"Polygon","properties":{"ADM4_EN":"Baybay Norte","ADM4_PCODE":"PH0105542002","ADM4_REF":null,"ADM3_EN":"Sual","ADM3_PCODE":"PH0105542","ADM2_EN":"Pangasinan","ADM2_PCODE":"PH01055","ADM1_EN":"Region I (Ilocos Region)","ADM1_PCODE":"PH01","ADM0_EN":"Philippines (the)","ADM0_PCODE":"PH","date":"2022/11/09","validOn":"2023/11/06","validTo":null,"Shape_Leng":0.175163341203,"Shape_Area":0.000378157441166,"AREA_SQKM":4.47567806006},"id":"PH0105542002"},{"arcs":[[-6,7,8,9,10,11]],"type":"Polygon","properties":{"ADM4_EN":"Baybay Sur","ADM4_PCODE":"PH0105542003","ADM4_REF":null,"ADM3_EN":"Sual","ADM3_PCODE":"PH0105542","ADM2_EN":"Pangasinan","ADM2_PCODE":"PH01055","ADM1_EN":"Region I (Ilocos Region)","ADM1_PCODE":"PH01","ADM0_EN":"Philippines (the)","ADM0_PCODE":"PH","date":"2022/11/09","validOn":"2023/11/06","validTo":null,"Shape_Leng":0.150377399915,"Shape_Area":0.00103862706483,"AREA_SQKM":12.293506927},"id":"PH0105542003"},{"arcs":[[12,13,14,15]],"type":"Polygon","properties":{"ADM4_EN":"Bolaoen","ADM4_PCODE":"PH0105542004","ADM4_REF":null,"ADM3_EN":"Sual","ADM3_PCODE":"PH0105542","ADM2_EN":"Pangasinan","ADM2_PCODE":"PH01055","ADM1_EN":"Region I (Ilocos Region)","ADM1_PCODE":"PH01","ADM0_EN":"Philippines (the)","ADM0_PCODE":"PH","date":"2022/11/09","validOn":"2023/11/06","validTo":null,"Shape_Leng":0.0663419170767,"Shape_Area":0.000126339578622,"AREA_SQKM":1.49567276851},"id":"PH0105542004"},{"arcs":[[16]],"type":"Polygon","properties":{"ADM4_EN":"Cabalitian","ADM4_PCODE":"PH0105542005","ADM4_REF":null,"ADM3_EN":"Sual","ADM3_PCODE":"PH0105542","ADM2_EN":"Pangasinan","ADM2_PCODE":"PH01055","ADM1_EN":"Region I (Ilocos Region)","ADM1_PCODE":"PH01","ADM0_EN":"Philippines (the)","ADM0_PCODE":"PH","date":"2022/11/09","validOn":"2023/11/06","validTo":null,"Shape_Leng":0.0723471096478,"Shape_Area":0.000141493883148,"AREA_SQKM":1.67495007895},"id":"PH0105542005"},{"arcs":[[17,18,19,20]],"type":"Polygon","properties":{"ADM4_EN":"Calumbuyan","ADM4_PCODE":"PH0105542006","ADM4_REF":null,"ADM3_EN":"Sual","ADM3_PCODE":"PH0105542","ADM2_EN":"Pangasinan","ADM2_PCODE":"PH01055","ADM1_EN":"Region I (Ilocos Region)","ADM1_PCODE":"PH01","ADM0_EN":"Philippines (the)","ADM0_PCODE":"PH","date":"2022/11/09","validOn":"2023/11/06","validTo":null,"Shape_Leng":0.11388593213,"Shape_Area":0.000579617948549,"AREA_SQKM":6.86344124915},"id":"PH0105542006"},{"arcs":[[21,-21,22,23]],"type":"Polygon","properties":{"ADM4_EN":"Camagsingalan","ADM4_PCODE":"PH0105542007","ADM4_REF":null,"ADM3_EN":"Sual","ADM3_PCODE":"PH0105542","ADM2_EN":"Pangasinan","ADM2_PCODE":"PH01055","ADM1_EN":"Region I (Ilocos Region)","ADM1_PCODE":"PH01","ADM0_EN":"Philippines (the)","ADM0_PCODE":"PH","date":"2022/11/09","validOn":"2023/11/06","validTo":null,"Shape_Leng":0.0964335593513,"Shape_Area":0.000495699199833,"AREA_SQKM":5.86929521313},"id":"PH0105542007"},{"arcs":[[24,-2,25,26,27,28,29]],"type":"Polygon","properties":{"ADM4_EN":"Caoayan","ADM4_PCODE":"PH0105542008","ADM4_REF":null,"ADM3_EN":"Sual","ADM3_PCODE":"PH0105542","ADM2_EN":"Pangasinan","ADM2_PCODE":"PH01055","ADM1_EN":"Region I (Ilocos Region)","ADM1_PCODE":"PH01","ADM0_EN":"Philippines (the)","ADM0_PCODE":"PH","date":"2022/11/09","validOn":"2023/11/06","validTo":null,"Shape_Leng":0.145425542683,"Shape_Area":0.000998442134829,"AREA_SQKM":11.8214550081},"id":"PH0105542008"},{"arcs":[[30,31,-30,32,-13,33,-10]],"type":"Polygon","properties":{"ADM4_EN":"Capantolan","ADM4_PCODE":"PH0105542009","ADM4_REF":null,"ADM3_EN":"Sual","ADM3_PCODE":"PH0105542","ADM2_EN":"Pangasinan","ADM2_PCODE":"PH01055","ADM1_EN":"Region I (Ilocos Region)","ADM1_PCODE":"PH01","ADM0_EN":"Philippines (the)","ADM0_PCODE":"PH","date":"2022/11/09","validOn":"2023/11/06","validTo":null,"Shape_Leng":0.109152365048,"Shape_Area":0.000577453796029,"AREA_SQKM":6.83608757055},"id":"PH0105542009"},{"arcs":[[-3,-25,-32,34]],"type":"Polygon","properties":{"ADM4_EN":"Macaycayawan","ADM4_PCODE":"PH0105542010","ADM4_REF":null,"ADM3_EN":"Sual","ADM3_PCODE":"PH0105542","ADM2_EN":"Pangasinan","ADM2_PCODE":"PH01055","ADM1_EN":"Region I (Ilocos Region)","ADM1_PCODE":"PH01","ADM0_EN":"Philippines (the)","ADM0_PCODE":"PH","date":"2022/11/09","validOn":"2023/11/06","validTo":null,"Shape_Leng":0.0794039225927,"Shape_Area":0.000420230777605,"AREA_SQKM":4.97502996856},"id":"PH0105542010"},{"arcs":[[-33,-29,35,36,-14]],"type":"Polygon","properties":{"ADM4_EN":"Paitan East","ADM4_PCODE":"PH0105542011","ADM4_REF":null,"ADM3_EN":"Sual","ADM3_PCODE":"PH0105542","ADM2_EN":"Pangasinan","ADM2_PCODE":"PH01055","ADM1_EN":"Region I (Ilocos Region)","ADM1_PCODE":"PH01","ADM0_EN":"Philippines (the)","ADM0_PCODE":"PH","date":"2022/11/09","validOn":"2023/11/06","validTo":null,"Shape_Leng":0.0651284714345,"Shape_Area":0.000171735839988,"AREA_SQKM":2.03321798836},"id":"PH0105542011"},{"arcs":[[-15,-37,37,-24,38,39,40]],"type":"Polygon","properties":{"ADM4_EN":"Paitan West","ADM4_PCODE":"PH0105542012","ADM4_REF":null,"ADM3_EN":"Sual",