{"type":"Topology","arcs":[[[554,153],[9,-22]],[[563,131],[-2,-29]],[[561,102],[-74,-20]],[[487,82],[-50,52]],[[437,134],[16,53]],[[453,187],[41,60]],[[494,247],[26,-8],[34,-86]],[[183,478],[8,-53]],[[191,425],[4,-38],[91,-122]],[[286,265],[-16,-2]],[[270,263],[-70,-18]],[[200,245],[-5,92],[-81,3]],[[114,340],[30,30],[-17,54],[23,67]],[[150,491],[33,-13]],[[690,673],[61,-27]],[[751,646],[-110,-112],[3,-26]],[[644,508],[-131,-9]],[[513,499],[-74,52],[-33,51]],[[406,602],[109,47],[71,-50],[104,74]],[[270,263],[7,-157],[-7,-60]],[[270,46],[-51,63],[-19,136]],[[213,488],[-6,-5]],[[207,483],[-21,-3]],[[186,480],[8,27]],[[194,507],[10,5]],[[204,512],[9,-24]],[[692,968],[-112,37]],[[580,1005],[28,69]],[[608,1074],[89,28],[70,3]],[[767,1105],[17,-35],[-20,-68],[-72,-34]],[[417,140],[26,-140]],[[443,0],[-44,54]],[[399,54],[-18,93]],[[381,147],[36,-7]],[[437,134],[-20,6]],[[381,147],[-34,92],[-24,-5]],[[323,234],[-22,14]],[[301,248],[58,40],[94,-101]],[[374,662],[-170,-110],[0,-40]],[[194,507],[-36,21]],[[158,528],[11,111]],[[169,639],[13,23]],[[182,662],[20,-3],[158,56]],[[360,715],[14,-53]],[[158,528],[-75,19],[-53,-28]],[[30,519],[-30,90]],[[0,609],[169,30]],[[711,891],[12,-41],[109,-80]],[[832,770],[-57,-9],[-94,31]],[[681,792],[-49,64]],[[632,856],[79,35]],[[681,792],[9,-119]],[[406,602],[-32,60]],[[360,715],[2,55]],[[362,770],[14,38]],[[376,808],[256,48]],[[114,340],[-74,64],[-6,85]],[[34,489],[116,2]],[[692,968],[19,-77]],[[376,808],[-31,37],[17,64],[63,65],[137,58],[18,-27]],[[487,82],[18,-56]],[[505,26],[-62,-26]],[[719,444],[-75,64]],[[751,646],[121,59]],[[872,705],[-12,-62],[-71,-180],[-70,-19]],[[428,397],[66,-150]],[[301,248],[-15,17]],[[191,425],[41,28]],[[232,453],[58,-27],[27,-62],[111,33]],[[719,444],[-98,0],[-25,-79],[47,-66]],[[643,299],[-91,-33],[-56,174],[17,59]],[[0,609],[47,86],[83,30]],[[130,725],[52,-63]],[[406,602],[-193,-114]],[[186,480],[-3,-2]],[[34,489],[-4,30]],[[207,483],[25,-30]],[[732,201],[-70,-3]],[[662,198],[-22,3]],[[640,201],[8,61]],[[648,262],[26,6],[58,-67]],[[561,102],[9,-64],[-65,-12]],[[832,770],[40,-65]],[[513,499],[-65,-33],[-20,-69]],[[130,725],[164,15],[68,30]],[[608,1074],[17,116],[79,-6],[60,22],[26,-91],[-23,-10]],[[323,234],[38,-190]],[[361,44],[-91,2]],[[399,54],[-38,-10]],[[643,299],[5,-37]],[[640,201],[-86,-48]],[[732,201],[-61,-56]],[[671,145],[-9,53]],[[671,145],[9,-64],[-68,11],[-49,39]]],"transform":{"scale":[0.0001818924300458817,0.0001712900538971807],"translate":[120.78974277200007,15.009742815000036]},"objects":{"bgysubmuns-municity-ph0305405":{"type":"GeometryCollection","geometries":[{"arcs":[[0,1,2,3,4,5,6]],"type":"Polygon","properties":{"ADM4_EN":"Bahay Pare","ADM4_PCODE":"PH0305405001","ADM4_REF":null,"ADM3_EN":"Candaba","ADM3_PCODE":"PH0305405","ADM2_EN":"Pampanga","ADM2_PCODE":"PH03054","ADM1_EN":"Region III (Central Luzon)","ADM1_PCODE":"PH03","ADM0_EN":"Philippines (the)","ADM0_PCODE":"PH","date":"2022/11/09","validOn":"2023/11/06","validTo":null,"Shape_Leng":0.104406207209,"Shape_Area":0.000398286728522,"AREA_SQKM":4.7389473976},"id":"PH0305405001"},{"arcs":[[7,8,9,10,11,12,13]],"type":"Polygon","properties":{"ADM4_EN":"Bambang","ADM4_PCODE":"PH0305405002","ADM4_REF":null,"ADM3_EN":"Candaba","ADM3_PCODE":"PH0305405","ADM2_EN":"Pampanga","ADM2_PCODE":"PH03054","ADM1_EN":"Region III (Central Luzon)","ADM1_PCODE":"PH03","ADM0_EN":"Philippines (the)","ADM0_PCODE":"PH","date":"2022/11/09","validOn":"2023/11/06","validTo":null,"Shape_Leng":0.138456975009,"Shape_Area":0.000452425274442,"AREA_SQKM":5.38225435584},"id":"PH0305405002"},{"arcs":[[14,15,16,17,18]],"type":"Polygon","properties":{"ADM4_EN":"Barangca","ADM4_PCODE":"PH0305405003","ADM4_REF":null,"ADM3_EN":"Candaba","ADM3_PCODE":"PH0305405","ADM2_EN":"Pampanga","ADM2_PCODE":"PH03054","ADM1_EN":"Region III (Central Luzon)","ADM1_PCODE":"PH03","ADM0_EN":"Philippines (the)","ADM0_PCODE":"PH","date":"2022/11/09","validOn":"2023/11/06","validTo":null,"Shape_Leng":0.173707868569,"Shape_Area":0.000996003948538,"AREA_SQKM":11.8468243076},"id":"PH0305405003"},{"arcs":[[19,20,-11]],"type":"Polygon","properties":{"ADM4_EN":"Barit","ADM4_PCODE":"PH0305405004","ADM4_REF":null,"ADM3_EN":"Candaba","ADM3_PCODE":"PH0305405","ADM2_EN":"Pampanga","ADM2_PCODE":"PH03054","ADM1_EN":"Region III (Central Luzon)","ADM1_PCODE":"PH03","ADM0_EN":"Philippines (the)","ADM0_PCODE":"PH","date":"2022/11/09","validOn":"2023/11/06","validTo":null,"Shape_Leng":0.101308715143,"Shape_Area":0.00034365992324,"AREA_SQKM":4.08892036163},"id":"PH0305405004"},{"arcs":[[21,22,23,24,25]],"type":"Polygon","properties":{"ADM4_EN":"Buas (Pob.)","ADM4_PCODE":"PH0305405005","ADM4_REF":null,"ADM3_EN":"Candaba","ADM3_PCODE":"PH0305405","ADM2_EN":"Pampanga","ADM2_PCODE":"PH03054","ADM1_EN":"Region III (Central Luzon)","ADM1_PCODE":"PH03","ADM0_EN":"Philippines (the)","ADM0_PCODE":"PH","date":"2022/11/09","validOn":"2023/11/06","validTo":null,"Shape_Leng":0.0187562385916,"Shape_Area":0.0000144764905608,"AREA_SQKM":0.172200722905},"id":"PH0305405005"},{"arcs":[[26,27,28,29]],"type":"Polygon","properties":{"ADM4_EN":"Cuayang Bugtong","ADM4_PCODE":"PH0305405008","ADM4_REF":null,"ADM3_EN":"Candaba","ADM3_PCODE":"PH0305405","ADM2_EN":"Pampanga","ADM2_PCODE":"PH03054","ADM1_EN":"Region III (Central Luzon)","ADM1_PCODE":"PH03","ADM0_EN":"Philippines (the)","ADM0_PCODE":"PH","date":"2022/11/09","validOn":"2023/11/06","validTo":null,"Shape_Leng":0.117510995295,"Shape_Area":0.000653969320137,"AREA_SQKM":7.77573475423},"id":"PH0305405008"},{"arcs":[[30,31,32,33]],"type":"Polygon","properties":{"ADM4_EN":"Dalayap","ADM4_PCODE":"PH0305405009","ADM4_REF":null,"ADM3_EN":"Candaba","ADM3_PCODE":"PH0305405","ADM2_EN":"Pampanga","ADM2_PCODE":"PH03054","ADM1_EN":"Region III (Central Luzon)","ADM1_PCODE":"PH03","ADM0_EN":"Philippines (the)","ADM0_PCODE":"PH","date":"2022/11/09","validOn":"2023/11/06","validTo":null,"Shape_Leng":0.0690162817506,"Shape_Area":0.000144972532031,"AREA_SQKM":1.72504792244},"id":"PH0305405009"},{"arcs":[[-5,34,-34,35,36,37]],"type":"Polygon","properties":{"ADM4_EN":"Dulong Ilog","ADM4_PCODE":"PH0305405010","ADM4_REF":null,"ADM3_EN":"Candaba","ADM3_PCODE":"PH0305405","ADM2_EN":"Pampanga","ADM2_PCODE":"PH03054","ADM1_EN":"Region III (Central Luzon)","ADM1_PCODE":"PH03","ADM0_EN":"Philippines (the)","ADM0_PCODE":"PH","date":"2022/11/09","validOn":"2023/11/06","validTo":null,"Shape_Leng":0.100548749696,"Shape_Area":0.000287203169841,"AREA_SQKM":3.41708953381},"id":"PH0305405010"},{"arcs":[[38,-25,39,40,41,42,43]],"type":"Polygon","properties":{"ADM4_EN":"Gulap","ADM4_PCODE":"PH0305405011","ADM4_REF":null,"ADM3_EN":"Candaba","ADM3_PCODE":"PH0305405","ADM2_EN":"Pampanga","ADM2_PCODE":"PH03054","ADM1_EN":"Region III (Central Luzon)","ADM1_PCODE":"PH03","ADM0_EN":"Philippines (the)","ADM0_PCODE":"PH","date":"2022/11/09","validOn":"2023/11/06","validTo":null,"Shape_Leng":0.122799116391,"Shape_Area":0.000601800520303,"AREA_SQKM":7.15779139605},"id":"PH0305405011"},{"arcs":[[44,45,46,-41]],"type":"Polygon","properties":{"ADM4_EN":"Lanang","ADM4_PCODE":"PH0305405012","ADM4_REF":null,"ADM3_EN":"Candaba","ADM3_PCODE":"PH0305405","ADM2_EN":"Pampanga","ADM2_PCODE":"PH03054","ADM1_EN":"Region III (Central Luzon)","ADM1_PCODE":"PH03","ADM0_EN":"Philippines (the)","ADM0_PCODE":"PH","date":"2022/11/09","validOn":"2023/11/06","validTo":null,"Shape_Leng":0.0940160886016,"Shape_Area":0.000448707507595,"AREA_SQKM":5.33708383592},"id":"PH0305405012"},{"arcs":[[47,48,49,50]],"type":"Polygon","properties":{"ADM4_EN":"Lourdes","ADM4_PCODE":"PH0305405013","ADM4_REF":null,"ADM3_EN":"Candaba","ADM3_PCODE":"PH0305405","ADM2_EN":"Pampanga","ADM2_PCODE":"PH03054","ADM1_EN":"Region III (Central Luzon)","ADM1_PCODE":"PH03","ADM0_EN":"Philippines (the)","ADM0_PCODE":"PH","date":"2022/11/09","validOn":"2023/11/06","validTo":null,"Shape_Leng":0.116310961737,"Shape_Area":0.000352617743635,"AREA_SQKM":4.19338297975},"id":"PH0305405013"},{"arcs":[[51,-19,52,-44,53,54,55,-50]],"type":"Polygon",