{"type":"Topology","arcs":[[[72,978],[77,-86]],[[149,892],[-68,-82]],[[81,810],[-59,53],[-22,45],[36,71],[36,-1]],[[496,617],[-94,-43],[-112,-14],[-31,11]],[[259,571],[-2,62]],[[257,633],[93,35]],[[350,668],[32,5],[114,-56]],[[501,1301],[-12,-141]],[[489,1160],[-68,19],[-106,-24]],[[315,1155],[-60,5]],[[255,1160],[61,102],[-18,83]],[[298,1345],[80,28],[55,-16],[24,-58],[44,2]],[[179,939],[-30,-47]],[[72,978],[39,41]],[[111,1019],[68,-80]],[[489,1160],[-43,-97],[18,-34],[-21,-72],[-60,-21]],[[383,936],[-62,-3],[-24,-37]],[[297,896],[-44,-3],[-32,65]],[[221,958],[81,44],[13,153]],[[245,712],[-10,-7]],[[235,705],[-7,16]],[[228,721],[-4,10]],[[224,731],[21,-19]],[[254,740],[15,-14]],[[269,726],[-24,-14]],[[224,731],[30,9]],[[277,726],[-23,-29]],[[254,697],[-9,15]],[[269,726],[8,0]],[[254,697],[-20,-8]],[[234,689],[1,16]],[[125,1195],[44,-34],[86,-1]],[[221,958],[-42,-19]],[[111,1019],[-11,73],[-42,67],[67,36]],[[550,745],[116,-49],[31,-34]],[[697,662],[-103,-53],[-56,-6]],[[538,603],[-42,14]],[[350,668],[-53,58]],[[297,726],[149,71]],[[446,797],[104,-52]],[[624,1190],[-53,-19],[-43,55],[-27,75]],[[298,1345],[-14,83],[-52,65],[7,35]],[[239,1528],[71,4],[156,-44],[56,-60],[57,-99],[-1,-57],[46,-82]],[[257,633],[-23,56]],[[277,726],[20,0]],[[501,468],[42,-42],[25,-75]],[[568,351],[-13,-23]],[[555,328],[-43,-51]],[[512,277],[-65,29],[-66,90],[-52,41]],[[329,437],[83,66]],[[412,503],[89,-35]],[[766,584],[-50,-117],[-44,-17],[-24,-47],[-80,-52]],[[501,468],[70,114],[-33,21]],[[697,662],[69,-78]],[[624,1190],[77,-63],[24,-54],[130,-103],[-36,-54]],[[819,916],[-36,23],[-137,15],[-73,-76],[-21,-49],[-2,-84]],[[446,797],[-42,13],[12,85],[-33,41]],[[964,110],[-88,-74],[-1,-25],[-106,-11],[-119,94]],[[650,94],[84,81],[64,90],[62,44]],[[860,309],[65,-181],[39,-18]],[[819,916],[98,-119]],[[917,797],[-49,-31],[-95,14],[-4,-73],[-72,-45]],[[1165,389],[40,-160],[-45,-51],[-85,-14],[-111,-54]],[[860,309],[-3,111]],[[857,420],[32,-41],[114,10],[90,32],[72,-32]],[[254,740],[43,73],[0,83]],[[125,1195],[29,117],[36,9],[4,127],[45,80]],[[807,558],[41,-89],[-8,-32]],[[840,437],[-67,-39],[-16,-42],[-55,-25],[-58,8],[-43,-29],[-46,18]],[[766,584],[41,-26]],[[857,420],[-17,17]],[[807,558],[36,24],[14,65],[42,64],[42,11]],[[941,722],[68,-102],[60,-14],[24,-76],[33,-9],[39,-132]],[[650,94],[-121,131],[-17,52]],[[329,437],[-45,94]],[[284,531],[124,11],[4,-39]],[[284,531],[-25,40]],[[917,797],[24,-75]],[[228,721],[-147,89]]],"transform":{"scale":[0.00015671632863068679,0.0001575370633159297],"translate":[122.36625918000004,13.410334774000034]},"objects":{"bgysubmuns-municity-ph0405628":{"type":"GeometryCollection","geometries":[{"arcs":[[0,1,2]],"type":"Polygon","properties":{"ADM4_EN":"Ajos","ADM4_PCODE":"PH0405628001","ADM4_REF":null,"ADM3_EN":"Mulanay","ADM3_PCODE":"PH0405628","ADM2_EN":"Quezon","ADM2_PCODE":"PH04056","ADM1_EN":"Region IV-A (Calabarzon)","ADM1_PCODE":"PH04","ADM0_EN":"Philippines (the)","ADM0_PCODE":"PH","date":"2022/11/09","validOn":"2023/11/06","validTo":null,"Shape_Leng":0.0965351290323,"Shape_Area":0.000350011642808,"AREA_SQKM":4.19144748587},"id":"PH0405628001"},{"arcs":[[3,4,5,6]],"type":"Polygon","properties":{"ADM4_EN":"Amuguis","ADM4_PCODE":"PH0405628002","ADM4_REF":null,"ADM3_EN":"Mulanay","ADM3_PCODE":"PH0405628","ADM2_EN":"Quezon","ADM2_PCODE":"PH04056","ADM1_EN":"Region IV-A (Calabarzon)","ADM1_PCODE":"PH04","ADM0_EN":"Philippines (the)","ADM0_PCODE":"PH","date":"2022/11/09","validOn":"2023/11/06","validTo":null,"Shape_Leng":0.12570281066,"Shape_Area":0.000426089130116,"AREA_SQKM":5.10342223629},"id":"PH0405628002"},{"arcs":[[7,8,9,10,11]],"type":"Polygon","properties":{"ADM4_EN":"Anonang","ADM4_PCODE":"PH0405628003","ADM4_REF":null,"ADM3_EN":"Mulanay","ADM3_PCODE":"PH0405628","ADM2_EN":"Quezon","ADM2_PCODE":"PH04056","ADM1_EN":"Region IV-A (Calabarzon)","ADM1_PCODE":"PH04","ADM0_EN":"Philippines (the)","ADM0_PCODE":"PH","date":"2022/11/09","validOn":"2023/11/06","validTo":null,"Shape_Leng":0.2093968192,"Shape_Area":0.000916811645559,"AREA_SQKM":10.9764547384},"id":"PH0405628003"},{"arcs":[[12,-1,13,14]],"type":"Polygon","properties":{"ADM4_EN":"Bagong Silang","ADM4_PCODE":"PH0405628004","ADM4_REF":null,"ADM3_EN":"Mulanay","ADM3_PCODE":"PH0405628","ADM2_EN":"Quezon","ADM2_PCODE":"PH04056","ADM1_EN":"Region IV-A (Calabarzon)","ADM1_PCODE":"PH04","ADM0_EN":"Philippines (the)","ADM0_PCODE":"PH","date":"2022/11/09","validOn":"2023/11/06","validTo":null,"Shape_Leng":0.0698992186579,"Shape_Area":0.000170737627731,"AREA_SQKM":2.0445295556},"id":"PH0405628004"},{"arcs":[[15,16,17,18,-9]],"type":"Polygon","properties":{"ADM4_EN":"Bagupaye","ADM4_PCODE":"PH0405628005","ADM4_REF":null,"ADM3_EN":"Mulanay","ADM3_PCODE":"PH0405628","ADM2_EN":"Quezon","ADM2_PCODE":"PH04056","ADM1_EN":"Region IV-A (Calabarzon)","ADM1_PCODE":"PH04","ADM0_EN":"Philippines (the)","ADM0_PCODE":"PH","date":"2022/11/09","validOn":"2023/11/06","validTo":null,"Shape_Leng":0.183562057535,"Shape_Area":0.000985134470876,"AREA_SQKM":11.7961030512},"id":"PH0405628005"},{"arcs":[[19,20,21,22]],"type":"Polygon","properties":{"ADM4_EN":"Barangay 1 (Pob.)","ADM4_PCODE":"PH0405628006","ADM4_REF":null,"ADM3_EN":"Mulanay","ADM3_PCODE":"PH0405628","ADM2_EN":"Quezon","ADM2_PCODE":"PH04056","ADM1_EN":"Region IV-A (Calabarzon)","ADM1_PCODE":"PH04","ADM0_EN":"Philippines (the)","ADM0_PCODE":"PH","date":"2022/11/09","validOn":"2023/11/06","validTo":null,"Shape_Leng":0.0119923194605,"Shape_Area":0.00000747054941343,"AREA_SQKM":0.0894714989088},"id":"PH0405628006"},{"arcs":[[23,24,-23,25]],"type":"Polygon","properties":{"ADM4_EN":"Barangay 2 (Pob.)","ADM4_PCODE":"PH0405628008","ADM4_REF":null,"ADM3_EN":"Mulanay","ADM3_PCODE":"PH0405628","ADM2_EN":"Quezon","ADM2_PCODE":"PH04056","ADM1_EN":"Region IV-A (Calabarzon)","ADM1_PCODE":"PH04","ADM0_EN":"Philippines (the)","ADM0_PCODE":"PH","date":"2022/11/09","validOn":"2023/11/06","validTo":null,"Shape_Leng":0.021110292112,"Shape_Area":0.0000192846961823,"AREA_SQKM":0.230962480678},"id":"PH0405628008"},{"arcs":[[26,27,-25,28]],"type":"Polygon","properties":{"ADM4_EN":"Barangay 3 (Pob.)","ADM4_PCODE":"PH0405628009","ADM4_REF":null,"ADM3_EN":"Mulanay","ADM3_PCODE":"PH0405628","ADM2_EN":"Quezon","ADM2_PCODE":"PH04056","ADM1_EN":"Region IV-A (Calabarzon)","ADM1_PCODE":"PH04","ADM0_EN":"Philippines (the)","ADM0_PCODE":"PH","date":"2022/11/09","validOn":"2023/11/06","validTo":null,"Shape_Leng":0.0155326096425,"Shape_Area":0.0000112626733008,"AREA_SQKM":0.134888518531},"id":"PH0405628009"},{"arcs":[[29,30,-20,-28]],"type":"Polygon","properties":{"ADM4_EN":"Barangay 4 (Pob.)","ADM4_PCODE":"PH0405628010","ADM4_REF":null,"ADM3_EN":"Mulanay","ADM3_PCODE":"PH0405628","ADM2_EN":"Quezon","ADM2_PCODE":"PH04056","ADM1_EN":"Region IV-A (Calabarzon)","ADM1_PCODE":"PH04","ADM0_EN":"Philippines (the)","ADM0_PCODE":"PH","date":"2022/11/09","validOn":"2023/11/06","validTo":null,"Shape_Leng":0.0122877484053,"Shape_Area":0.00000622460612141,"AREA_SQKM":0.074550269023},"id":"PH0405628010"},{"arcs":[[31,-10,-19,32,-15,33]],"type":"Polygon","properties":{"ADM4_EN":"Bolo","ADM4_PCODE":"PH0405628012","ADM4_REF":null,"ADM3_EN":"Mulanay","ADM3_PCODE":"PH0405628","ADM2_EN":"Quezon","ADM2_PCODE":"PH04056","ADM1_EN":"Region IV-A (Calabarzon)","ADM1_PCODE":"PH04","ADM0_EN":"Philippines (the)","ADM0_PCODE":"PH","date":"2022/11/09","validOn":"2023/11/06","validTo":null,"Shape_Leng":0.20241581966,"Shape_Area":0.00108952487661,"AREA_SQKM":13.0457129265},"id":"PH0405628012"},{"arcs":[[34,35,36,-7,37,38,39]],"type":"Polygon","properties":{"ADM4_EN":"Buenavista","ADM4_PCODE":"PH0405628013","ADM4_REF":null,"ADM3_EN":"Mulanay","ADM3_PCODE":"PH0405628","ADM2_EN":"Quezon","ADM2_PCODE":"PH04056","ADM1_EN":"Region IV-A (Calabarzon)","ADM1_PCODE":"PH04","ADM0_EN":"Philippines (the)","ADM0_PCODE":"PH","date":"2022/11/09","validOn":"2023/11/06","validTo":null,"Shape_Leng":0.175065532247,"Shape_Area":0.00102339156518,"AREA_SQKM":12.2568796793},"id":"PH0405628013"},{"arcs":[[40,-12,41,42]],"type":"Polygon",