{"type":"Topology","arcs":[[[1430,933],[-4,-117]],[[1426,816],[-7,-47],[-17,-57]],[[1402,712],[-86,49]],[[1316,761],[-27,93],[0,111]],[[1289,965],[141,-32]],[[1309,594],[-3,-148]],[[1306,446],[-109,-74],[-121,-80]],[[1076,292],[21,135],[126,146],[72,46],[14,-25]],[[1523,450],[4,-14],[15,-6],[-9,-21],[-3,-31],[15,-24]],[[1545,354],[-12,-14]],[[1533,340],[-72,70]],[[1461,410],[39,97]],[[1500,507],[23,-57]],[[1595,676],[-48,14],[-28,-45]],[[1519,645],[-22,23],[-20,1],[-25,30],[-11,-10],[-26,4],[-4,23],[-9,-4]],[[1426,816],[109,1]],[[1535,817],[27,-74],[45,-17],[-12,-50]],[[1651,846],[1,-31],[-11,-36],[1,-46],[-5,-19],[11,-27],[10,-41]],[[1658,646],[-20,20],[-23,0],[-20,10]],[[1535,817],[18,23],[15,2],[25,18],[28,-19],[30,5]],[[861,861],[73,-74],[40,70],[69,-96]],[[1043,761],[-112,-267]],[[931,494],[-393,-188]],[[538,306],[158,426]],[[696,732],[39,157],[126,-28]],[[1600,212],[-19,0],[-81,27]],[[1500,239],[3,26],[30,75]],[[1545,354],[22,0],[14,-32],[6,-2],[15,-34],[3,-25],[-5,-49]],[[1533,340],[-6,2],[-96,-28],[-67,11],[-141,-9],[-14,-96]],[[1209,220],[-124,-12]],[[1085,208],[-9,84]],[[1306,446],[155,-36]],[[507,755],[189,-23]],[[538,306],[-6,-25],[-28,-281]],[[504,0],[-90,64],[-20,2],[-297,220],[-97,70],[131,227],[132,204]],[[263,787],[183,29],[61,-61]],[[1519,645],[-19,-47],[0,-91]],[[1309,594],[83,28],[10,90]],[[1500,239],[-291,-19]],[[1535,817],[28,95],[18,102]],[[1581,1014],[23,2],[7,-38],[24,-15],[-6,-19],[3,-23],[19,-63],[0,-12]],[[1430,933],[108,46],[43,35]],[[834,1032],[27,-171]],[[507,755],[76,160],[24,75],[-123,144]],[[484,1134],[350,-102]],[[1076,292],[-145,202]],[[1043,761],[36,26]],[[1079,787],[237,-26]],[[1085,208],[-71,-35]],[[1014,173],[-27,-28],[-78,0],[-34,-19],[-81,-28],[-26,46],[-30,-24],[-26,-58],[-74,6],[-134,-68]],[[1343,126],[-3,-16],[-326,63]],[[1500,239],[-5,-25],[-152,-88]],[[263,787],[69,107],[42,70],[69,105],[41,65]],[[1134,1062],[-4,-33],[-51,-242]],[[834,1032],[93,31],[95,-16],[22,20],[29,-12],[8,17],[53,-10]],[[1553,644],[-8,-9],[8,-29],[14,-35],[22,-23]],[[1589,548],[5,-10],[-26,-11],[4,-15],[-4,-18],[13,-22],[-3,-29],[-26,21],[-24,5],[-5,-19]],[[1519,645],[25,10],[9,-11]],[[1646,602],[-22,-2],[-18,-18],[-17,-34]],[[1553,644],[29,-22],[31,-2],[33,-18]],[[1134,1062],[155,-97]],[[1600,212],[3,-20],[0,-44],[-8,-25],[-22,-9],[-9,25],[-15,-34],[17,-6],[22,0],[4,-32],[-40,-20],[-16,9],[-45,8],[-15,20],[-12,7],[-121,35]],[[1658,646],[-4,-31],[-8,-13]]],"transform":{"scale":[0.00014286808805786703,0.00010877625308645883],"translate":[122.91410867600007,9.78927309200003]},"objects":{"bgysubmuns-municity-ph0704602":{"type":"GeometryCollection","geometries":[{"arcs":[[0,1,2,3,4]],"type":"Polygon","properties":{"ADM4_EN":"Amdus","ADM4_PCODE":"PH0704602001","ADM4_REF":null,"ADM3_EN":"Ayungon","ADM3_PCODE":"PH0704602","ADM2_EN":"Negros Oriental","ADM2_PCODE":"PH07046","ADM1_EN":"Region VII (Central Visayas)","ADM1_PCODE":"PH07","ADM0_EN":"Philippines (the)","ADM0_PCODE":"PH","date":"2022/11/09","validOn":"2023/11/06","validTo":null,"Shape_Leng":0.0814199858397,"Shape_Area":0.000419416678449,"AREA_SQKM":5.08804501436},"id":"PH0704602001"},{"arcs":[[5,6,7]],"type":"Polygon","properties":{"ADM4_EN":"Jandalamanon","ADM4_PCODE":"PH0704602002","ADM4_REF":null,"ADM3_EN":"Ayungon","ADM3_PCODE":"PH0704602","ADM2_EN":"Negros Oriental","ADM2_PCODE":"PH07046","ADM1_EN":"Region VII (Central Visayas)","ADM1_PCODE":"PH07","ADM0_EN":"Philippines (the)","ADM0_PCODE":"PH","date":"2022/11/09","validOn":"2023/11/06","validTo":null,"Shape_Leng":0.106655511918,"Shape_Area":0.000552867513758,"AREA_SQKM":6.70781120536},"id":"PH0704602002"},{"arcs":[[8,9,10,11,12]],"type":"Polygon","properties":{"ADM4_EN":"Anibong","ADM4_PCODE":"PH0704602003","ADM4_REF":null,"ADM3_EN":"Ayungon","ADM3_PCODE":"PH0704602","ADM2_EN":"Negros Oriental","ADM2_PCODE":"PH07046","ADM1_EN":"Region VII (Central Visayas)","ADM1_PCODE":"PH07","ADM0_EN":"Philippines (the)","ADM0_PCODE":"PH","date":"2022/11/09","validOn":"2023/11/06","validTo":null,"Shape_Leng":0.0661909550257,"Shape_Area":0.000102315671399,"AREA_SQKM":1.24138824871},"id":"PH0704602003"},{"arcs":[[13,14,-2,15,16]],"type":"Polygon","properties":{"ADM4_EN":"Atabay","ADM4_PCODE":"PH0704602004","ADM4_REF":null,"ADM3_EN":"Ayungon","ADM3_PCODE":"PH0704602","ADM2_EN":"Negros Oriental","ADM2_PCODE":"PH07046","ADM1_EN":"Region VII (Central Visayas)","ADM1_PCODE":"PH07","ADM0_EN":"Philippines (the)","ADM0_PCODE":"PH","date":"2022/11/09","validOn":"2023/11/06","validTo":null,"Shape_Leng":0.0842952090843,"Shape_Area":0.00033417108568,"AREA_SQKM":4.05405387506},"id":"PH0704602004"},{"arcs":[[17,18,-17,19]],"type":"Polygon","properties":{"ADM4_EN":"Awa-an","ADM4_PCODE":"PH0704602005","ADM4_REF":null,"ADM3_EN":"Ayungon","ADM3_PCODE":"PH0704602","ADM2_EN":"Negros Oriental","ADM2_PCODE":"PH07046","ADM1_EN":"Region VII (Central Visayas)","ADM1_PCODE":"PH07","ADM0_EN":"Philippines (the)","ADM0_PCODE":"PH","date":"2022/11/09","validOn":"2023/11/06","validTo":null,"Shape_Leng":0.0810420432829,"Shape_Area":0.000215889465666,"AREA_SQKM":2.6190720869},"id":"PH0704602005"},{"arcs":[[20,21,22,23,24]],"type":"Polygon","properties":{"ADM4_EN":"Ban-ban","ADM4_PCODE":"PH0704602006","ADM4_REF":null,"ADM3_EN":"Ayungon","ADM3_PCODE":"PH0704602","ADM2_EN":"Negros Oriental","ADM2_PCODE":"PH07046","ADM1_EN":"Region VII (Central Visayas)","ADM1_PCODE":"PH07","ADM0_EN":"Philippines (the)","ADM0_PCODE":"PH","date":"2022/11/09","validOn":"2023/11/06","validTo":null,"Shape_Leng":0.21792870087,"Shape_Area":0.00225633282063,"AREA_SQKM":27.3741347983},"id":"PH0704602006"},{"arcs":[[25,26,-10,27]],"type":"Polygon","properties":{"ADM4_EN":"Calagcalag","ADM4_PCODE":"PH0704602007","ADM4_REF":null,"ADM3_EN":"Ayungon","ADM3_PCODE":"PH0704602","ADM2_EN":"Negros Oriental","ADM2_PCODE":"PH07046","ADM1_EN":"Region VII (Central Visayas)","ADM1_PCODE":"PH07","ADM0_EN":"Philippines (the)","ADM0_PCODE":"PH","date":"2022/11/09","validOn":"2023/11/06","validTo":null,"Shape_Leng":0.0618799679055,"Shape_Area":0.000160009546477,"AREA_SQKM":1.94147163797},"id":"PH0704602007"},{"arcs":[[-11,28,29,30,-7,31]],"type":"Polygon","properties":{"ADM4_EN":"Candana-ay","ADM4_PCODE":"PH0704602008","ADM4_REF":null,"ADM3_EN":"Ayungon","ADM3_PCODE":"PH0704602","ADM2_EN":"Negros Oriental","ADM2_PCODE":"PH07046","ADM1_EN":"Region VII (Central Visayas)","ADM1_PCODE":"PH07","ADM0_EN":"Philippines (the)","ADM0_PCODE":"PH","date":"2022/11/09","validOn":"2023/11/06","validTo":null,"Shape_Leng":0.154295251649,"Shape_Area":0.000704963732281,"AREA_SQKM":8.55349241111},"id":"PH0704602008"},{"arcs":[[32,-24,33,34,35]],"type":"Polygon","properties":{"ADM4_EN":"Carol-an","ADM4_PCODE":"PH0704602009","ADM4_REF":null,"ADM3_EN":"Ayungon","ADM3_PCODE":"PH0704602","ADM2_EN":"Negros Oriental","ADM2_PCODE":"PH07046","ADM1_EN":"Region VII (Central Visayas)","ADM1_PCODE":"PH07","ADM0_EN":"Philippines (the)","ADM0_PCODE":"PH","date":"2022/11/09","validOn":"2023/11/06","validTo":null,"Shape_Leng":0.291723604516,"Shape_Area":0.00484209974449,"AREA_SQKM":58.7480939579},"id":"PH0704602009"},{"arcs":[[36,-12,-32,-6,37,-15]],"type":"Polygon","properties":{"ADM4_EN":"Gomentoc","ADM4_PCODE":"PH0704602010","ADM4_REF":null,"ADM3_EN":"Ayungon","ADM3_PCODE":"PH0704602","ADM2_EN":"Negros Oriental","ADM2_PCODE":"PH07046","ADM1_EN":"Region VII (Central Visayas)","ADM1_PCODE":"PH07","ADM0_EN":"Philippines (the)","ADM0_PCODE":"PH","date":"2022/11/09","validOn":"2023/11/06","validTo":null,"Shape_Leng":0.110662226808,"Shape_Area":0.000662029702166,"AREA_SQKM":8.03202312092},"id":"PH0704602010"},{"arcs":[[-27,38,-29]],"type":"Polygon","properties":{"ADM4_EN":"Inacban","ADM4_PCODE":"PH0704602011","ADM4_REF":null,"ADM3_EN":"Ayungon","ADM3_PCODE":"PH0704602","ADM2_EN":"Negros Oriental","ADM2_PCODE":"PH07046","ADM1_EN":"Region VII (Central Visayas)","ADM1_PCODE":"PH07","ADM0_EN":"Philippines (the)","ADM0_PCODE":"PH","date":"2022/11/09","validOn":"2023/11/06","validTo":null,"Shape_Leng":0.109073888135,"Shape_Area":0.000423039646149,