{"type":"Topology","arcs":[[[694,3298],[-264,-135]],[[430,3163],[-17,19],[0,28],[-76,79],[-85,47],[-11,15]],[[241,3351],[289,121]],[[530,3472],[140,-146],[24,-28]],[[1206,2420],[-214,-179],[-138,-64]],[[854,2177],[-190,27]],[[664,2204],[-47,50]],[[617,2254],[83,130],[-31,118],[-20,23]],[[649,2525],[16,3]],[[665,2528],[378,9]],[[1043,2537],[163,-117]],[[1485,368],[15,-21],[54,-38],[16,-37],[7,-56],[35,-33],[-32,-21],[-17,-31],[-29,-81],[3,-40],[-24,-10],[-1,101],[-8,70],[-48,93],[-14,44],[18,40],[25,20]],[[1147,2789],[-104,-252]],[[665,2528],[-4,69]],[[661,2597],[19,-2],[202,182],[12,16]],[[894,2793],[253,-4]],[[454,3864],[-371,-107]],[[83,3757],[-18,32],[-8,30],[3,45],[-16,30],[-44,45],[484,148],[2,-34],[-26,-79],[4,-66],[-10,-44]],[[854,2177],[62,-214],[-1,-1]],[[915,1962],[-18,2],[-76,-38],[-39,-53],[-30,-21],[-34,-10],[-28,3],[-33,-9],[-31,10]],[[626,1846],[38,358]],[[452,2499],[4,-206]],[[456,2293],[-122,62]],[[334,2355],[5,52],[-5,75],[23,71],[-7,70],[39,5],[33,-20],[16,-28],[-4,-71],[18,-10]],[[1473,2766],[-326,23]],[[1147,2789],[-6,166]],[[1141,2955],[266,97],[14,4]],[[1421,3056],[4,-37],[-30,-70],[23,-8],[27,-29],[6,-42],[-10,-34],[32,-70]],[[626,1846],[-25,-1],[-32,38],[-65,20],[-50,28],[-36,50],[-13,47]],[[405,2028],[212,226]],[[1473,2766],[6,-27],[-27,-55],[1,-15],[41,-62],[35,-36],[1,-29],[-23,-11],[-24,-41],[-26,-22],[-54,-10],[-11,-31],[-4,-53]],[[1388,2374],[-182,46]],[[617,2254],[-161,39]],[[452,2499],[14,-16],[78,-10],[77,14],[24,38]],[[645,2525],[4,0]],[[1388,2374],[-35,-57],[-31,-38],[-25,-53],[-38,-7],[-13,-44],[-47,-28],[-35,-11],[-23,-30],[-40,-20],[-15,-22],[-23,-5],[-12,-27],[-31,-23],[-46,-51],[-59,4]],[[1141,2955],[-169,144]],[[972,3099],[159,-18],[179,21],[42,10],[44,-4],[31,18],[-8,-46],[2,-24]],[[894,2793],[-18,239]],[[876,3032],[5,61]],[[881,3093],[91,6]],[[645,2525],[-20,43],[19,27]],[[644,2595],[17,2]],[[405,2028],[-18,45],[-5,40],[-33,78],[-18,72],[-2,52],[5,40]],[[241,3351],[-37,35],[-24,43],[-9,36],[-31,31]],[[140,3496],[6,-1],[297,134]],[[443,3629],[6,-65],[61,-39],[20,-53]],[[644,2595],[-12,17],[1,55],[-37,64],[-18,49],[6,42],[-20,21]],[[564,2843],[178,122],[134,67]],[[140,3496],[-28,32],[4,35],[-18,52],[9,15],[-22,38],[-2,89]],[[454,3864],[-10,-59],[4,-79],[-5,-97]],[[564,2843],[-18,44],[-31,13],[-19,18],[-7,40],[-22,27],[-2,23],[14,19],[-45,35],[-4,19],[25,41],[-21,17],[-4,24]],[[694,3298],[81,-112],[75,-95],[31,2]]],"transform":{"scale":[0.00011141672492305169,0.00012340751676046208],"translate":[121.86601260900011,14.40000453500005]},"objects":{"bgysubmuns-municity-ph0405636":{"type":"GeometryCollection","geometries":[{"arcs":[[0,1,2,3]],"type":"Polygon","properties":{"ADM4_EN":"Anawan","ADM4_PCODE":"PH0405636001","ADM4_REF":null,"ADM3_EN":"Polillo","ADM3_PCODE":"PH0405636","ADM2_EN":"Quezon","ADM2_PCODE":"PH04056","ADM1_EN":"Region IV-A (Calabarzon)","ADM1_PCODE":"PH04","ADM0_EN":"Philippines (the)","ADM0_PCODE":"PH","date":"2022/11/09","validOn":"2023/11/06","validTo":null,"Shape_Leng":0.134486602712,"Shape_Area":0.000949267497242,"AREA_SQKM":11.3063010597},"id":"PH0405636001"},{"arcs":[[4,5,6,7,8,9,10]],"type":"Polygon","properties":{"ADM4_EN":"Atulayan","ADM4_PCODE":"PH0405636002","ADM4_REF":null,"ADM3_EN":"Polillo","ADM3_PCODE":"PH0405636","ADM2_EN":"Quezon","ADM2_PCODE":"PH04056","ADM1_EN":"Region IV-A (Calabarzon)","ADM1_PCODE":"PH04","ADM0_EN":"Philippines (the)","ADM0_PCODE":"PH","date":"2022/11/09","validOn":"2023/11/06","validTo":null,"Shape_Leng":0.183479008576,"Shape_Area":0.00197297160279,"AREA_SQKM":23.5115569737},"id":"PH0405636002"},{"arcs":[[11]],"type":"Polygon","properties":{"ADM4_EN":"Balesin","ADM4_PCODE":"PH0405636003","ADM4_REF":null,"ADM3_EN":"Polillo","ADM3_PCODE":"PH0405636","ADM2_EN":"Quezon","ADM2_PCODE":"PH04056","ADM1_EN":"Region IV-A (Calabarzon)","ADM1_PCODE":"PH04","ADM0_EN":"Philippines (the)","ADM0_PCODE":"PH","date":"2022/11/09","validOn":"2023/11/06","validTo":null,"Shape_Leng":0.167278754107,"Shape_Area":0.000359654235394,"AREA_SQKM":4.2909772298},"id":"PH0405636003"},{"arcs":[[12,-10,13,14,15]],"type":"Polygon","properties":{"ADM4_EN":"Bañadero","ADM4_PCODE":"PH0405636004","ADM4_REF":"Banadero","ADM3_EN":"Polillo","ADM3_PCODE":"PH0405636","ADM2_EN":"Quezon","ADM2_PCODE":"PH04056","ADM1_EN":"Region IV-A (Calabarzon)","ADM1_PCODE":"PH04","ADM0_EN":"Philippines (the)","ADM0_PCODE":"PH","date":"2022/11/09","validOn":"2023/11/06","validTo":null,"Shape_Leng":0.148600179327,"Shape_Area":0.00119218280062,"AREA_SQKM":14.2048479112},"id":"PH0405636004"},{"arcs":[[16,17]],"type":"Polygon","properties":{"ADM4_EN":"Binibitinan","ADM4_PCODE":"PH0405636005","ADM4_REF":null,"ADM3_EN":"Polillo","ADM3_PCODE":"PH0405636","ADM2_EN":"Quezon","ADM2_PCODE":"PH04056","ADM1_EN":"Region IV-A (Calabarzon)","ADM1_PCODE":"PH04","ADM0_EN":"Philippines (the)","ADM0_PCODE":"PH","date":"2022/11/09","validOn":"2023/11/06","validTo":null,"Shape_Leng":0.154779458897,"Shape_Area":0.00121384586845,"AREA_SQKM":14.4528037714},"id":"PH0405636005"},{"arcs":[[18,19,20,-6]],"type":"Polygon","properties":{"ADM4_EN":"Bislian","ADM4_PCODE":"PH0405636006","ADM4_REF":null,"ADM3_EN":"Polillo","ADM3_PCODE":"PH0405636","ADM2_EN":"Quezon","ADM2_PCODE":"PH04056","ADM1_EN":"Region IV-A (Calabarzon)","ADM1_PCODE":"PH04","ADM0_EN":"Philippines (the)","ADM0_PCODE":"PH","date":"2022/11/09","validOn":"2023/11/06","validTo":null,"Shape_Leng":0.132804986122,"Shape_Area":0.00101930119825,"AREA_SQKM":12.1491594707},"id":"PH0405636006"},{"arcs":[[21,22,23]],"type":"Polygon","properties":{"ADM4_EN":"Bucao","ADM4_PCODE":"PH0405636007","ADM4_REF":null,"ADM3_EN":"Polillo","ADM3_PCODE":"PH0405636","ADM2_EN":"Quezon","ADM2_PCODE":"PH04056","ADM1_EN":"Region IV-A (Calabarzon)","ADM1_PCODE":"PH04","ADM0_EN":"Philippines (the)","ADM0_PCODE":"PH","date":"2022/11/09","validOn":"2023/11/06","validTo":null,"Shape_Leng":0.10044987989,"Shape_Area":0.000420622574381,"AREA_SQKM":5.01224355135},"id":"PH0405636007"},{"arcs":[[24,25,26,27]],"type":"Polygon","properties":{"ADM4_EN":"Canicanian","ADM4_PCODE":"PH0405636008","ADM4_REF":null,"ADM3_EN":"Polillo","ADM3_PCODE":"PH0405636","ADM2_EN":"Quezon","ADM2_PCODE":"PH04056","ADM1_EN":"Region IV-A (Calabarzon)","ADM1_PCODE":"PH04","ADM0_EN":"Philippines (the)","ADM0_PCODE":"PH","date":"2022/11/09","validOn":"2023/11/06","validTo":null,"Shape_Leng":0.13858018474,"Shape_Area":0.000920774595196,"AREA_SQKM":10.9695768896},"id":"PH0405636008"},{"arcs":[[-21,28,29,-7]],"type":"Polygon","properties":{"ADM4_EN":"Kalubakis","ADM4_PCODE":"PH0405636009","ADM4_REF":null,"ADM3_EN":"Polillo","ADM3_PCODE":"PH0405636","ADM2_EN":"Quezon","ADM2_PCODE":"PH04056","ADM1_EN":"Region IV-A (Calabarzon)","ADM1_PCODE":"PH04","ADM0_EN":"Philippines (the)","ADM0_PCODE":"PH","date":"2022/11/09","validOn":"2023/11/06","validTo":null,"Shape_Leng":0.126101714673,"Shape_Area":0.000837703099945,"AREA_SQKM":9.98458885184},"id":"PH0405636009"},{"arcs":[[30,31,-11,-13,-25]],"type":"Polygon","properties":{"ADM4_EN":"Languyin","ADM4_PCODE":"PH0405636010","ADM4_REF":null,"ADM3_EN":"Polillo","ADM3_PCODE":"PH0405636","ADM2_EN":"Quezon","ADM2_PCODE":"PH04056","ADM1_EN":"Region IV-A (Calabarzon)","ADM1_PCODE":"PH04","ADM0_EN":"Philippines (the)","ADM0_PCODE":"PH","date":"2022/11/09","validOn":"2023/11/06","validTo":null,"Shape_Leng":0.176750870834,"Shape_Area":0.00188880274209,"AREA_SQKM":22.5057603355},"id":"PH0405636010"},{"arcs":[[-8,32,-22,33,34]],"type":"Polygon","properties":{"ADM4_EN":"Libjo","ADM4_PCODE":"PH0405636011","ADM4_REF":null,"ADM3_EN":"Polillo","ADM3_PCODE":"PH0405636","ADM2_EN":"Quezon","ADM2_PCODE":"PH04056","ADM1_EN":"Region IV-A (Calabarzon)","ADM1_PCODE":"PH04","ADM0_EN":"Philippines (the)","ADM0_PCODE":"PH","date":"2022/11/09","validOn":"2023/11/06","validTo":null,"Shape_Leng":0.109809826775,"Shape_Area":0.000650915325299,"AREA_SQKM":7.75679316247},"id":"PH0405636011"},{"arcs":[[35,-19,-5,-32]],"type":"Polygon","properties":{"ADM4_EN":"Pamatdan","ADM4_PCODE":"PH0405636012","ADM4_REF":null,"ADM3_EN":"Polillo",