{"type":"Topology","arcs":[[[803,763],[-46,-145]],[[757,618],[-76,54]],[[681,672],[41,16],[22,117]],[[744,805],[59,-42]],[[1087,337],[1,-101],[299,-163]],[[1387,73],[-299,2],[-54,-58],[-50,25],[-22,-33]],[[962,9],[-1,69],[-59,10],[2,86]],[[904,174],[9,38],[-28,80]],[[885,292],[58,27],[28,-7]],[[971,312],[46,29],[70,-4]],[[638,659],[33,-11]],[[671,648],[-10,-127]],[[661,521],[-20,-86]],[[641,435],[-83,-18]],[[558,417],[-63,15],[-2,66]],[[493,498],[47,96],[2,68]],[[542,662],[96,-3]],[[848,607],[30,0],[0,-70]],[[878,537],[-25,-81]],[[853,456],[-110,9]],[[743,465],[-8,101],[19,36]],[[754,602],[94,5]],[[777,287],[-4,-49]],[[773,238],[-45,-46],[-41,33]],[[687,225],[33,63]],[[720,288],[57,-1]],[[893,854],[-142,2]],[[751,856],[0,54]],[[751,910],[70,4],[45,-14],[27,-46]],[[1198,621],[0,-282],[189,-266]],[[1087,337],[-1,147]],[[1086,484],[0,65],[-19,71]],[[1067,620],[70,1]],[[1137,621],[61,0]],[[962,9],[-30,-9],[-62,22],[-76,133],[-21,68]],[[773,223],[131,-49]],[[368,712],[2,-55],[61,0]],[[431,657],[-1,-69],[39,-82],[24,-8]],[[558,417],[-12,-47],[-110,-6],[-53,9],[-41,30]],[[342,403],[-1,69],[-60,119],[-259,4]],[[22,595],[-22,51],[2,99]],[[2,745],[366,-33]],[[968,694],[2,-74]],[[970,620],[-39,-83],[-53,0]],[[848,607],[-3,125]],[[845,732],[51,-26],[72,-12]],[[971,312],[-6,98],[20,76]],[[985,486],[101,-2]],[[443,902],[-1,-61]],[[442,841],[-167,0],[-186,66]],[[89,907],[-79,177],[45,2],[23,-45],[85,-41],[34,-39],[31,12],[200,-50],[15,-21]],[[342,403],[-117,-2],[-19,41],[-132,51],[-34,-4],[-18,106]],[[1137,621],[-2,92]],[[1135,713],[96,109],[27,-35],[-5,-167],[-55,1]],[[746,457],[-37,-89]],[[709,368],[11,-80]],[[687,225],[-48,1],[12,123],[21,67],[-31,19]],[[661,521],[85,-64]],[[628,889],[1,-205],[9,-25]],[[542,662],[-111,-5]],[[368,712],[58,69],[16,60]],[[443,902],[123,-20],[62,7]],[[823,364],[-2,-22]],[[821,342],[-44,-55]],[[709,368],[114,-4]],[[773,223],[0,15]],[[821,342],[55,-16],[9,-34]],[[893,854],[-5,-8]],[[888,846],[-5,-74],[-30,-31]],[[853,741],[-50,22]],[[744,805],[7,51]],[[2,745],[66,43],[21,119]],[[1026,807],[-32,-25],[-13,-62]],[[981,720],[-13,-26]],[[845,732],[8,9]],[[888,846],[38,-43],[100,4]],[[853,456],[0,-34]],[[853,422],[-30,-58]],[[746,457],[-3,8]],[[757,618],[-3,-16]],[[671,648],[10,24]],[[628,889],[36,-31],[47,14],[40,38]],[[1070,746],[-8,-30]],[[1062,716],[-81,4]],[[1026,807],[44,-61]],[[1067,620],[-5,96]],[[1070,746],[65,-33]],[[853,422],[42,23],[36,51],[54,-10]],[[970,620],[97,0]]],"transform":{"scale":[0.00032412845205478436,0.00022062279097604862],"translate":[124.85725638100007,7.791641455000046]},"objects":{"bgysubmuns-municity-ph1001321":{"type":"GeometryCollection","geometries":[{"arcs":[[0,1,2,3]],"type":"Polygon","properties":{"ADM4_EN":"Bagontaas","ADM4_PCODE":"PH1001321001","ADM4_REF":null,"ADM3_EN":"City of Valencia","ADM3_PCODE":"PH1001321","ADM2_EN":"Bukidnon","ADM2_PCODE":"PH10013","ADM1_EN":"Region X (Northern Mindanao)","ADM1_PCODE":"PH10","ADM0_EN":"Philippines (the)","ADM0_PCODE":"PH","date":"2022/11/09","validOn":"2023/11/06","validTo":null,"Shape_Leng":0.126574281478,"Shape_Area":0.000722024115815,"AREA_SQKM":8.80432137791},"id":"PH1001321001"},{"arcs":[[4,5,6,7,8,9]],"type":"Polygon","properties":{"ADM4_EN":"Banlag","ADM4_PCODE":"PH1001321002","ADM4_REF":null,"ADM3_EN":"City of Valencia","ADM3_PCODE":"PH1001321","ADM2_EN":"Bukidnon","ADM2_PCODE":"PH10013","ADM1_EN":"Region X (Northern Mindanao)","ADM1_PCODE":"PH10","ADM0_EN":"Philippines (the)","ADM0_PCODE":"PH","date":"2022/11/09","validOn":"2023/11/06","validTo":null,"Shape_Leng":0.479208636001,"Shape_Area":0.00532319569943,"AREA_SQKM":64.9291190478},"id":"PH1001321002"},{"arcs":[[10,11,12,13,14,15,16]],"type":"Polygon","properties":{"ADM4_EN":"Barobo","ADM4_PCODE":"PH1001321003","ADM4_REF":null,"ADM3_EN":"City of Valencia","ADM3_PCODE":"PH1001321","ADM2_EN":"Bukidnon","ADM2_PCODE":"PH10013","ADM1_EN":"Region X (Northern Mindanao)","ADM1_PCODE":"PH10","ADM0_EN":"Philippines (the)","ADM0_PCODE":"PH","date":"2022/11/09","validOn":"2023/11/06","validTo":null,"Shape_Leng":0.218748814719,"Shape_Area":0.00231221571082,"AREA_SQKM":28.1975142984},"id":"PH1001321003"},{"arcs":[[17,18,19,20,21]],"type":"Polygon","properties":{"ADM4_EN":"Batangan","ADM4_PCODE":"PH1001321004","ADM4_REF":null,"ADM3_EN":"City of Valencia","ADM3_PCODE":"PH1001321","ADM2_EN":"Bukidnon","ADM2_PCODE":"PH10013","ADM1_EN":"Region X (Northern Mindanao)","ADM1_PCODE":"PH10","ADM0_EN":"Philippines (the)","ADM0_PCODE":"PH","date":"2022/11/09","validOn":"2023/11/06","validTo":null,"Shape_Leng":0.178277409117,"Shape_Area":0.00130438940786,"AREA_SQKM":15.9070798517},"id":"PH1001321004"},{"arcs":[[22,23,24,25]],"type":"Polygon","properties":{"ADM4_EN":"Catumbalon","ADM4_PCODE":"PH1001321005","ADM4_REF":null,"ADM3_EN":"City of Valencia","ADM3_PCODE":"PH1001321","ADM2_EN":"Bukidnon","ADM2_PCODE":"PH10013","ADM1_EN":"Region X (Northern Mindanao)","ADM1_PCODE":"PH10","ADM0_EN":"Philippines (the)","ADM0_PCODE":"PH","date":"2022/11/09","validOn":"2023/11/06","validTo":null,"Shape_Leng":0.151330395732,"Shape_Area":0.000568096599627,"AREA_SQKM":6.92907371201},"id":"PH1001321005"},{"arcs":[[26,27,28]],"type":"Polygon","properties":{"ADM4_EN":"Colonia","ADM4_PCODE":"PH1001321006","ADM4_REF":null,"ADM3_EN":"City of Valencia","ADM3_PCODE":"PH1001321","ADM2_EN":"Bukidnon","ADM2_PCODE":"PH10013","ADM1_EN":"Region X (Northern Mindanao)","ADM1_PCODE":"PH10","ADM0_EN":"Philippines (the)","ADM0_PCODE":"PH","date":"2022/11/09","validOn":"2023/11/06","validTo":null,"Shape_Leng":0.134014470163,"Shape_Area":0.000469372727844,"AREA_SQKM":5.72299551199},"id":"PH1001321006"},{"arcs":[[29,-5,30,31,32,33]],"type":"Polygon","properties":{"ADM4_EN":"Concepcion","ADM4_PCODE":"PH1001321007","ADM4_REF":null,"ADM3_EN":"City of Valencia","ADM3_PCODE":"PH1001321","ADM2_EN":"Bukidnon","ADM2_PCODE":"PH10013","ADM1_EN":"Region X (Northern Mindanao)","ADM1_PCODE":"PH10","ADM0_EN":"Philippines (the)","ADM0_PCODE":"PH","date":"2022/11/09","validOn":"2023/11/06","validTo":null,"Shape_Leng":0.380358642989,"Shape_Area":0.00449904830638,"AREA_SQKM":54.8710450723},"id":"PH1001321007"},{"arcs":[[-7,34,35]],"type":"Polygon","properties":{"ADM4_EN":"Dagat-Kidavao","ADM4_PCODE":"PH1001321008","ADM4_REF":null,"ADM3_EN":"City of Valencia","ADM3_PCODE":"PH1001321","ADM2_EN":"Bukidnon","ADM2_PCODE":"PH10013","ADM1_EN":"Region X (Northern Mindanao)","ADM1_PCODE":"PH10","ADM0_EN":"Philippines (the)","ADM0_PCODE":"PH","date":"2022/11/09","validOn":"2023/11/06","validTo":null,"Shape_Leng":0.21455249117,"Shape_Area":0.00130552832464,"AREA_SQKM":15.9245089549},"id":"PH1001321008"},{"arcs":[[36,37,-15,38,39,40,41]],"type":"Polygon","properties":{"ADM4_EN":"Guinoyuran","ADM4_PCODE":"PH1001321010","ADM4_REF":null,"ADM3_EN":"City of Valencia","ADM3_PCODE":"PH1001321","ADM2_EN":"Bukidnon","ADM2_PCODE":"PH10013","ADM1_EN":"Region X (Northern Mindanao)","ADM1_PCODE":"PH10","ADM0_EN":"Philippines (the)","ADM0_PCODE":"PH","date":"2022/11/09","validOn":"2023/11/06","validTo":null,"Shape_Leng":0.500960958843,"Shape_Area":0.00637072756952,"AREA_SQKM":77.68943478},"id":"PH1001321010"},{"arcs":[[42,43,-18,44,45]],"type":"Polygon","properties":{"ADM4_EN":"Kahapunan","ADM4_PCODE":"PH1001321011","ADM4_REF":null,"ADM3_EN":"City of Valencia","ADM3_PCODE":"PH1001321","ADM2_EN":"Bukidnon","ADM2_PCODE":"PH10013","ADM1_EN":"Region X (Northern Mindanao)","ADM1_PCODE":"PH10","ADM0_EN":"Philippines (the)","ADM0_PCODE":"PH","date":"2022/11/09","validOn":"2023/11/06","validTo":null,"Shape_Leng":0.159008306279,"Shape_Area":0.00126569579672,"AREA_SQKM":15.4344080344},"id":"PH1001321011"},{"arcs":[[-31,-10,46,47]],"type":"Polygon","properties":{"ADM4_EN":"Laligan","ADM4_PCODE":"PH1001321012","ADM4_REF":null,"ADM3_EN":"City of Valencia","ADM3_PCODE":"PH1001321","ADM2_EN":"Bukidnon","ADM2_PCODE":"PH10013","ADM1_EN":"Region X (Northern Mindanao)","ADM1_PCODE":"PH10","ADM0_EN":"Philippines (the)","ADM0_PCODE":"PH","date":"2022/11/09","validOn":"2023/11/06","validTo":null,"Shape_Leng":0.169704097573,