{"type":"Topology","arcs":[[[724,385],[34,-14]],[[758,371],[-50,-83],[-44,-33]],[[664,255],[-8,37],[-75,47]],[[581,339],[59,53],[84,-7]],[[126,693],[26,-78],[30,-21]],[[182,594],[17,-35]],[[199,559],[-102,23],[-58,66],[13,44]],[[52,692],[74,1]],[[857,358],[-75,-139],[-30,-37]],[[752,182],[-40,39]],[[712,221],[31,30],[62,112]],[[805,363],[52,-5]],[[550,761],[111,-41],[55,-33],[31,65]],[[747,752],[48,-72]],[[795,680],[-4,-72],[-31,-104]],[[760,504],[-111,22]],[[649,526],[-51,55]],[[598,581],[-33,37]],[[565,618],[-35,11]],[[530,629],[-49,-5],[-32,32]],[[449,656],[-20,63]],[[429,719],[-13,44]],[[416,763],[134,-2]],[[712,221],[-48,34]],[[758,371],[47,-8]],[[940,351],[-15,-53],[-39,-50],[-36,-76]],[[850,172],[-32,-39]],[[818,133],[-66,49]],[[857,358],[83,-7]],[[95,853],[25,-48],[54,-52]],[[174,753],[-11,-38],[-37,-22]],[[52,692],[-5,56],[-47,48],[64,74]],[[64,870],[31,-17]],[[405,867],[2,-64],[-21,-28]],[[386,775],[-85,33]],[[301,808],[-37,8]],[[264,816],[33,95],[8,55],[128,151]],[[433,1117],[32,16]],[[465,1133],[6,-23],[-27,-82],[-31,-4],[-50,-138],[42,-19]],[[264,816],[-21,-21]],[[243,795],[-61,36],[-10,47]],[[172,878],[3,58],[-21,35]],[[154,971],[279,146]],[[969,127],[-9,-32],[-51,-14]],[[909,81],[-91,52]],[[850,172],[119,-45]],[[301,808],[-58,-93],[-18,-54],[-43,-67]],[[174,753],[69,42]],[[449,656],[-66,-132]],[[383,524],[-55,25]],[[328,549],[101,170]],[[760,504],[-34,-35],[12,-56],[-14,-28]],[[581,339],[-69,67]],[[512,406],[36,44],[101,76]],[[530,629],[-55,-104],[-34,-29]],[[441,496],[-58,28]],[[1044,353],[-16,-17]],[[1028,336],[-18,-16]],[[1010,320],[-10,40],[-60,-9]],[[795,680],[69,-80],[180,-247]],[[1136,172],[-86,5],[-78,39]],[[972,216],[25,42],[13,62]],[[1028,336],[12,-35],[86,-89],[10,-40]],[[386,775],[30,-12]],[[328,549],[-70,23],[-59,-13]],[[1232,84],[-1,-84],[-117,47]],[[1114,47],[16,52]],[[1130,99],[102,-15]],[[604,962],[-86,-31],[-1,-69]],[[517,862],[-112,5]],[[465,1133],[68,35],[30,-145],[41,-61]],[[972,216],[-15,-35],[15,-53]],[[972,128],[-3,-1]],[[1114,47],[-121,15],[-53,-5],[-31,24]],[[972,128],[67,-5],[91,-24]],[[550,761],[14,56],[-47,45]],[[604,962],[143,-210]],[[1136,172],[62,-9]],[[1198,163],[34,-79]],[[598,581],[-89,-127],[-31,-13]],[[478,441],[-9,26]],[[469,467],[18,14],[64,100],[14,37]],[[172,878],[-77,-25]],[[64,870],[90,101]],[[1044,353],[134,-131],[20,-59]],[[512,406],[-34,35]],[[469,467],[-28,29]]],"transform":{"scale":[0.0000935534366882925,0.0001052497337328627],"translate":[124.89528979500005,10.029041843000073]},"objects":{"bgysubmuns-municity-ph0806408":{"type":"GeometryCollection","geometries":[{"arcs":[[0,1,2,3]],"type":"Polygon","properties":{"ADM4_EN":"Aguinaldo","ADM4_PCODE":"PH0806408001","ADM4_REF":null,"ADM3_EN":"Macrohon","ADM3_PCODE":"PH0806408","ADM2_EN":"Southern Leyte","ADM2_PCODE":"PH08064","ADM1_EN":"Region VIII (Eastern Visayas)","ADM1_PCODE":"PH08","ADM0_EN":"Philippines (the)","ADM0_PCODE":"PH","date":"2022/11/09","validOn":"2023/11/06","validTo":null,"Shape_Leng":0.0580719987203,"Shape_Area":0.000131573995413,"AREA_SQKM":1.59528228998},"id":"PH0806408001"},{"arcs":[[4,5,6,7]],"type":"Polygon","properties":{"ADM4_EN":"Amparo","ADM4_PCODE":"PH0806408002","ADM4_REF":null,"ADM3_EN":"Macrohon","ADM3_PCODE":"PH0806408","ADM2_EN":"Southern Leyte","ADM2_PCODE":"PH08064","ADM1_EN":"Region VIII (Eastern Visayas)","ADM1_PCODE":"PH08","ADM0_EN":"Philippines (the)","ADM0_PCODE":"PH","date":"2022/11/09","validOn":"2023/11/06","validTo":null,"Shape_Leng":0.0508040565277,"Shape_Area":0.000120303297958,"AREA_SQKM":1.45849574046},"id":"PH0806408002"},{"arcs":[[8,9,10,11]],"type":"Polygon","properties":{"ADM4_EN":"Buscayan","ADM4_PCODE":"PH0806408003","ADM4_REF":null,"ADM3_EN":"Macrohon","ADM3_PCODE":"PH0806408","ADM2_EN":"Southern Leyte","ADM2_PCODE":"PH08064","ADM1_EN":"Region VIII (Eastern Visayas)","ADM1_PCODE":"PH08","ADM0_EN":"Philippines (the)","ADM0_PCODE":"PH","date":"2022/11/09","validOn":"2023/11/06","validTo":null,"Shape_Leng":0.0515353860282,"Shape_Area":0.0000935093920878,"AREA_SQKM":1.13378679434},"id":"PH0806408003"},{"arcs":[[12,13,14,15,16,17,18,19,20,21,22]],"type":"Polygon","properties":{"ADM4_EN":"Cambaro","ADM4_PCODE":"PH0806408004","ADM4_REF":null,"ADM3_EN":"Macrohon","ADM3_PCODE":"PH0806408","ADM2_EN":"Southern Leyte","ADM2_PCODE":"PH08064","ADM1_EN":"Region VIII (Eastern Visayas)","ADM1_PCODE":"PH08","ADM0_EN":"Philippines (the)","ADM0_PCODE":"PH","date":"2022/11/09","validOn":"2023/11/06","validTo":null,"Shape_Leng":0.122369167805,"Shape_Area":0.000578154133431,"AREA_SQKM":7.0091962901},"id":"PH0806408004"},{"arcs":[[-11,23,-2,24]],"type":"Polygon","properties":{"ADM4_EN":"Canlusay","ADM4_PCODE":"PH0806408005","ADM4_REF":null,"ADM3_EN":"Macrohon","ADM3_PCODE":"PH0806408","ADM2_EN":"Southern Leyte","ADM2_PCODE":"PH08064","ADM1_EN":"Region VIII (Eastern Visayas)","ADM1_PCODE":"PH08","ADM0_EN":"Philippines (the)","ADM0_PCODE":"PH","date":"2022/11/09","validOn":"2023/11/06","validTo":null,"Shape_Leng":0.0464914644276,"Shape_Area":0.0000774664377808,"AREA_SQKM":0.939262699317},"id":"PH0806408005"},{"arcs":[[25,26,27,-9,28]],"type":"Polygon","properties":{"ADM4_EN":"Flordeliz","ADM4_PCODE":"PH0806408006","ADM4_REF":null,"ADM3_EN":"Macrohon","ADM3_PCODE":"PH0806408","ADM2_EN":"Southern Leyte","ADM2_PCODE":"PH08064","ADM1_EN":"Region VIII (Eastern Visayas)","ADM1_PCODE":"PH08","ADM0_EN":"Philippines (the)","ADM0_PCODE":"PH","date":"2022/11/09","validOn":"2023/11/06","validTo":null,"Shape_Leng":0.06982266132,"Shape_Area":0.000188087097832,"AREA_SQKM":2.28054685524},"id":"PH0806408006"},{"arcs":[[29,30,-8,31,32]],"type":"Polygon","properties":{"ADM4_EN":"Ichon","ADM4_PCODE":"PH0806408007","ADM4_REF":null,"ADM3_EN":"Macrohon","ADM3_PCODE":"PH0806408","ADM2_EN":"Southern Leyte","ADM2_PCODE":"PH08064","ADM1_EN":"Region VIII (Eastern Visayas)","ADM1_PCODE":"PH08","ADM0_EN":"Philippines (the)","ADM0_PCODE":"PH","date":"2022/11/09","validOn":"2023/11/06","validTo":null,"Shape_Leng":0.0589012561842,"Shape_Area":0.000177701653765,"AREA_SQKM":2.15426643127},"id":"PH0806408007"},{"arcs":[[33,34,35,36,37,38]],"type":"Polygon","properties":{"ADM4_EN":"Ilihan","ADM4_PCODE":"PH0806408008","ADM4_REF":null,"ADM3_EN":"Macrohon","ADM3_PCODE":"PH0806408","ADM2_EN":"Southern Leyte","ADM2_PCODE":"PH08064","ADM1_EN":"Region VIII (Eastern Visayas)","ADM1_PCODE":"PH08","ADM0_EN":"Philippines (the)","ADM0_PCODE":"PH","date":"2022/11/09","validOn":"2023/11/06","validTo":null,"Shape_Leng":0.0997148502599,"Shape_Area":0.000279841170243,"AREA_SQKM":3.39232059118},"id":"PH0806408008"},{"arcs":[[39,40,41,42,-37]],"type":"Polygon","properties":{"ADM4_EN":"Laray","ADM4_PCODE":"PH0806408009","ADM4_REF":null,"ADM3_EN":"Macrohon","ADM3_PCODE":"PH0806408","ADM2_EN":"Southern Leyte","ADM2_PCODE":"PH08064","ADM1_EN":"Region VIII (Eastern Visayas)","ADM1_PCODE":"PH08","ADM0_EN":"Philippines (the)","ADM0_PCODE":"PH","date":"2022/11/09","validOn":"2023/11/06","validTo":null,"Shape_Leng":0.0921331301577,"Shape_Area":0.000289800523611,"AREA_SQKM":3.51303777076},"id":"PH0806408009"},{"arcs":[[43,44,-27,45]],"type":"Polygon","properties":{"ADM4_EN":"Lower Villa Jacinta","ADM4_PCODE":"PH0806408010","ADM4_REF":null,"ADM3_EN":"Macrohon","ADM3_PCODE":"PH0806408","ADM2_EN":"Southern Leyte","ADM2_PCODE":"PH08064","ADM1_EN":"Region VIII (Eastern Visayas)","ADM1_PCODE":"PH08","ADM0_EN":"Philippines (the)","ADM0_PCODE":"PH","date":"2022/11/09","validOn":"2023/11/06","validTo":null,"Shape_Leng":0.0418824988411,"Shape_Area":0.0000676824865705,"AREA_SQKM":0.820679103454},"id":"PH0806408010"},{"arcs":[[46,-5,-31,47,-40,-36]],"type":"Polygon","properties":{"ADM4_EN":"Mabini","ADM4_PCODE":"PH0806408011","ADM4_REF":null,"ADM3_EN":"Macrohon","ADM3_PCODE":"PH0806408","ADM2_EN":"Southern Leyte","ADM2_PCODE":"PH08064","ADM1_EN":"Region VIII (Eastern Visayas)","ADM1_PCODE":"PH08","ADM0_EN":"Philippines (the)","ADM0_PCODE":"PH","date":"2022/11/09","validOn":"2023/11/06","validTo":null,"Shape_Leng":0.0613415983117,"Shape_Area":0.000151026963458,