{"type":"Topology","arcs":[[[672,724],[-32,-5]],[[640,719],[-76,-11]],[[564,708],[-73,-53]],[[491,655],[-117,52]],[[374,707],[-98,51]],[[276,758],[18,13],[208,89],[21,3]],[[523,863],[149,-139]],[[1188,1058],[-49,-121]],[[1139,937],[-32,-84],[-110,2]],[[997,855],[-73,-20]],[[924,835],[-20,40]],[[904,875],[-80,45]],[[824,920],[66,69],[-4,91]],[[886,1080],[49,39],[123,-110],[32,3],[28,36],[70,10]],[[1194,852],[-2,50],[-53,35]],[[1188,1058],[66,-109],[2,-48],[19,-15],[-81,-34]],[[437,384],[0,-29],[-35,-49]],[[402,306],[-163,34],[-159,299]],[[80,639],[69,-31],[60,-85],[104,-81]],[[313,442],[70,-50],[54,-8]],[[824,920],[-14,-23]],[[810,897],[-64,20],[-77,65]],[[669,982],[68,86],[-27,142],[30,27],[96,-65],[50,-92]],[[810,897],[-37,-35]],[[773,862],[-89,66],[-34,37]],[[650,965],[19,17]],[[373,151],[-18,-53]],[[355,98],[-331,403]],[[24,501],[21,52]],[[45,553],[231,-295],[33,-33]],[[309,225],[64,-74]],[[425,520],[-5,-51]],[[420,469],[-41,-40],[-45,30],[-21,-17]],[[80,639],[106,61]],[[186,700],[179,-162],[60,-18]],[[608,601],[-58,-54]],[[550,547],[-36,48]],[[514,595],[23,10],[-46,50]],[[564,708],[20,-81],[24,-26]],[[904,875],[-76,-94]],[[828,781],[-55,81]],[[775,710],[-40,-20]],[[735,690],[-69,51],[-2,24],[-99,132]],[[565,897],[25,20]],[[590,917],[141,-171],[44,-36]],[[735,690],[-28,-36]],[[707,654],[-7,1]],[[700,655],[-28,69]],[[523,863],[42,34]],[[374,707],[62,-76],[78,-36]],[[550,547],[-9,-25]],[[541,522],[-77,15]],[[464,537],[-35,45],[-36,27],[-117,149]],[[707,654],[-20,-14]],[[687,640],[0,6]],[[687,646],[13,9]],[[462,429],[-42,40]],[[425,520],[39,17]],[[541,522],[-79,-93]],[[462,429],[-25,-45]],[[924,835],[-28,-89],[-32,-9]],[[864,737],[-36,44]],[[430,225],[16,-54],[-33,-4],[17,58]],[[396,222],[-23,-71]],[[309,225],[42,19],[45,-22]],[[806,715],[-31,-5]],[[590,917],[31,25]],[[621,942],[80,-127],[68,-40],[37,-60]],[[864,737],[-2,-10]],[[862,727],[-56,-12]],[[621,942],[29,23]],[[186,700],[90,58]],[[1194,852],[48,-87],[-82,-8],[-36,-13],[-77,17]],[[1047,761],[-50,94]],[[355,98],[-32,-49],[-77,-33],[-74,-16],[56,209],[-228,234],[24,58]],[[1047,761],[-67,10],[-44,-13],[-44,-39],[-30,8]],[[687,640],[-8,0]],[[679,640],[0,10]],[[679,650],[8,-4]],[[679,650],[-39,69]],[[679,640],[-47,-12],[-24,-27]],[[402,306],[-6,-84]],[[45,553],[35,86]]],"transform":{"scale":[0.0004051876956862757,0.00045431061600641995],"translate":[119.06620954000005,10.025421768000058]},"objects":{"bgysubmuns-municity-ph1705318":{"type":"GeometryCollection","geometries":[{"arcs":[[0,1,2,3,4,5,6]],"type":"Polygon","properties":{"ADM4_EN":"Abaroan","ADM4_PCODE":"PH1705318001","ADM4_REF":null,"ADM3_EN":"Roxas","ADM3_PCODE":"PH1705318","ADM2_EN":"Palawan","ADM2_PCODE":"PH17053","ADM1_EN":"Mimaropa Region","ADM1_PCODE":"PH17","ADM0_EN":"Philippines (the)","ADM0_PCODE":"PH","date":"2022/11/09","validOn":"2023/11/06","validTo":null,"Shape_Leng":0.380407543363,"Shape_Area":0.00761972047137,"AREA_SQKM":92.2997472059},"id":"PH1705318001"},{"arcs":[[7,8,9,10,11,12,13]],"type":"Polygon","properties":{"ADM4_EN":"Antonino","ADM4_PCODE":"PH1705318002","ADM4_REF":null,"ADM3_EN":"Roxas","ADM3_PCODE":"PH1705318","ADM2_EN":"Palawan","ADM2_PCODE":"PH17053","ADM1_EN":"Mimaropa Region","ADM1_PCODE":"PH17","ADM0_EN":"Philippines (the)","ADM0_PCODE":"PH","date":"2022/11/09","validOn":"2023/11/06","validTo":null,"Shape_Leng":0.501347259671,"Shape_Area":0.0104865650091,"AREA_SQKM":126.9898833},"id":"PH1705318002"},{"arcs":[[14,-8,15]],"type":"Polygon","properties":{"ADM4_EN":"Bagong Bayan","ADM4_PCODE":"PH1705318003","ADM4_REF":null,"ADM3_EN":"Roxas","ADM3_PCODE":"PH1705318","ADM2_EN":"Palawan","ADM2_PCODE":"PH17053","ADM1_EN":"Mimaropa Region","ADM1_PCODE":"PH17","ADM0_EN":"Philippines (the)","ADM0_PCODE":"PH","date":"2022/11/09","validOn":"2023/11/06","validTo":null,"Shape_Leng":0.311234883748,"Shape_Area":0.00244756205458,"AREA_SQKM":29.6400510878},"id":"PH1705318003"},{"arcs":[[16,17,18,19]],"type":"Polygon","properties":{"ADM4_EN":"Caramay","ADM4_PCODE":"PH1705318004","ADM4_REF":null,"ADM3_EN":"Roxas","ADM3_PCODE":"PH1705318","ADM2_EN":"Palawan","ADM2_PCODE":"PH17053","ADM1_EN":"Mimaropa Region","ADM1_PCODE":"PH17","ADM0_EN":"Philippines (the)","ADM0_PCODE":"PH","date":"2022/11/09","validOn":"2023/11/06","validTo":null,"Shape_Leng":0.4898647093,"Shape_Area":0.00638267192845,"AREA_SQKM":77.3501896774},"id":"PH1705318004"},{"arcs":[[-13,20,21,22]],"type":"Polygon","properties":{"ADM4_EN":"Dumarao","ADM4_PCODE":"PH1705318005","ADM4_REF":null,"ADM3_EN":"Roxas","ADM3_PCODE":"PH1705318","ADM2_EN":"Palawan","ADM2_PCODE":"PH17053","ADM1_EN":"Mimaropa Region","ADM1_PCODE":"PH17","ADM0_EN":"Philippines (the)","ADM0_PCODE":"PH","date":"2022/11/09","validOn":"2023/11/06","validTo":null,"Shape_Leng":0.393054636542,"Shape_Area":0.00839201107432,"AREA_SQKM":101.611951664},"id":"PH1705318005"},{"arcs":[[23,24,25,-22]],"type":"Polygon","properties":{"ADM4_EN":"Iraan","ADM4_PCODE":"PH1705318006","ADM4_REF":null,"ADM3_EN":"Roxas","ADM3_PCODE":"PH1705318","ADM2_EN":"Palawan","ADM2_PCODE":"PH17053","ADM1_EN":"Mimaropa Region","ADM1_PCODE":"PH17","ADM0_EN":"Philippines (the)","ADM0_PCODE":"PH","date":"2022/11/09","validOn":"2023/11/06","validTo":null,"Shape_Leng":0.173188190115,"Shape_Area":0.000951316635973,"AREA_SQKM":11.5209890353},"id":"PH1705318006"},{"arcs":[[26,27,28,29,30]],"type":"Polygon","properties":{"ADM4_EN":"Jolo","ADM4_PCODE":"PH1705318008","ADM4_REF":null,"ADM3_EN":"Roxas","ADM3_PCODE":"PH1705318","ADM2_EN":"Palawan","ADM2_PCODE":"PH17053","ADM1_EN":"Mimaropa Region","ADM1_PCODE":"PH17","ADM0_EN":"Philippines (the)","ADM0_PCODE":"PH","date":"2022/11/09","validOn":"2023/11/06","validTo":null,"Shape_Leng":0.617242959071,"Shape_Area":0.00453336109562,"AREA_SQKM":54.9479754971},"id":"PH1705318008"},{"arcs":[[31,32,-19,33,34]],"type":"Polygon","properties":{"ADM4_EN":"Magara (Arasan)","ADM4_PCODE":"PH1705318009","ADM4_REF":null,"ADM3_EN":"Roxas","ADM3_PCODE":"PH1705318","ADM2_EN":"Palawan","ADM2_PCODE":"PH17053","ADM1_EN":"Mimaropa Region","ADM1_PCODE":"PH17","ADM0_EN":"Philippines (the)","ADM0_PCODE":"PH","date":"2022/11/09","validOn":"2023/11/06","validTo":null,"Shape_Leng":0.39759985332,"Shape_Area":0.00672162125791,"AREA_SQKM":81.4435213108},"id":"PH1705318009"},{"arcs":[[35,36,37,-3,38]],"type":"Polygon","properties":{"ADM4_EN":"Malcampo","ADM4_PCODE":"PH1705318010","ADM4_REF":null,"ADM3_EN":"Roxas","ADM3_PCODE":"PH1705318","ADM2_EN":"Palawan","ADM2_PCODE":"PH17053","ADM1_EN":"Mimaropa Region","ADM1_PCODE":"PH17","ADM0_EN":"Philippines (the)","ADM0_PCODE":"PH","date":"2022/11/09","validOn":"2023/11/06","validTo":null,"Shape_Leng":0.207322915685,"Shape_Area":0.00163604056539,"AREA_SQKM":19.8214737408},"id":"PH1705318010"},{"arcs":[[39,40,-24,-21,-12]],"type":"Polygon","properties":{"ADM4_EN":"Mendoza","ADM4_PCODE":"PH1705318011","ADM4_REF":null,"ADM3_EN":"Roxas","ADM3_PCODE":"PH1705318","ADM2_EN":"Palawan","ADM2_PCODE":"PH17053","ADM1_EN":"Mimaropa Region","ADM1_PCODE":"PH17","ADM0_EN":"Philippines (the)","ADM0_PCODE":"PH","date":"2022/11/09","validOn":"2023/11/06","validTo":null,"Shape_Leng":0.17422175968,"Shape_Area":0.00166990259223,"AREA_SQKM":20.2252240716},"id":"PH1705318011"},{"arcs":[[41,42,43,44]],"type":"Polygon","properties":{"ADM4_EN":"Narra (Minara)","ADM4_PCODE":"PH1705318012","ADM4_REF":null,"ADM3_EN":"Roxas","ADM3_PCODE":"PH1705318","ADM2_EN":"Palawan","ADM2_PCODE":"PH17053","ADM1_EN":"Mimaropa Region","ADM1_PCODE":"PH17","ADM0_EN":"Philippines (the)","ADM0_PCODE":"PH","date":"2022/11/09","validOn":"2023/11/06","validTo":null,"Shape_Leng":0.293435702053,"Shape_Area":0.00200249664126,"AREA_SQKM":24.2555921684},"id":"PH1705318012"},{"arcs":[[45,46,47,-7,48,-43]],"type":"Polygon","properties":{"ADM4_EN":"New Barbacan (Retac)","ADM4_PCODE":"PH1705318013","ADM4_REF":null,"ADM3_EN":"Roxas","ADM3_PCODE":"PH1705318","ADM2_EN":"Palawan","ADM2_PCODE":"PH17053","ADM1_EN":"Mimaropa Region","ADM1_PCODE":"PH17","ADM0_EN":"Philippines (the)","ADM0_PCODE":"PH","date":"2022/11/09","validOn":"2023/11/06","validTo":null,