{"type":"Topology","arcs":[[[965,763],[-35,-31]],[[930,732],[-27,-20]],[[903,712],[-110,83]],[[793,795],[13,58],[51,55],[108,-145]],[[903,712],[-89,-59]],[[814,653],[-77,118]],[[737,771],[56,24]],[[1019,525],[29,-5],[59,152]],[[1107,672],[-2,-35],[76,-100],[-42,-10],[-81,-60],[-39,58]],[[704,730],[48,-48],[71,-134]],[[823,548],[-86,-30]],[[737,518],[-38,83]],[[699,601],[-19,90],[18,37]],[[698,728],[6,2]],[[563,369],[9,-67]],[[572,302],[-103,-9]],[[469,293],[-29,78]],[[440,371],[76,12],[47,-14]],[[737,518],[-37,-70]],[[700,448],[-48,49],[-30,70]],[[622,567],[-6,15]],[[616,582],[83,19]],[[898,189],[43,-94],[-58,-12],[-167,-83],[-73,117]],[[643,117],[8,16]],[[651,133],[17,1],[110,109]],[[778,243],[120,-54]],[[617,242],[34,-109]],[[643,117],[-235,170]],[[408,287],[61,6]],[[572,302],[45,-60]],[[814,653],[44,-117]],[[858,536],[-35,12]],[[704,730],[33,41]],[[733,271],[-116,-29]],[[563,369],[8,7]],[[571,376],[101,43]],[[672,419],[21,-88],[40,-60]],[[733,271],[45,-28]],[[700,448],[-28,-29]],[[672,419],[-103,81]],[[569,500],[-18,37]],[[551,537],[71,30]],[[525,571],[26,-34]],[[569,500],[-66,2]],[[503,502],[-43,64]],[[460,566],[65,5]],[[196,583],[55,-23]],[[251,560],[-32,-51],[-47,27]],[[172,536],[4,54]],[[176,590],[20,-7]],[[188,697],[-50,-89]],[[138,608],[-53,41]],[[85,649],[55,84]],[[140,733],[48,-36]],[[440,371],[-8,11]],[[432,382],[64,108]],[[496,490],[18,-54],[57,-60]],[[196,583],[54,79]],[[250,662],[81,-18],[-80,-84]],[[547,788],[-19,-159]],[[528,629],[-24,15],[-15,90],[58,54]],[[519,868],[7,-6]],[[526,862],[6,-5]],[[532,857],[2,-1]],[[534,856],[4,-4]],[[538,852],[-60,-32],[1,76]],[[479,896],[40,-28]],[[503,502],[-7,-12]],[[432,382],[-93,97]],[[339,479],[40,56],[81,31]],[[138,608],[-38,-65]],[[100,543],[-45,96]],[[55,639],[30,10]],[[172,536],[-72,7]],[[138,608],[38,-18]],[[978,590],[-74,3],[-46,-57]],[[930,732],[48,-142]],[[55,639],[-55,79]],[[0,718],[85,-69]],[[0,718],[66,-11],[74,26]],[[1019,525],[-41,65]],[[965,763],[77,-79],[65,-12]],[[348,1097],[60,-42],[-51,-28],[-9,70]],[[970,260],[-133,121]],[[837,381],[56,65]],[[893,446],[109,-91],[-32,-95]],[[534,856],[4,-4]],[[526,862],[6,-5]],[[479,896],[40,-28]],[[616,582],[-58,38]],[[558,620],[-30,9]],[[547,788],[86,32],[-36,50],[73,35],[37,-27],[-44,-108],[35,-42]],[[525,571],[33,49]],[[970,260],[-34,-60],[-38,-11]],[[700,448],[52,-49],[85,-18]],[[188,697],[62,-35]],[[858,536],[35,-90]],[[408,287],[-54,66],[-106,49],[91,77]]],"transform":{"scale":[0.00011533521761220004,0.00011214231814033417],"translate":[123.81035229100007,9.828503107000074]},"objects":{"bgysubmuns-municity-ph0701210":{"type":"GeometryCollection","geometries":[{"arcs":[[0,1,2,3]],"type":"Polygon","properties":{"ADM4_EN":"Abucayan Norte","ADM4_PCODE":"PH0701210001","ADM4_REF":null,"ADM3_EN":"Calape","ADM3_PCODE":"PH0701210","ADM2_EN":"Bohol","ADM2_PCODE":"PH07012","ADM1_EN":"Region VII (Central Visayas)","ADM1_PCODE":"PH07","ADM0_EN":"Philippines (the)","ADM0_PCODE":"PH","date":"2022/11/09","validOn":"2023/11/06","validTo":null,"Shape_Leng":0.0674814755641,"Shape_Area":0.000220779914924,"AREA_SQKM":2.67804176949},"id":"PH0701210001"},{"arcs":[[4,5,6,-3]],"type":"Polygon","properties":{"ADM4_EN":"Abucayan Sur","ADM4_PCODE":"PH0701210002","ADM4_REF":null,"ADM3_EN":"Calape","ADM3_PCODE":"PH0701210","ADM2_EN":"Bohol","ADM2_PCODE":"PH07012","ADM1_EN":"Region VII (Central Visayas)","ADM1_PCODE":"PH07","ADM0_EN":"Philippines (the)","ADM0_PCODE":"PH","date":"2022/11/09","validOn":"2023/11/06","validTo":null,"Shape_Leng":0.0601146042414,"Shape_Area":0.000150982838151,"AREA_SQKM":1.8314570835},"id":"PH0701210002"},{"arcs":[[7,8]],"type":"Polygon","properties":{"ADM4_EN":"Banlasan","ADM4_PCODE":"PH0701210003","ADM4_REF":null,"ADM3_EN":"Calape","ADM3_PCODE":"PH0701210","ADM2_EN":"Bohol","ADM2_PCODE":"PH07012","ADM1_EN":"Region VII (Central Visayas)","ADM1_PCODE":"PH07","ADM0_EN":"Philippines (the)","ADM0_PCODE":"PH","date":"2022/11/09","validOn":"2023/11/06","validTo":null,"Shape_Leng":0.0662491026853,"Shape_Area":0.000169648059941,"AREA_SQKM":2.05798969957},"id":"PH0701210003"},{"arcs":[[9,10,11,12,13]],"type":"Polygon","properties":{"ADM4_EN":"Bentig","ADM4_PCODE":"PH0701210004","ADM4_REF":null,"ADM3_EN":"Calape","ADM3_PCODE":"PH0701210","ADM2_EN":"Bohol","ADM2_PCODE":"PH07012","ADM1_EN":"Region VII (Central Visayas)","ADM1_PCODE":"PH07","ADM0_EN":"Philippines (the)","ADM0_PCODE":"PH","date":"2022/11/09","validOn":"2023/11/06","validTo":null,"Shape_Leng":0.0628587721998,"Shape_Area":0.000191053882048,"AREA_SQKM":2.31761434096},"id":"PH0701210004"},{"arcs":[[14,15,16,17]],"type":"Polygon","properties":{"ADM4_EN":"Binogawan","ADM4_PCODE":"PH0701210005","ADM4_REF":null,"ADM3_EN":"Calape","ADM3_PCODE":"PH0701210","ADM2_EN":"Bohol","ADM2_PCODE":"PH07012","ADM1_EN":"Region VII (Central Visayas)","ADM1_PCODE":"PH07","ADM0_EN":"Philippines (the)","ADM0_PCODE":"PH","date":"2022/11/09","validOn":"2023/11/06","validTo":null,"Shape_Leng":0.0438283741381,"Shape_Area":0.000110615899683,"AREA_SQKM":1.34196844554},"id":"PH0701210005"},{"arcs":[[18,19,20,21,-12]],"type":"Polygon","properties":{"ADM4_EN":"Bonbon","ADM4_PCODE":"PH0701210006","ADM4_REF":null,"ADM3_EN":"Calape","ADM3_PCODE":"PH0701210","ADM2_EN":"Bohol","ADM2_PCODE":"PH07012","ADM1_EN":"Region VII (Central Visayas)","ADM1_PCODE":"PH07","ADM0_EN":"Philippines (the)","ADM0_PCODE":"PH","date":"2022/11/09","validOn":"2023/11/06","validTo":null,"Shape_Leng":0.0487369396345,"Shape_Area":0.000127150088116,"AREA_SQKM":1.54245819258},"id":"PH0701210006"},{"arcs":[[22,23,24,25]],"type":"Polygon","properties":{"ADM4_EN":"Cabayugan","ADM4_PCODE":"PH0701210007","ADM4_REF":null,"ADM3_EN":"Calape","ADM3_PCODE":"PH0701210","ADM2_EN":"Bohol","ADM2_PCODE":"PH07012","ADM1_EN":"Region VII (Central Visayas)","ADM1_PCODE":"PH07","ADM0_EN":"Philippines (the)","ADM0_PCODE":"PH","date":"2022/11/09","validOn":"2023/11/06","validTo":null,"Shape_Leng":0.107510420245,"Shape_Area":0.000531587506624,"AREA_SQKM":6.44957480238},"id":"PH0701210007"},{"arcs":[[26,-24,27,28,-16,29]],"type":"Polygon","properties":{"ADM4_EN":"Cabudburan","ADM4_PCODE":"PH0701210008","ADM4_REF":null,"ADM3_EN":"Calape","ADM3_PCODE":"PH0701210","ADM2_EN":"Bohol","ADM2_PCODE":"PH07012","ADM1_EN":"Region VII (Central Visayas)","ADM1_PCODE":"PH07","ADM0_EN":"Philippines (the)","ADM0_PCODE":"PH","date":"2022/11/09","validOn":"2023/11/06","validTo":null,"Shape_Leng":0.0755414637612,"Shape_Area":0.000239629178313,"AREA_SQKM":2.90723361387},"id":"PH0701210008"},{"arcs":[[30,31,-10,32,-6]],"type":"Polygon","properties":{"ADM4_EN":"Calunasan","ADM4_PCODE":"PH0701210009","ADM4_REF":null,"ADM3_EN":"Calape","ADM3_PCODE":"PH0701210","ADM2_EN":"Bohol","ADM2_PCODE":"PH07012","ADM1_EN":"Region VII (Central Visayas)","ADM1_PCODE":"PH07","ADM0_EN":"Philippines (the)","ADM0_PCODE":"PH","date":"2022/11/09","validOn":"2023/11/06","validTo":null,"Shape_Leng":0.073092912538,"Shape_Area":0.000106378883794,"AREA_SQKM":1.29042971956},"id":"PH0701210009"},{"arcs":[[33,-30,-15,34,35,36]],"type":"Polygon","properties":{"ADM4_EN":"Camias","ADM4_PCODE":"PH0701210010","ADM4_REF":null,"ADM3_EN":"Calape","ADM3_PCODE":"PH0701210","ADM2_EN":"Bohol","ADM2_PCODE":"PH07012","ADM1_EN":"Region VII (Central Visayas)","ADM1_PCODE":"PH07","ADM0_EN":"Philippines (the)","ADM0_PCODE":"PH","date":"2022/11/09","validOn":"2023/11/06","validTo":null,"Shape_Leng":0.0620886446013,"Shape_Area":0.00023507284875,"AREA_SQKM":2.85186773591},"id":"PH0701210010"},{"arcs":[[-25,-27,-34,37]],"type":"Polygon","properties":{"ADM4_EN":"Canguha","ADM4_PCODE":"PH0701210011","ADM4_REF":null,"ADM3_EN":"Calape","ADM3_PCODE":"PH0701210","ADM2_EN":"Bohol","ADM2_PCODE":"PH07012","ADM1_EN":"Region VII (Central Visayas)","ADM1_PCODE":"PH07","ADM0_EN":"Philippines (the)","ADM0_PCODE":"PH","date":"2022/11/09","validOn":"2023/11/06","validTo":null,"Shape_Leng":0.0521415849936,"Shape_Area":0.000152721264806,"AREA_SQKM":1.85285959069},"id":"PH0701210011"},{"arcs":[[38,39,40,41,-20]],"type":"Polygon","properties":{"ADM4_EN":"Catmonan",