{"type":"Topology","arcs":[[[757,891],[92,-93]],[[849,798],[-83,-27],[13,-50]],[[779,721],[-121,54],[7,54]],[[665,829],[36,81]],[[701,910],[56,-19]],[[410,798],[-108,-77],[-59,-72],[-40,31],[-89,-46]],[[114,634],[172,192],[-37,88]],[[249,914],[54,-7]],[[303,907],[100,15]],[[403,922],[7,-124]],[[855,1120],[12,-87],[-82,-17]],[[785,1016],[-124,71]],[[661,1087],[-21,22]],[[640,1109],[82,81]],[[722,1190],[133,-70]],[[1587,817],[-21,-53]],[[1566,764],[-91,57]],[[1475,821],[7,28],[105,37]],[[1587,886],[0,-69]],[[661,1087],[-57,-57],[19,-100],[78,-20]],[[665,829],[-72,31],[-60,-64],[-8,-57]],[[525,739],[-46,-45]],[[479,694],[-49,44],[-20,60]],[[403,922],[81,162]],[[484,1084],[94,79]],[[578,1163],[62,-54]],[[898,1183],[-43,-63]],[[722,1190],[83,73]],[[805,1263],[93,-80]],[[114,634],[-48,66],[17,103],[81,80],[20,48]],[[184,931],[65,-17]],[[320,1010],[-17,-103]],[[184,931],[19,85]],[[203,1016],[117,-6]],[[1652,800],[-34,-82]],[[1618,718],[-52,46]],[[1587,817],[65,-17]],[[320,1010],[17,103]],[[337,1113],[42,19]],[[379,1132],[105,-48]],[[722,1190],[-95,116]],[[627,1306],[51,45],[102,13],[25,-101]],[[325,1146],[12,-33]],[[203,1016],[24,63],[98,67]],[[1066,1153],[52,-63]],[[1118,1090],[-73,-119],[-84,-84]],[[961,887],[-71,90],[-71,-36]],[[819,941],[-34,75]],[[898,1183],[77,-43],[91,13]],[[961,887],[-89,-27],[-23,-62]],[[757,891],[62,50]],[[779,721],[26,-8],[-115,-144]],[[690,569],[-56,93],[-109,77]],[[492,1225],[86,-62]],[[379,1132],[3,50]],[[382,1182],[110,43]],[[1292,226],[40,-82],[-79,-8],[39,90]],[[1215,320],[24,19]],[[1239,339],[-24,-19]],[[325,1146],[57,36]],[[1066,1153],[89,52],[100,106],[56,34],[46,-6],[-122,-152],[-82,-35],[-35,-62]],[[492,1225],[69,60],[66,21]],[[1412,381],[-10,-91],[-65,50],[75,41]],[[1277,400],[42,84]],[[1319,484],[41,21]],[[1360,505],[20,-73],[-25,-38],[-78,6]],[[1533,578],[18,-17]],[[1551,561],[-22,-76],[-72,-136],[-68,87],[32,33],[7,69]],[[1428,538],[67,58]],[[1495,596],[36,-14]],[[1531,582],[2,-4]],[[1386,703],[3,-7]],[[1389,696],[-3,7]],[[1406,686],[29,-25],[38,9]],[[1473,670],[22,-74]],[[1428,538],[-68,-33]],[[1319,484],[-8,102],[-21,28]],[[1290,614],[116,72]],[[690,569],[-58,-40],[-80,17],[4,91],[-77,57]],[[1618,718],[-12,-40]],[[1606,678],[-79,16],[-54,-24]],[[1406,686],[-17,10]],[[1386,703],[37,-22],[54,34],[-50,94],[48,12]],[[1587,886],[76,-4],[-11,-82]],[[1533,578],[18,-17]],[[1606,678],[-75,-96]],[[1215,320],[24,19]],[[1277,400],[-99,4],[-49,52],[76,127],[64,-9],[21,40]]],"transform":{"scale":[0.00009466998874364757,0.0000948320601173341],"translate":[123.9163208010001,10.203910568000026]},"objects":{"bgysubmuns-municity-ph0702226":{"type":"GeometryCollection","geometries":[{"arcs":[[0,1,2,3,4]],"type":"Polygon","properties":{"ADM4_EN":"Agus","ADM4_PCODE":"PH0702226001","ADM4_REF":null,"ADM3_EN":"Lapu-Lapu City (Opon)","ADM3_PCODE":"PH0702226","ADM2_EN":"Cebu","ADM2_PCODE":"PH07022","ADM1_EN":"Region VII (Central Visayas)","ADM1_PCODE":"PH07","ADM0_EN":"Philippines (the)","ADM0_PCODE":"PH","date":"2022/11/09","validOn":"2023/11/06","validTo":null,"Shape_Leng":0.0813805286198,"Shape_Area":0.000178724382906,"AREA_SQKM":2.16552746298},"id":"PH0702226001"},{"arcs":[[5,6,7,8,9]],"type":"Polygon","properties":{"ADM4_EN":"Babag","ADM4_PCODE":"PH0702226002","ADM4_REF":null,"ADM3_EN":"Lapu-Lapu City (Opon)","ADM3_PCODE":"PH0702226","ADM2_EN":"Cebu","ADM2_PCODE":"PH07022","ADM1_EN":"Region VII (Central Visayas)","ADM1_PCODE":"PH07","ADM0_EN":"Philippines (the)","ADM0_PCODE":"PH","date":"2022/11/09","validOn":"2023/11/06","validTo":null,"Shape_Leng":0.116613497626,"Shape_Area":0.000311798843354,"AREA_SQKM":3.77797028039},"id":"PH0702226002"},{"arcs":[[10,11,12,13,14]],"type":"Polygon","properties":{"ADM4_EN":"Bankal","ADM4_PCODE":"PH0702226003","ADM4_REF":null,"ADM3_EN":"Lapu-Lapu City (Opon)","ADM3_PCODE":"PH0702226","ADM2_EN":"Cebu","ADM2_PCODE":"PH07022","ADM1_EN":"Region VII (Central Visayas)","ADM1_PCODE":"PH07","ADM0_EN":"Philippines (the)","ADM0_PCODE":"PH","date":"2022/11/09","validOn":"2023/11/06","validTo":null,"Shape_Leng":0.0770492079252,"Shape_Area":0.000201563612701,"AREA_SQKM":2.44206668564},"id":"PH0702226003"},{"arcs":[[15,16,17,18]],"type":"Polygon","properties":{"ADM4_EN":"Baring","ADM4_PCODE":"PH0702226004","ADM4_REF":null,"ADM3_EN":"Lapu-Lapu City (Opon)","ADM3_PCODE":"PH0702226","ADM2_EN":"Cebu","ADM2_PCODE":"PH07022","ADM1_EN":"Region VII (Central Visayas)","ADM1_PCODE":"PH07","ADM0_EN":"Philippines (the)","ADM0_PCODE":"PH","date":"2022/11/09","validOn":"2023/11/06","validTo":null,"Shape_Leng":0.0510280135078,"Shape_Area":0.0000769434973015,"AREA_SQKM":0.932290050825},"id":"PH0702226004"},{"arcs":[[-13,19,-4,20,21,22,-10,23,24,25]],"type":"Polygon","properties":{"ADM4_EN":"Basak","ADM4_PCODE":"PH0702226005","ADM4_REF":null,"ADM3_EN":"Lapu-Lapu City (Opon)","ADM3_PCODE":"PH0702226","ADM2_EN":"Cebu","ADM2_PCODE":"PH07022","ADM1_EN":"Region VII (Central Visayas)","ADM1_PCODE":"PH07","ADM0_EN":"Philippines (the)","ADM0_PCODE":"PH","date":"2022/11/09","validOn":"2023/11/06","validTo":null,"Shape_Leng":0.134849287407,"Shape_Area":0.000660861033924,"AREA_SQKM":8.00711636955},"id":"PH0702226005"},{"arcs":[[26,-15,27,28]],"type":"Polygon","properties":{"ADM4_EN":"Buaya","ADM4_PCODE":"PH0702226006","ADM4_REF":null,"ADM3_EN":"Lapu-Lapu City (Opon)","ADM3_PCODE":"PH0702226","ADM2_EN":"Cebu","ADM2_PCODE":"PH07022","ADM1_EN":"Region VII (Central Visayas)","ADM1_PCODE":"PH07","ADM0_EN":"Philippines (the)","ADM0_PCODE":"PH","date":"2022/11/09","validOn":"2023/11/06","validTo":null,"Shape_Leng":0.0593677746967,"Shape_Area":0.000119593262109,"AREA_SQKM":1.44890685942},"id":"PH0702226006"},{"arcs":[[-7,29,30]],"type":"Polygon","properties":{"ADM4_EN":"Calawisan","ADM4_PCODE":"PH0702226007","ADM4_REF":null,"ADM3_EN":"Lapu-Lapu City (Opon)","ADM3_PCODE":"PH0702226","ADM2_EN":"Cebu","ADM2_PCODE":"PH07022","ADM1_EN":"Region VII (Central Visayas)","ADM1_PCODE":"PH07","ADM0_EN":"Philippines (the)","ADM0_PCODE":"PH","date":"2022/11/09","validOn":"2023/11/06","validTo":null,"Shape_Leng":0.14482556739,"Shape_Area":0.000296069799659,"AREA_SQKM":3.5873812829},"id":"PH0702226007"},{"arcs":[[31,-8,-31,32,33]],"type":"Polygon","properties":{"ADM4_EN":"Canjulao","ADM4_PCODE":"PH0702226008","ADM4_REF":null,"ADM3_EN":"Lapu-Lapu City (Opon)","ADM3_PCODE":"PH0702226","ADM2_EN":"Cebu","ADM2_PCODE":"PH07022","ADM1_EN":"Region VII (Central Visayas)","ADM1_PCODE":"PH07","ADM0_EN":"Philippines (the)","ADM0_PCODE":"PH","date":"2022/11/09","validOn":"2023/11/06","validTo":null,"Shape_Leng":0.0736995111421,"Shape_Area":0.0000960836137199,"AREA_SQKM":1.16415707416},"id":"PH0702226008"},{"arcs":[[34,35,-16,36]],"type":"Polygon","properties":{"ADM4_EN":"Caw-oy","ADM4_PCODE":"PH0702226009","ADM4_REF":null,"ADM3_EN":"Lapu-Lapu City (Opon)","ADM3_PCODE":"PH0702226","ADM2_EN":"Cebu","ADM2_PCODE":"PH07022","ADM1_EN":"Region VII (Central Visayas)","ADM1_PCODE":"PH07","ADM0_EN":"Philippines (the)","ADM0_PCODE":"PH","date":"2022/11/09","validOn":"2023/11/06","validTo":null,"Shape_Leng":0.0302763862838,"Shape_Area":0.0000451323286964,"AREA_SQKM":0.546857328269},"id":"PH0702226009"},{"type":null,"properties":{"ADM4_EN":"Cawhagan","ADM4_PCODE":"PH0702226010","ADM4_REF":null,"ADM3_EN":"Lapu-Lapu City (Opon)","ADM3_PCODE":"PH0702226","ADM2_EN":"Cebu","ADM2_PCODE":"PH07022","ADM1_EN":"Region VII (Central Visayas)","ADM1_PCODE":"PH07","ADM0_EN":"Philippines (the)","ADM0_PCODE":"PH","date":"2022/11/09","validOn":"2023/11/06","validTo":null,"Shape_Leng":0.0104339547517,"Shape_Area":0.00000460817231947,"AREA_SQKM":0.0558488339771},"id":"PH0702226010"},{"type":null,"properties":{"ADM4_EN":"Caubian","ADM4_PCODE":"PH0702226011","ADM4_REF":null,"ADM3_EN":"Lapu-Lapu City (Opon)","ADM3_PCODE":"PH0702226","ADM2_EN":"Cebu","ADM2_PCODE":"PH07022","ADM1_EN":"Region VII (Central Visayas)","ADM1_PCODE":"PH07","ADM0_EN":"Philippines (the)","ADM0_PCODE":"PH","date":"2022/11/09","validOn":"2023/11/06","validTo":null,"Shape_Leng":0.030928318253,"Shape_Area":0.0000210488577182,