{"type":"Topology","arcs":[[[411,446],[-11,-36]],[[400,410],[-99,9]],[[301,419],[5,81]],[[306,500],[21,17]],[[327,517],[84,-71]],[[711,404],[-14,-107]],[[697,297],[-67,-81]],[[630,216],[-27,94]],[[603,310],[77,130]],[[680,440],[31,-36]],[[400,410],[35,-7]],[[435,403],[-26,-124]],[[409,279],[-135,5]],[[274,284],[-31,47]],[[243,331],[5,7]],[[248,338],[37,74]],[[285,412],[16,7]],[[285,412],[-132,72]],[[153,484],[42,30]],[[195,514],[111,-14]],[[182,572],[31,-30]],[[213,542],[-18,-28]],[[153,484],[-45,-21]],[[108,463],[-98,83]],[[10,546],[-10,64]],[[0,610],[182,-38]],[[641,487],[-21,-17]],[[620,470],[-89,63]],[[531,533],[-7,71]],[[524,604],[57,51]],[[581,655],[79,-86],[-19,-82]],[[145,690],[60,-66]],[[205,624],[-23,-52]],[[0,610],[41,122]],[[41,732],[104,-42]],[[630,216],[20,-34]],[[650,182],[-68,-38]],[[582,144],[-41,43]],[[541,187],[12,44]],[[553,231],[4,91]],[[557,322],[46,-12]],[[544,368],[13,-46]],[[553,231],[-134,40]],[[419,271],[-10,8]],[[435,403],[109,-35]],[[243,331],[-28,-56]],[[215,275],[-91,1],[-39,55]],[[85,331],[35,87]],[[120,418],[128,-80]],[[582,144],[-5,-88],[-98,-56]],[[479,0],[-43,158]],[[436,158],[105,29]],[[219,763],[74,-107]],[[293,656],[-17,-19]],[[276,637],[-71,-13]],[[145,690],[56,88]],[[201,778],[18,-15]],[[108,463],[12,-45]],[[85,331],[-75,215]],[[436,158],[-46,45]],[[390,203],[29,68]],[[544,368],[76,102]],[[641,487],[39,-47]],[[41,732],[-41,98],[201,-52]],[[386,181],[-13,-71]],[[373,110],[-135,1]],[[238,111],[22,80]],[[260,191],[126,-10]],[[479,0],[-74,52]],[[405,52],[-32,58]],[[386,181],[4,22]],[[260,191],[-14,35]],[[246,226],[8,18]],[[254,244],[7,13]],[[261,257],[13,27]],[[290,547],[37,-30]],[[213,542],[77,5]],[[276,637],[21,-85]],[[297,552],[-7,-5]],[[411,446],[120,87]],[[246,226],[-30,31]],[[216,257],[7,11]],[[223,268],[31,-24]],[[222,269],[1,-1]],[[216,257],[0,16]],[[216,273],[6,-4]],[[261,257],[-39,12]],[[216,273],[-1,2]],[[480,633],[44,-29]],[[297,552],[71,82]],[[368,634],[112,-1]],[[405,52],[-95,-48],[-72,107]],[[519,744],[-39,-111]],[[368,634],[5,26]],[[373,660],[4,103]],[[377,763],[25,33],[117,-52]],[[519,744],[62,-89]],[[751,274],[-53,-85]],[[698,189],[40,87]],[[738,276],[13,-2]],[[373,660],[-80,-4]],[[219,763],[55,29],[103,-29]],[[698,189],[-48,-7]],[[697,297],[41,-21]],[[711,404],[55,-63],[-15,-67]]],"transform":{"scale":[0.00015380823759795391,0.000138761348192743],"translate":[121.94199907900008,13.802354653000066]},"objects":{"bgysubmuns-municity-ph0405649":{"type":"GeometryCollection","geometries":[{"arcs":[[0,1,2,3,4]],"type":"Polygon","properties":{"ADM4_EN":"Almacen","ADM4_PCODE":"PH0405649001","ADM4_REF":null,"ADM3_EN":"Unisan","ADM3_PCODE":"PH0405649","ADM2_EN":"Quezon","ADM2_PCODE":"PH04056","ADM1_EN":"Region IV-A (Calabarzon)","ADM1_PCODE":"PH04","ADM0_EN":"Philippines (the)","ADM0_PCODE":"PH","date":"2022/11/09","validOn":"2023/11/06","validTo":null,"Shape_Leng":0.059664975606,"Shape_Area":0.000189132966601,"AREA_SQKM":2.26195640661},"id":"PH0405649001"},{"arcs":[[5,6,7,8,9]],"type":"Polygon","properties":{"ADM4_EN":"Balagtas","ADM4_PCODE":"PH0405649002","ADM4_REF":null,"ADM3_EN":"Unisan","ADM3_PCODE":"PH0405649","ADM2_EN":"Quezon","ADM2_PCODE":"PH04056","ADM1_EN":"Region IV-A (Calabarzon)","ADM1_PCODE":"PH04","ADM0_EN":"Philippines (the)","ADM0_PCODE":"PH","date":"2022/11/09","validOn":"2023/11/06","validTo":null,"Shape_Leng":0.0774461721211,"Shape_Area":0.000299971375255,"AREA_SQKM":3.58781843155},"id":"PH0405649002"},{"arcs":[[-2,10,11,12,13,14,15,16]],"type":"Polygon","properties":{"ADM4_EN":"Balanacan","ADM4_PCODE":"PH0405649003","ADM4_REF":null,"ADM3_EN":"Unisan","ADM3_PCODE":"PH0405649","ADM2_EN":"Quezon","ADM2_PCODE":"PH04056","ADM1_EN":"Region IV-A (Calabarzon)","ADM1_PCODE":"PH04","ADM0_EN":"Philippines (the)","ADM0_PCODE":"PH","date":"2022/11/09","validOn":"2023/11/06","validTo":null,"Shape_Leng":0.0924693227788,"Shape_Area":0.000425870121478,"AREA_SQKM":5.0935551322},"id":"PH0405649003"},{"arcs":[[-3,-17,17,18,19]],"type":"Polygon","properties":{"ADM4_EN":"Bulo Ibaba","ADM4_PCODE":"PH0405649005","ADM4_REF":null,"ADM3_EN":"Unisan","ADM3_PCODE":"PH0405649","ADM2_EN":"Quezon","ADM2_PCODE":"PH04056","ADM1_EN":"Region IV-A (Calabarzon)","ADM1_PCODE":"PH04","ADM0_EN":"Philippines (the)","ADM0_PCODE":"PH","date":"2022/11/09","validOn":"2023/11/06","validTo":null,"Shape_Leng":0.0709335043743,"Shape_Area":0.000185610083999,"AREA_SQKM":2.21980648954},"id":"PH0405649005"},{"arcs":[[20,21,-19,22,23,24,25]],"type":"Polygon","properties":{"ADM4_EN":"Bulo Ilaya","ADM4_PCODE":"PH0405649006","ADM4_REF":null,"ADM3_EN":"Unisan","ADM3_PCODE":"PH0405649","ADM2_EN":"Quezon","ADM2_PCODE":"PH04056","ADM1_EN":"Region IV-A (Calabarzon)","ADM1_PCODE":"PH04","ADM0_EN":"Philippines (the)","ADM0_PCODE":"PH","date":"2022/11/09","validOn":"2023/11/06","validTo":null,"Shape_Leng":0.0861484865692,"Shape_Area":0.000373625398077,"AREA_SQKM":4.46819195531},"id":"PH0405649006"},{"arcs":[[26,27,28,29,30]],"type":"Polygon","properties":{"ADM4_EN":"Bonifacio","ADM4_PCODE":"PH0405649007","ADM4_REF":null,"ADM3_EN":"Unisan","ADM3_PCODE":"PH0405649","ADM2_EN":"Quezon","ADM2_PCODE":"PH04056","ADM1_EN":"Region IV-A (Calabarzon)","ADM1_PCODE":"PH04","ADM0_EN":"Philippines (the)","ADM0_PCODE":"PH","date":"2022/11/09","validOn":"2023/11/06","validTo":null,"Shape_Leng":0.0980591107391,"Shape_Area":0.000399009236336,"AREA_SQKM":4.77169538494},"id":"PH0405649007"},{"arcs":[[31,32,-26,33,34]],"type":"Polygon","properties":{"ADM4_EN":"Burgos","ADM4_PCODE":"PH0405649008","ADM4_REF":null,"ADM3_EN":"Unisan","ADM3_PCODE":"PH0405649","ADM2_EN":"Quezon","ADM2_PCODE":"PH04056","ADM1_EN":"Region IV-A (Calabarzon)","ADM1_PCODE":"PH04","ADM0_EN":"Philippines (the)","ADM0_PCODE":"PH","date":"2022/11/09","validOn":"2023/11/06","validTo":null,"Shape_Leng":0.0890966643858,"Shape_Area":0.000443005502343,"AREA_SQKM":5.29758045676},"id":"PH0405649008"},{"arcs":[[-8,35,36,37,38,39,40]],"type":"Polygon","properties":{"ADM4_EN":"Caigdal","ADM4_PCODE":"PH0405649009","ADM4_REF":null,"ADM3_EN":"Unisan","ADM3_PCODE":"PH0405649","ADM2_EN":"Quezon","ADM2_PCODE":"PH04056","ADM1_EN":"Region IV-A (Calabarzon)","ADM1_PCODE":"PH04","ADM0_EN":"Philippines (the)","ADM0_PCODE":"PH","date":"2022/11/09","validOn":"2023/11/06","validTo":null,"Shape_Leng":0.0681122900847,"Shape_Area":0.000230802663255,"AREA_SQKM":2.76067261224},"id":"PH0405649009"},{"arcs":[[41,-40,42,43,-12,44]],"type":"Polygon","properties":{"ADM4_EN":"General Luna","ADM4_PCODE":"PH0405649010","ADM4_REF":null,"ADM3_EN":"Unisan","ADM3_PCODE":"PH0405649","ADM2_EN":"Quezon","ADM2_PCODE":"PH04056","ADM1_EN":"Region IV-A (Calabarzon)","ADM1_PCODE":"PH04","ADM0_EN":"Philippines (the)","ADM0_PCODE":"PH","date":"2022/11/09","validOn":"2023/11/06","validTo":null,"Shape_Leng":0.0807561694377,"Shape_Area":0.000365144644492,"AREA_SQKM":4.36733634085},"id":"PH0405649010"},{"arcs":[[-15,45,46,47,48]],"type":"Polygon","properties":{"ADM4_EN":"Kalilayan Ibaba","ADM4_PCODE":"PH0405649011","ADM4_REF":null,"ADM3_EN":"Unisan","ADM3_PCODE":"PH0405649","ADM2_EN":"Quezon","ADM2_PCODE":"PH04056","ADM1_EN":"Region IV-A (Calabarzon)","ADM1_PCODE":"PH04","ADM0_EN":"Philippines (the)","ADM0_PCODE":"PH","date":"2022/11/09","validOn":"2023/11/06","validTo":null,"Shape_Leng":0.078942681271,"Shape_Area":0.000328338558259,"AREA_SQKM":3.92706238986},"id":"PH0405649011"},{"arcs":[[49,50,51,-38]],"type":"Polygon","properties":{"ADM4_EN":"Cabulihan Ibaba","ADM4_PCODE":"PH0405649012","ADM4_REF":null,"ADM3_EN":"Unisan","ADM3_PCODE":"PH0405649","ADM2_EN":"Quezon","ADM2_PCODE":"PH04056","ADM1_EN":"Region IV-A (Calabarzon)","ADM1_PCODE":"PH04","ADM0_EN":"Philippines (the)","ADM0_PCODE":"PH","date":"2022/11/09","validOn":"2023/11/06","validTo":null,"Shape_Leng":0.0963498839724,"Shape_Area":0.000373248214227,"AREA_SQKM":4.46482610636},"id":"PH0405649012"},{"arcs":[[52,53,54,-32,55,56]],"type":"Polygon","properties":{"ADM4_EN":"Mairok Ibaba","ADM4_PCODE":"PH0405649013","ADM4_REF":null,"ADM3_EN":"Unisan","ADM3_PCODE":"PH0405649","ADM2_EN":"Quezon",