{"type":"Topology","arcs":[[[769,261],[-160,1]],[[609,262],[-14,43]],[[595,305],[-6,73]],[[589,378],[56,7],[108,31]],[[753,416],[-12,-56],[28,-99]],[[315,1006],[90,2]],[[405,1008],[74,-36]],[[479,972],[-63,-96]],[[416,876],[-176,-3],[-112,10]],[[128,883],[0,68]],[[128,951],[0,32]],[[128,983],[8,30]],[[136,1013],[179,-7]],[[416,876],[3,-70]],[[419,806],[-260,-6]],[[159,800],[-31,10]],[[128,810],[0,73]],[[375,1256],[-46,-10]],[[329,1246],[-102,-28]],[[227,1218],[-7,33],[37,44],[1,48],[32,43],[40,-4],[9,-40],[-23,-51],[59,-35]],[[567,305],[-117,7]],[[450,312],[-108,234]],[[342,546],[-21,63]],[[321,609],[100,10]],[[421,619],[2,-28],[84,-88],[-1,-94],[57,-74],[4,-30]],[[128,951],[-124,2]],[[4,953],[-3,225]],[[1,1178],[38,1]],[[39,1179],[-13,-33],[51,-15],[32,-58],[-19,-44],[38,-46]],[[145,170],[122,-54],[39,-40],[7,-71]],[[313,5],[-256,-5],[4,169]],[[61,169],[84,1]],[[315,1006],[56,57],[-28,41],[9,42]],[[352,1146],[20,12]],[[372,1158],[24,-54],[37,-4],[-28,-92]],[[498,876],[-32,-30],[29,-31],[-8,-43]],[[487,772],[-75,0],[7,34]],[[479,972],[23,-24],[-39,-37],[35,-35]],[[136,1013],[52,16],[29,106]],[[217,1135],[120,9]],[[337,1144],[15,2]],[[351,304],[29,-34],[-2,-64]],[[378,206],[-56,-6]],[[322,200],[-4,34],[-117,89],[-9,39],[-79,41],[-12,31],[-55,11]],[[46,445],[83,29],[70,7]],[[199,481],[3,-66],[85,-61],[27,-46],[37,-4]],[[1,1178],[-1,135],[46,19],[45,-8],[17,-33],[-69,-112]],[[589,378],[2,34],[-25,123],[-28,32]],[[538,567],[121,9]],[[659,576],[77,-69],[17,-91]],[[117,687],[21,-94],[44,-60]],[[182,533],[17,-52]],[[46,445],[-14,6]],[[32,451],[-6,198],[-12,78]],[[14,727],[103,-40]],[[159,800],[45,-46]],[[204,754],[-87,-67]],[[14,727],[-2,72]],[[12,799],[116,11]],[[520,629],[-99,-10]],[[321,609],[-53,87]],[[268,696],[203,18]],[[471,714],[54,-39],[-5,-46]],[[538,567],[-18,62]],[[471,714],[16,58]],[[498,876],[68,-55],[-8,-52],[38,-25],[48,-86],[15,-82]],[[322,200],[-177,-30]],[[61,169],[-5,146],[-24,136]],[[342,546],[-160,-13]],[[204,754],[64,-58]],[[567,305],[28,0]],[[609,262],[6,-64],[-27,-37],[3,-148]],[[591,13],[-68,-1]],[[523,12],[-38,107],[-107,87]],[[351,304],[99,8]],[[769,261],[3,-69],[-56,-77],[-34,-72],[3,-28],[-94,-2]],[[523,12],[-210,-7]],[[12,799],[-8,154]],[[337,1144],[-8,102]],[[375,1256],[45,-33],[-48,-65]],[[217,1135],[10,83]]],"transform":{"scale":[0.00010207731088087553,0.00013715627994228963],"translate":[123.55382672300004,8.43662381200005]},"objects":{"bgysubmuns-municity-ph1004213":{"type":"GeometryCollection","geometries":[{"arcs":[[0,1,2,3,4]],"type":"Polygon","properties":{"ADM4_EN":"Bautista","ADM4_PCODE":"PH1004213001","ADM4_REF":null,"ADM3_EN":"Sapang Dalaga","ADM3_PCODE":"PH1004213","ADM2_EN":"Misamis Occidental","ADM2_PCODE":"PH10042","ADM1_EN":"Region X (Northern Mindanao)","ADM1_PCODE":"PH10","ADM0_EN":"Philippines (the)","ADM0_PCODE":"PH","date":"2022/11/09","validOn":"2023/11/06","validTo":null,"Shape_Leng":0.10556543086,"Shape_Area":0.000296946023931,"AREA_SQKM":3.6162093969},"id":"PH1004213001"},{"arcs":[[5,6,7,8,9,10,11,12]],"type":"Polygon","properties":{"ADM4_EN":"Bitibut","ADM4_PCODE":"PH1004213002","ADM4_REF":null,"ADM3_EN":"Sapang Dalaga","ADM3_PCODE":"PH1004213","ADM2_EN":"Misamis Occidental","ADM2_PCODE":"PH10042","ADM1_EN":"Region X (Northern Mindanao)","ADM1_PCODE":"PH10","ADM0_EN":"Philippines (the)","ADM0_PCODE":"PH","date":"2022/11/09","validOn":"2023/11/06","validTo":null,"Shape_Leng":0.109056586426,"Shape_Area":0.000569144605679,"AREA_SQKM":6.92955130775},"id":"PH1004213002"},{"arcs":[[13,14,15,16,-9]],"type":"Polygon","properties":{"ADM4_EN":"Boundary","ADM4_PCODE":"PH1004213003","ADM4_REF":null,"ADM3_EN":"Sapang Dalaga","ADM3_PCODE":"PH1004213","ADM2_EN":"Misamis Occidental","ADM2_PCODE":"PH10042","ADM1_EN":"Region X (Northern Mindanao)","ADM1_PCODE":"PH10","ADM0_EN":"Philippines (the)","ADM0_PCODE":"PH","date":"2022/11/09","validOn":"2023/11/06","validTo":null,"Shape_Leng":0.0860773383456,"Shape_Area":0.000282637360339,"AREA_SQKM":3.44134166407},"id":"PH1004213003"},{"arcs":[[17,18,19]],"type":"Polygon","properties":{"ADM4_EN":"Caluya","ADM4_PCODE":"PH1004213004","ADM4_REF":null,"ADM3_EN":"Sapang Dalaga","ADM3_PCODE":"PH1004213","ADM2_EN":"Misamis Occidental","ADM2_PCODE":"PH10042","ADM1_EN":"Region X (Northern Mindanao)","ADM1_PCODE":"PH10","ADM0_EN":"Philippines (the)","ADM0_PCODE":"PH","date":"2022/11/09","validOn":"2023/11/06","validTo":null,"Shape_Leng":0.0899219657796,"Shape_Area":0.00021285431738,"AREA_SQKM":2.59125876996},"id":"PH1004213004"},{"arcs":[[20,21,22,23,24]],"type":"Polygon","properties":{"ADM4_EN":"Capundag","ADM4_PCODE":"PH1004213005","ADM4_REF":null,"ADM3_EN":"Sapang Dalaga","ADM3_PCODE":"PH1004213","ADM2_EN":"Misamis Occidental","ADM2_PCODE":"PH10042","ADM1_EN":"Region X (Northern Mindanao)","ADM1_PCODE":"PH10","ADM0_EN":"Philippines (the)","ADM0_PCODE":"PH","date":"2022/11/09","validOn":"2023/11/06","validTo":null,"Shape_Leng":0.127871679292,"Shape_Area":0.000507349465998,"AREA_SQKM":6.17821132138},"id":"PH1004213005"},{"arcs":[[-11,25,26,27,28]],"type":"Polygon","properties":{"ADM4_EN":"Casul","ADM4_PCODE":"PH1004213006","ADM4_REF":null,"ADM3_EN":"Sapang Dalaga","ADM3_PCODE":"PH1004213","ADM2_EN":"Misamis Occidental","ADM2_PCODE":"PH10042","ADM1_EN":"Region X (Northern Mindanao)","ADM1_PCODE":"PH10","ADM0_EN":"Philippines (the)","ADM0_PCODE":"PH","date":"2022/11/09","validOn":"2023/11/06","validTo":null,"Shape_Leng":0.110638610849,"Shape_Area":0.000313075150004,"AREA_SQKM":3.81165875364},"id":"PH1004213006"},{"arcs":[[29,30,31]],"type":"Polygon","properties":{"ADM4_EN":"Dasa","ADM4_PCODE":"PH1004213007","ADM4_REF":null,"ADM3_EN":"Sapang Dalaga","ADM3_PCODE":"PH1004213","ADM2_EN":"Misamis Occidental","ADM2_PCODE":"PH10042","ADM1_EN":"Region X (Northern Mindanao)","ADM1_PCODE":"PH10","ADM0_EN":"Philippines (the)","ADM0_PCODE":"PH","date":"2022/11/09","validOn":"2023/11/06","validTo":null,"Shape_Leng":0.0990257205364,"Shape_Area":0.00049487517414,"AREA_SQKM":6.02711913031},"id":"PH1004213007"},{"arcs":[[-6,32,33,34]],"type":"Polygon","properties":{"ADM4_EN":"Dioyo","ADM4_PCODE":"PH1004213008","ADM4_REF":null,"ADM3_EN":"Sapang Dalaga","ADM3_PCODE":"PH1004213","ADM2_EN":"Misamis Occidental","ADM2_PCODE":"PH10042","ADM1_EN":"Region X (Northern Mindanao)","ADM1_PCODE":"PH10","ADM0_EN":"Philippines (the)","ADM0_PCODE":"PH","date":"2022/11/09","validOn":"2023/11/06","validTo":null,"Shape_Leng":0.0756911392587,"Shape_Area":0.000137673995964,"AREA_SQKM":1.67616114303},"id":"PH1004213008"},{"arcs":[[35,36,-14,-8,37]],"type":"Polygon","properties":{"ADM4_EN":"Guinabot","ADM4_PCODE":"PH1004213009","ADM4_REF":null,"ADM3_EN":"Sapang Dalaga","ADM3_PCODE":"PH1004213","ADM2_EN":"Misamis Occidental","ADM2_PCODE":"PH10042","ADM1_EN":"Region X (Northern Mindanao)","ADM1_PCODE":"PH10","ADM0_EN":"Philippines (the)","ADM0_PCODE":"PH","date":"2022/11/09","validOn":"2023/11/06","validTo":null,"Shape_Leng":0.105361942611,"Shape_Area":0.000184332925449,"AREA_SQKM":2.24439083701},"id":"PH1004213009"},{"arcs":[[-13,38,39,40,-33]],"type":"Polygon","properties":{"ADM4_EN":"Libertad","ADM4_PCODE":"PH1004213010","ADM4_REF":null,"ADM3_EN":"Sapang Dalaga","ADM3_PCODE":"PH1004213","ADM2_EN":"Misamis Occidental","ADM2_PCODE":"PH10042","ADM1_EN":"Region X (Northern Mindanao)","ADM1_PCODE":"PH10","ADM0_EN":"Philippines (the)","ADM0_PCODE":"PH","date":"2022/11/09","validOn":"2023/11/06","validTo":null,"Shape_Leng":0.083752044602,"Shape_Area":0.000282015785864,"AREA_SQKM":3.43349488607},"id":"PH1004213010"},{"arcs":[[41,42,43,44,45]],"type":"Polygon","properties":{"ADM4_EN":"Locus","ADM4_PCODE":"PH1004213011","ADM4_REF":null,"ADM3_EN":"Sapang Dalaga","ADM3_PCODE":"PH1004213","ADM2_EN":"Misamis Occidental","ADM2_PCODE":"PH10042","ADM1_EN":"Region X (Northern Mindanao)","ADM1_PCODE":"PH10","ADM0_EN":"Philippines (the)","ADM0_PCODE":"PH","date":"2022/11/09","validOn":"2023/11/06","validTo":null,"Shape_Leng":0.178648351127,"Shape_Area":0.000376342968601,"AREA_SQKM":4.58306893684},"id":"PH1004213011"},{"arcs":[[-28,46]],