{"type":"Topology","arcs":[[[1115,396],[-165,-5]],[[950,391],[-25,90]],[[925,481],[125,66]],[[1050,547],[42,-37],[23,-114]],[[950,391],[24,-100],[-30,6]],[[944,297],[-53,-13],[-135,7]],[[756,291],[-31,91]],[[725,382],[115,10],[110,-1]],[[597,574],[33,-39]],[[630,535],[17,-36]],[[647,499],[-31,-27]],[[616,472],[-29,-16]],[[587,456],[-19,-8]],[[568,448],[-7,-6]],[[561,442],[-37,46]],[[524,488],[53,58],[-7,27]],[[570,573],[0,2]],[[570,575],[27,-1]],[[605,401],[16,-26]],[[621,375],[-10,-9]],[[611,366],[-20,32]],[[591,398],[8,6]],[[599,404],[6,-3]],[[888,227],[-4,-77]],[[884,150],[-235,24]],[[649,174],[-1,56]],[[648,230],[23,-12],[217,9]],[[787,812],[-126,-147],[-64,-91]],[[570,575],[-35,17]],[[535,592],[67,102]],[[602,694],[62,52],[51,126]],[[715,872],[72,-60]],[[826,533],[-51,-27],[-58,-1]],[[717,505],[-33,16],[-37,-22]],[[630,535],[29,9],[64,91]],[[723,635],[89,-66],[14,-36]],[[601,869],[-16,-51],[-41,-57]],[[544,761],[-80,-40]],[[464,721],[-70,-33]],[[394,688],[-50,18]],[[344,706],[-43,13]],[[301,719],[-76,29]],[[225,748],[12,55],[138,222]],[[375,1025],[40,-26],[73,-73],[113,-57]],[[595,415],[-27,33]],[[587,456],[8,-41]],[[668,417],[-47,-42]],[[605,401],[36,34]],[[641,435],[27,-18]],[[595,415],[4,-11]],[[591,398],[-30,44]],[[641,304],[41,-23],[74,10]],[[944,297],[-3,-71]],[[941,226],[-53,1]],[[648,230],[-7,74]],[[301,719],[-51,-177]],[[250,542],[-62,38]],[[188,580],[37,168]],[[804,793],[-81,-158]],[[787,812],[17,-19]],[[535,592],[-83,3]],[[452,595],[1,23]],[[453,618],[11,103]],[[544,761],[58,-67]],[[884,150],[0,-57]],[[884,93],[-59,-1],[-4,-33],[-43,-47],[-51,-12],[-20,28],[-83,17],[25,53],[0,76]],[[570,573],[-36,-25],[-57,-12]],[[477,536],[-41,30]],[[436,566],[16,29]],[[188,580],[-46,8]],[[142,588],[-21,164],[-91,67]],[[30,819],[54,142],[20,131],[-44,126],[88,-35],[227,-158]],[[941,226],[184,-2]],[[1125,224],[-25,-84],[-60,-79],[-142,36],[-14,-4]],[[394,688],[14,-87]],[[408,601],[-14,-40]],[[394,561],[-34,-32],[-55,-18]],[[305,511],[39,195]],[[1115,396],[-3,-58],[13,-114]],[[524,488],[-47,48]],[[142,588],[-57,-48],[-85,83],[30,196]],[[725,382],[-29,51]],[[696,433],[21,72]],[[826,533],[99,-52]],[[616,472],[25,-37]],[[641,304],[-13,28]],[[628,332],[97,50]],[[1005,640],[-78,-9],[-101,-98]],[[804,793],[48,-46],[63,2],[94,-46],[-4,-63]],[[1005,640],[45,-93]],[[601,869],[57,14],[57,-11]],[[628,332],[-17,34]],[[668,417],[28,16]],[[453,618],[-45,-17]],[[305,511],[-55,31]],[[436,566],[-42,-5]]],"transform":{"scale":[0.00015574116444440735,0.00012611339408868054],"translate":[121.99936578100005,11.668056057000058]},"objects":{"bgysubmuns-municity-ph0600611":{"type":"GeometryCollection","geometries":[{"arcs":[[0,1,2,3]],"type":"Polygon","properties":{"ADM4_EN":"Aracay","ADM4_PCODE":"PH0600611001","ADM4_REF":null,"ADM3_EN":"Pandan","ADM3_PCODE":"PH0600611","ADM2_EN":"Antique","ADM2_PCODE":"PH06006","ADM1_EN":"Region VI (Western Visayas)","ADM1_PCODE":"PH06","ADM0_EN":"Philippines (the)","ADM0_PCODE":"PH","date":"2022/11/09","validOn":"2023/11/06","validTo":null,"Shape_Leng":0.0818372454995,"Shape_Area":0.000403402148151,"AREA_SQKM":4.8645753126},"id":"PH0600611001"},{"arcs":[[4,5,6,7]],"type":"Polygon","properties":{"ADM4_EN":"Badiangan","ADM4_PCODE":"PH0600611002","ADM4_REF":null,"ADM3_EN":"Pandan","ADM3_PCODE":"PH0600611","ADM2_EN":"Antique","ADM2_PCODE":"PH06006","ADM1_EN":"Region VI (Western Visayas)","ADM1_PCODE":"PH06","ADM0_EN":"Philippines (the)","ADM0_PCODE":"PH","date":"2022/11/09","validOn":"2023/11/06","validTo":null,"Shape_Leng":0.095236062475,"Shape_Area":0.000453748157066,"AREA_SQKM":5.47197825866},"id":"PH0600611002"},{"arcs":[[8,9,10,11,12,13,14,15,16,17]],"type":"Polygon","properties":{"ADM4_EN":"Bagumbayan","ADM4_PCODE":"PH0600611003","ADM4_REF":null,"ADM3_EN":"Pandan","ADM3_PCODE":"PH0600611","ADM2_EN":"Antique","ADM2_PCODE":"PH06006","ADM1_EN":"Region VI (Western Visayas)","ADM1_PCODE":"PH06","ADM0_EN":"Philippines (the)","ADM0_PCODE":"PH","date":"2022/11/09","validOn":"2023/11/06","validTo":null,"Shape_Leng":0.05733240512,"Shape_Area":0.000167074121729,"AREA_SQKM":2.01468011266},"id":"PH0600611003"},{"arcs":[[18,19,20,21,22]],"type":"Polygon","properties":{"ADM4_EN":"Baybay","ADM4_PCODE":"PH0600611004","ADM4_REF":null,"ADM3_EN":"Pandan","ADM3_PCODE":"PH0600611","ADM2_EN":"Antique","ADM2_PCODE":"PH06006","ADM1_EN":"Region VI (Western Visayas)","ADM1_PCODE":"PH06","ADM0_EN":"Philippines (the)","ADM0_PCODE":"PH","date":"2022/11/09","validOn":"2023/11/06","validTo":null,"Shape_Leng":0.0144113914006,"Shape_Area":0.000010420887684,"AREA_SQKM":0.125668087586},"id":"PH0600611004"},{"arcs":[[23,24,25,26]],"type":"Polygon","properties":{"ADM4_EN":"Botbot","ADM4_PCODE":"PH0600611005","ADM4_REF":null,"ADM3_EN":"Pandan","ADM3_PCODE":"PH0600611","ADM2_EN":"Antique","ADM2_PCODE":"PH06006","ADM1_EN":"Region VI (Western Visayas)","ADM1_PCODE":"PH06","ADM0_EN":"Philippines (the)","ADM0_PCODE":"PH","date":"2022/11/09","validOn":"2023/11/06","validTo":null,"Shape_Leng":0.0924292273365,"Shape_Area":0.0002821531465,"AREA_SQKM":3.40284771043},"id":"PH0600611005"},{"arcs":[[27,-18,28,29,30,31]],"type":"Polygon","properties":{"ADM4_EN":"Buang","ADM4_PCODE":"PH0600611007","ADM4_REF":null,"ADM3_EN":"Pandan","ADM3_PCODE":"PH0600611","ADM2_EN":"Antique","ADM2_PCODE":"PH06006","ADM1_EN":"Region VI (Western Visayas)","ADM1_PCODE":"PH06","ADM0_EN":"Philippines (the)","ADM0_PCODE":"PH","date":"2022/11/09","validOn":"2023/11/06","validTo":null,"Shape_Leng":0.112419140375,"Shape_Area":0.000411835513809,"AREA_SQKM":4.96569150037},"id":"PH0600611007"},{"arcs":[[32,33,-10,34,35]],"type":"Polygon","properties":{"ADM4_EN":"Cabugao","ADM4_PCODE":"PH0600611008","ADM4_REF":null,"ADM3_EN":"Pandan","ADM3_PCODE":"PH0600611","ADM2_EN":"Antique","ADM2_PCODE":"PH06006","ADM1_EN":"Region VI (Western Visayas)","ADM1_PCODE":"PH06","ADM0_EN":"Philippines (the)","ADM0_PCODE":"PH","date":"2022/11/09","validOn":"2023/11/06","validTo":null,"Shape_Leng":0.0790569757252,"Shape_Area":0.000275107374182,"AREA_SQKM":3.31733945657},"id":"PH0600611008"},{"arcs":[[36,37,38,39,40,41,42,43]],"type":"Polygon","properties":{"ADM4_EN":"Candari","ADM4_PCODE":"PH0600611009","ADM4_REF":null,"ADM3_EN":"Pandan","ADM3_PCODE":"PH0600611","ADM2_EN":"Antique","ADM2_PCODE":"PH06006","ADM1_EN":"Region VI (Western Visayas)","ADM1_PCODE":"PH06","ADM0_EN":"Philippines (the)","ADM0_PCODE":"PH","date":"2022/11/09","validOn":"2023/11/06","validTo":null,"Shape_Leng":0.154458256372,"Shape_Area":0.00139414073973,"AREA_SQKM":16.8089249353},"id":"PH0600611009"},{"arcs":[[44,-13,45]],"type":"Polygon","properties":{"ADM4_EN":"Carmen","ADM4_PCODE":"PH0600611010","ADM4_REF":null,"ADM3_EN":"Pandan","ADM3_PCODE":"PH0600611","ADM2_EN":"Antique","ADM2_PCODE":"PH06006","ADM1_EN":"Region VI (Western Visayas)","ADM1_PCODE":"PH06","ADM0_EN":"Philippines (the)","ADM0_PCODE":"PH","date":"2022/11/09","validOn":"2023/11/06","validTo":null,"Shape_Leng":0.0166378395388,"Shape_Area":0.000013938839661,"AREA_SQKM":0.168088174579},"id":"PH0600611010"},{"arcs":[[46,-19,47,48]],"type":"Polygon","properties":{"ADM4_EN":"Centro Sur (Pob.)","ADM4_PCODE":"PH0600611011","ADM4_REF":null,"ADM3_EN":"Pandan","ADM3_PCODE":"PH0600611","ADM2_EN":"Antique","ADM2_PCODE":"PH06006","ADM1_EN":"Region VI (Western Visayas)","ADM1_PCODE":"PH06","ADM0_EN":"Philippines (the)","ADM0_PCODE":"PH","date":"2022/11/09","validOn":"2023/11/06","validTo":null,"Shape_Leng":0.0265513712415,"Shape_Area":0.0000376203802244,"AREA_SQKM":0.453669817769},"id":"PH0600611011"},{"arcs":[[49,-22,50,-14,-45]],"type":"Polygon","properties":{"ADM4_EN":"Dionela","ADM4_PCODE":"PH0600611012","ADM4_REF":null,"ADM3_EN":"Pandan","ADM3_PCODE":"PH0600611","ADM2_EN":"Antique","ADM2_PCODE":"PH06006","ADM1_EN":"Region VI (Western Visayas)","ADM1_PCODE":"PH06","ADM0_EN":"Philippines (the)","ADM0_PCODE":"PH","date":"2022/11/09","validOn":"2023/11/06","validTo":null,"Shape_Leng":0.0179670486374,"Shape_Area":0.0000100671034349,"AREA_SQKM":0.121399765769},"id":"PH0600611012"},{"arcs":[[51,-6,52,53,-27,54]],