{"type":"Topology","arcs":[[[580,329],[90,-123]],[[670,206],[-63,-56],[-156,-112],[-57,-38],[-82,167],[-43,162]],[[269,329],[311,0]],[[1196,1024],[-26,-169]],[[1170,855],[-89,-3],[-121,16]],[[960,868],[10,8],[8,28],[12,15],[45,32],[8,-2],[4,108]],[[1047,1057],[149,-33]],[[196,906],[205,-357],[179,-220]],[[269,329],[-55,134],[-214,465],[196,-22]],[[960,868],[-29,161]],[[931,1029],[116,28]],[[1170,855],[-22,-143]],[[1148,712],[-191,-1]],[[957,711],[3,157]],[[957,711],[-106,-2]],[[851,709],[-26,73],[-38,182]],[[787,964],[144,65]],[[1473,651],[4,69]],[[1477,720],[176,2]],[[1653,722],[-6,-37],[-18,-27],[-31,12],[-5,-28],[-17,-34],[-11,-4],[-22,24],[-70,23]],[[1530,860],[19,-54],[21,-23],[25,-6],[23,9]],[[1618,786],[20,15],[23,42]],[[1661,843],[19,-1],[11,20],[15,-9],[-16,-25],[-32,-68],[-5,-38]],[[1477,720],[-9,87]],[[1468,807],[8,16],[2,42],[14,16],[18,-5],[20,-16]],[[1757,1052],[1,-13],[-53,-77]],[[1705,962],[-9,13],[-48,-45]],[[1648,930],[-37,-23]],[[1611,907],[-36,70],[-1,98]],[[1574,1075],[58,-10],[29,43],[28,-37],[20,-9],[48,-10]],[[1402,787],[59,14],[7,6]],[[1473,651],[-39,6],[-134,11]],[[1300,668],[22,147]],[[1322,815],[14,-26],[28,-18],[22,2],[16,14]],[[1219,666],[-83,-87],[-191,-115]],[[945,464],[-94,245]],[[1148,712],[71,-46]],[[1300,668],[-81,-2]],[[1196,1024],[94,-152],[32,-57]],[[1542,917],[-12,-57]],[[1402,787],[-1,87],[1,108]],[[1402,982],[140,-65]],[[1196,1024],[178,50]],[[1374,1074],[28,-92]],[[568,875],[238,-341],[64,-117]],[[870,417],[-93,-113],[-107,-98]],[[196,906],[372,-31]],[[1679,872],[-12,-3]],[[1667,869],[-2,7]],[[1665,876],[14,-4]],[[1611,907],[32,-8]],[[1643,899],[6,-19]],[[1649,880],[-24,-28],[-7,-29],[-13,-21],[13,-16]],[[1542,917],[15,4],[54,-14]],[[1667,869],[-7,-4]],[[1660,865],[-3,8]],[[1657,873],[4,1]],[[1661,874],[4,2]],[[1660,865],[-14,-7]],[[1646,858],[11,15]],[[1705,962],[9,-14],[36,-23]],[[1750,925],[-14,-31],[-50,-24],[-7,2]],[[1665,876],[-12,24]],[[1653,900],[-5,30]],[[1661,874],[-2,10]],[[1659,884],[-6,16]],[[1657,873],[-3,9]],[[1654,882],[5,2]],[[1646,858],[15,-15]],[[1649,880],[5,2]],[[1643,899],[11,-17]],[[945,464],[-75,-47]],[[568,875],[219,89]],[[1374,1074],[63,18],[85,-8],[52,-9]],[[1757,1052],[27,2],[17,27],[22,16],[0,18],[20,14],[18,1],[41,-32],[-35,-18],[-37,-34],[-33,-42],[-47,-79]]],"transform":{"scale":[0.00015449549263929466,0.0001417946699115342],"translate":[125.19247005000011,11.872149295000042]},"objects":{"bgysubmuns-municity-ph0802605":{"type":"GeometryCollection","geometries":[{"arcs":[[0,1,2]],"type":"Polygon","properties":{"ADM4_EN":"Balagon","ADM4_PCODE":"PH0802605001","ADM4_REF":null,"ADM3_EN":"Can-avid","ADM3_PCODE":"PH0802605","ADM2_EN":"Eastern Samar","ADM2_PCODE":"PH08026","ADM1_EN":"Region VIII (Eastern Visayas)","ADM1_PCODE":"PH08","ADM0_EN":"Philippines (the)","ADM0_PCODE":"PH","date":"2022/11/09","validOn":"2023/11/06","validTo":null,"Shape_Leng":0.172948170842,"Shape_Area":0.00179643721607,"AREA_SQKM":21.6495168247},"id":"PH0802605001"},{"arcs":[[3,4,5,6]],"type":"Polygon","properties":{"ADM4_EN":"Baruk","ADM4_PCODE":"PH0802605002","ADM4_REF":null,"ADM3_EN":"Can-avid","ADM3_PCODE":"PH0802605","ADM2_EN":"Eastern Samar","ADM2_PCODE":"PH08026","ADM1_EN":"Region VIII (Eastern Visayas)","ADM1_PCODE":"PH08","ADM0_EN":"Philippines (the)","ADM0_PCODE":"PH","date":"2022/11/09","validOn":"2023/11/06","validTo":null,"Shape_Leng":0.114435496018,"Shape_Area":0.000676359802891,"AREA_SQKM":8.14797749358},"id":"PH0802605002"},{"arcs":[[7,-3,8]],"type":"Polygon","properties":{"ADM4_EN":"Boco","ADM4_PCODE":"PH0802605003","ADM4_REF":null,"ADM3_EN":"Can-avid","ADM3_PCODE":"PH0802605","ADM2_EN":"Eastern Samar","ADM2_PCODE":"PH08026","ADM1_EN":"Region VIII (Eastern Visayas)","ADM1_PCODE":"PH08","ADM0_EN":"Philippines (the)","ADM0_PCODE":"PH","date":"2022/11/09","validOn":"2023/11/06","validTo":null,"Shape_Leng":0.274597563665,"Shape_Area":0.00294954596273,"AREA_SQKM":35.5388709823},"id":"PH0802605003"},{"arcs":[[9,10,-6]],"type":"Polygon","properties":{"ADM4_EN":"Caghalong","ADM4_PCODE":"PH0802605004","ADM4_REF":null,"ADM3_EN":"Can-avid","ADM3_PCODE":"PH0802605","ADM2_EN":"Eastern Samar","ADM2_PCODE":"PH08026","ADM1_EN":"Region VIII (Eastern Visayas)","ADM1_PCODE":"PH08","ADM0_EN":"Philippines (the)","ADM0_PCODE":"PH","date":"2022/11/09","validOn":"2023/11/06","validTo":null,"Shape_Leng":0.0757558610747,"Shape_Area":0.000286813338773,"AREA_SQKM":3.4551169474},"id":"PH0802605004"},{"arcs":[[11,12,13,-5]],"type":"Polygon","properties":{"ADM4_EN":"Camantang","ADM4_PCODE":"PH0802605005","ADM4_REF":null,"ADM3_EN":"Can-avid","ADM3_PCODE":"PH0802605","ADM2_EN":"Eastern Samar","ADM2_PCODE":"PH08026","ADM1_EN":"Region VIII (Eastern Visayas)","ADM1_PCODE":"PH08","ADM0_EN":"Philippines (the)","ADM0_PCODE":"PH","date":"2022/11/09","validOn":"2023/11/06","validTo":null,"Shape_Leng":0.105106396208,"Shape_Area":0.00064554954429,"AREA_SQKM":7.77743534351},"id":"PH0802605005"},{"arcs":[[-14,14,15,16,-10]],"type":"Polygon","properties":{"ADM4_EN":"Can-ilay","ADM4_PCODE":"PH0802605007","ADM4_REF":null,"ADM3_EN":"Can-avid","ADM3_PCODE":"PH0802605","ADM2_EN":"Eastern Samar","ADM2_PCODE":"PH08026","ADM1_EN":"Region VIII (Eastern Visayas)","ADM1_PCODE":"PH08","ADM0_EN":"Philippines (the)","ADM0_PCODE":"PH","date":"2022/11/09","validOn":"2023/11/06","validTo":null,"Shape_Leng":0.123594003467,"Shape_Area":0.000896343009684,"AREA_SQKM":10.7985195756},"id":"PH0802605007"},{"arcs":[[17,18,19]],"type":"Polygon","properties":{"ADM4_EN":"Cansangaya","ADM4_PCODE":"PH0802605008","ADM4_REF":null,"ADM3_EN":"Can-avid","ADM3_PCODE":"PH0802605","ADM2_EN":"Eastern Samar","ADM2_PCODE":"PH08026","ADM1_EN":"Region VIII (Eastern Visayas)","ADM1_PCODE":"PH08","ADM0_EN":"Philippines (the)","ADM0_PCODE":"PH","date":"2022/11/09","validOn":"2023/11/06","validTo":null,"Shape_Leng":0.116241041173,"Shape_Area":0.000296645975856,"AREA_SQKM":3.57411958888},"id":"PH0802605008"},{"arcs":[[20,21,22,-19,23,24]],"type":"Polygon","properties":{"ADM4_EN":"Canteros","ADM4_PCODE":"PH0802605009","ADM4_REF":null,"ADM3_EN":"Can-avid","ADM3_PCODE":"PH0802605","ADM2_EN":"Eastern Samar","ADM2_PCODE":"PH08026","ADM1_EN":"Region VIII (Eastern Visayas)","ADM1_PCODE":"PH08","ADM0_EN":"Philippines (the)","ADM0_PCODE":"PH","date":"2022/11/09","validOn":"2023/11/06","validTo":null,"Shape_Leng":0.122106397741,"Shape_Area":0.000442328136503,"AREA_SQKM":5.32907910821},"id":"PH0802605009"},{"arcs":[[25,26,27,28,29]],"type":"Polygon","properties":{"ADM4_EN":"Carolina","ADM4_PCODE":"PH0802605010","ADM4_REF":null,"ADM3_EN":"Can-avid","ADM3_PCODE":"PH0802605","ADM2_EN":"Eastern Samar","ADM2_PCODE":"PH08026","ADM1_EN":"Region VIII (Eastern Visayas)","ADM1_PCODE":"PH08","ADM0_EN":"Philippines (the)","ADM0_PCODE":"PH","date":"2022/11/09","validOn":"2023/11/06","validTo":null,"Shape_Leng":0.094325651735,"Shape_Area":0.000457101719277,"AREA_SQKM":5.50642530742},"id":"PH0802605010"},{"arcs":[[30,-24,-18,31,32,33]],"type":"Polygon","properties":{"ADM4_EN":"Guibuangan","ADM4_PCODE":"PH0802605011","ADM4_REF":null,"ADM3_EN":"Can-avid","ADM3_PCODE":"PH0802605","ADM2_EN":"Eastern Samar","ADM2_PCODE":"PH08026","ADM1_EN":"Region VIII (Eastern Visayas)","ADM1_PCODE":"PH08","ADM0_EN":"Philippines (the)","ADM0_PCODE":"PH","date":"2022/11/09","validOn":"2023/11/06","validTo":null,"Shape_Leng":0.0969077481786,"Shape_Area":0.000459984563905,"AREA_SQKM":5.54196810962},"id":"PH0802605011"},{"arcs":[[34,35,-15,-13,36]],"type":"Polygon","properties":{"ADM4_EN":"Jepaco","ADM4_PCODE":"PH0802605012","ADM4_REF":null,"ADM3_EN":"Can-avid","ADM3_PCODE":"PH0802605","ADM2_EN":"Eastern Samar","ADM2_PCODE":"PH08026","ADM1_EN":"Region VIII (Eastern Visayas)","ADM1_PCODE":"PH08","ADM0_EN":"Philippines (the)","ADM0_PCODE":"PH","date":"2022/11/09","validOn":"2023/11/06","validTo":null,"Shape_Leng":0.147919003817,"Shape_Area":0.00117644127245,"AREA_SQKM":14.174694633},"id":"PH0802605012"},{"arcs":[[-33,37,-37,-12,-4,38]],"type":"Polygon","properties":{"ADM4_EN":"Mabuhay","ADM4_PCODE":"PH0802605013","ADM4_REF":null,