{"type":"Topology","arcs":[[[1214,933],[-33,14],[-129,41]],[[1052,988],[30,142]],[[1082,1130],[127,-72],[96,-4],[-20,-39],[-29,-9],[-26,14],[-2,-36],[12,-13],[-26,-38]],[[317,473],[87,-31]],[[404,442],[-11,-201]],[[393,241],[-98,43],[-118,44]],[[177,328],[68,167]],[[245,495],[38,-20],[34,-2]],[[1187,159],[-64,17],[-28,1],[-16,27],[-56,4]],[[1023,208],[-50,-3],[-7,-16],[-78,-10],[-47,30],[-34,3]],[[807,212],[34,59]],[[841,271],[56,-19],[117,17],[83,28]],[[1097,297],[34,-76],[56,-62]],[[1145,503],[-8,-77],[-14,-27],[-30,-10],[-14,-42],[18,-50]],[[841,271],[36,97]],[[877,368],[37,82],[67,105]],[[981,555],[10,55]],[[991,610],[36,-10],[12,-19],[54,-34],[20,-25],[32,-19]],[[872,974],[-14,-59],[17,-54],[-9,-46],[2,-44],[-18,-18]],[[850,753],[-115,-17],[-51,-16]],[[684,720],[-28,41],[-43,30],[-31,53],[63,97]],[[645,941],[89,99]],[[734,1040],[138,-66]],[[551,989],[-164,-339]],[[387,650],[-185,120]],[[202,770],[235,243],[41,33]],[[478,1046],[73,-57]],[[805,559],[-132,-72]],[[673,487],[-18,159]],[[655,646],[29,74]],[[850,753],[-27,-41],[-14,-63],[-4,-90]],[[387,650],[-18,-113],[-27,5]],[[342,542],[-193,95]],[[149,637],[34,59],[19,74]],[[505,403],[28,-61],[-33,-138]],[[500,204],[-107,37]],[[404,442],[59,20]],[[463,462],[15,5],[27,-64]],[[1214,933],[-15,-16],[9,-45],[-21,-76]],[[1187,796],[-41,9],[-45,27],[-20,30],[-40,20]],[[1041,882],[-18,17]],[[1023,899],[29,89]],[[177,328],[-58,-12],[-119,47],[25,27],[76,173]],[[101,563],[32,-24],[46,-52],[66,8]],[[342,542],[-25,-69]],[[101,563],[48,74]],[[1041,882],[-16,-109],[-13,-60]],[[1012,713],[-5,-20]],[[1007,693],[-157,60]],[[872,974],[15,19],[92,-34],[11,-32],[33,-28]],[[1007,693],[-16,-83]],[[981,555],[-176,4]],[[655,646],[-204,14]],[[451,660],[-64,-10]],[[551,989],[94,-48]],[[1023,208],[10,-31],[38,-57],[-56,-30],[-45,-41]],[[970,49],[-32,5],[-55,26],[-128,41]],[[755,121],[26,60],[26,31]],[[877,368],[-99,43],[-82,43],[-16,20]],[[680,474],[-7,13]],[[680,474],[-156,-60],[-19,-11]],[[463,462],[-14,146],[2,52]],[[734,1040],[20,25],[39,105]],[[793,1170],[9,-8],[46,20],[62,10],[39,-3],[22,-19],[46,-4],[28,-31],[37,-5]],[[1012,713],[24,-19],[28,-5],[6,-32],[73,-17]],[[1143,640],[12,1],[3,-60],[-13,-78]],[[1187,796],[0,-23],[-35,-48],[0,-46],[-9,-39]],[[478,1046],[89,109],[43,107],[37,202],[47,-12],[100,-37],[84,-38],[-85,-207]],[[1187,159],[11,-37],[-37,-50],[-10,-72],[-181,49]],[[755,121],[-158,43],[-97,40]]],"transform":{"scale":[0.00009507299693481141,0.00009107371448088136],"translate":[123.51169765100008,9.964695478000067]},"objects":{"bgysubmuns-municity-ph0702246":{"type":"GeometryCollection","geometries":[{"arcs":[[0,1,2]],"type":"Polygon","properties":{"ADM4_EN":"Abugon","ADM4_PCODE":"PH0702246001","ADM4_REF":null,"ADM3_EN":"Sibonga","ADM3_PCODE":"PH0702246","ADM2_EN":"Cebu","ADM2_PCODE":"PH07022","ADM1_EN":"Region VII (Central Visayas)","ADM1_PCODE":"PH07","ADM0_EN":"Philippines (the)","ADM0_PCODE":"PH","date":"2022/11/09","validOn":"2023/11/06","validTo":null,"Shape_Leng":0.096148914021,"Shape_Area":0.000215947767899,"AREA_SQKM":2.61833406392},"id":"PH0702246001"},{"arcs":[[3,4,5,6,7]],"type":"Polygon","properties":{"ADM4_EN":"Bae","ADM4_PCODE":"PH0702246002","ADM4_REF":null,"ADM3_EN":"Sibonga","ADM3_PCODE":"PH0702246","ADM2_EN":"Cebu","ADM2_PCODE":"PH07022","ADM1_EN":"Region VII (Central Visayas)","ADM1_PCODE":"PH07","ADM0_EN":"Philippines (the)","ADM0_PCODE":"PH","date":"2022/11/09","validOn":"2023/11/06","validTo":null,"Shape_Leng":0.0736070139355,"Shape_Area":0.000321491298502,"AREA_SQKM":3.898730219},"id":"PH0702246002"},{"arcs":[[8,9,10,11,12]],"type":"Polygon","properties":{"ADM4_EN":"Bagacay","ADM4_PCODE":"PH0702246003","ADM4_REF":null,"ADM3_EN":"Sibonga","ADM3_PCODE":"PH0702246","ADM2_EN":"Cebu","ADM2_PCODE":"PH07022","ADM1_EN":"Region VII (Central Visayas)","ADM1_PCODE":"PH07","ADM0_EN":"Philippines (the)","ADM0_PCODE":"PH","date":"2022/11/09","validOn":"2023/11/06","validTo":null,"Shape_Leng":0.10195451812,"Shape_Area":0.00020579271024,"AREA_SQKM":2.49574926236},"id":"PH0702246003"},{"arcs":[[13,-12,14,15,16,17]],"type":"Polygon","properties":{"ADM4_EN":"Bahay","ADM4_PCODE":"PH0702246004","ADM4_REF":null,"ADM3_EN":"Sibonga","ADM3_PCODE":"PH0702246","ADM2_EN":"Cebu","ADM2_PCODE":"PH07022","ADM1_EN":"Region VII (Central Visayas)","ADM1_PCODE":"PH07","ADM0_EN":"Philippines (the)","ADM0_PCODE":"PH","date":"2022/11/09","validOn":"2023/11/06","validTo":null,"Shape_Leng":0.114361138116,"Shape_Area":0.000548222731515,"AREA_SQKM":6.64824006668},"id":"PH0702246004"},{"arcs":[[18,19,20,21,22]],"type":"Polygon","properties":{"ADM4_EN":"Banlot","ADM4_PCODE":"PH0702246005","ADM4_REF":null,"ADM3_EN":"Sibonga","ADM3_PCODE":"PH0702246","ADM2_EN":"Cebu","ADM2_PCODE":"PH07022","ADM1_EN":"Region VII (Central Visayas)","ADM1_PCODE":"PH07","ADM0_EN":"Philippines (the)","ADM0_PCODE":"PH","date":"2022/11/09","validOn":"2023/11/06","validTo":null,"Shape_Leng":0.0907815962084,"Shape_Area":0.000548517821159,"AREA_SQKM":6.65097884363},"id":"PH0702246005"},{"arcs":[[23,24,25,26]],"type":"Polygon","properties":{"ADM4_EN":"Basak","ADM4_PCODE":"PH0702246006","ADM4_REF":null,"ADM3_EN":"Sibonga","ADM3_PCODE":"PH0702246","ADM2_EN":"Cebu","ADM2_PCODE":"PH07022","ADM1_EN":"Region VII (Central Visayas)","ADM1_PCODE":"PH07","ADM0_EN":"Philippines (the)","ADM0_PCODE":"PH","date":"2022/11/09","validOn":"2023/11/06","validTo":null,"Shape_Leng":0.100297955327,"Shape_Area":0.000521735848726,"AREA_SQKM":6.32628111635},"id":"PH0702246006"},{"arcs":[[27,28,29,-20,30]],"type":"Polygon","properties":{"ADM4_EN":"Bato","ADM4_PCODE":"PH0702246007","ADM4_REF":null,"ADM3_EN":"Sibonga","ADM3_PCODE":"PH0702246","ADM2_EN":"Cebu","ADM2_PCODE":"PH07022","ADM1_EN":"Region VII (Central Visayas)","ADM1_PCODE":"PH07","ADM0_EN":"Philippines (the)","ADM0_PCODE":"PH","date":"2022/11/09","validOn":"2023/11/06","validTo":null,"Shape_Leng":0.0707755446424,"Shape_Area":0.000270720738336,"AREA_SQKM":3.2828022339},"id":"PH0702246007"},{"arcs":[[31,32,33,-25]],"type":"Polygon","properties":{"ADM4_EN":"Cagay","ADM4_PCODE":"PH0702246008","ADM4_REF":null,"ADM3_EN":"Sibonga","ADM3_PCODE":"PH0702246","ADM2_EN":"Cebu","ADM2_PCODE":"PH07022","ADM1_EN":"Region VII (Central Visayas)","ADM1_PCODE":"PH07","ADM0_EN":"Philippines (the)","ADM0_PCODE":"PH","date":"2022/11/09","validOn":"2023/11/06","validTo":null,"Shape_Leng":0.0671507616184,"Shape_Area":0.000248643154504,"AREA_SQKM":3.0150733615},"id":"PH0702246008"},{"arcs":[[34,35,-5,36,37]],"type":"Polygon","properties":{"ADM4_EN":"Can-aga","ADM4_PCODE":"PH0702246009","ADM4_REF":null,"ADM3_EN":"Sibonga","ADM3_PCODE":"PH0702246","ADM2_EN":"Cebu","ADM2_PCODE":"PH07022","ADM1_EN":"Region VII (Central Visayas)","ADM1_PCODE":"PH07","ADM0_EN":"Philippines (the)","ADM0_PCODE":"PH","date":"2022/11/09","validOn":"2023/11/06","validTo":null,"Shape_Leng":0.0621024504173,"Shape_Area":0.000230634633661,"AREA_SQKM":2.79693989509},"id":"PH0702246009"},{"arcs":[[38,39,40,41,-1]],"type":"Polygon","properties":{"ADM4_EN":"Candaguit","ADM4_PCODE":"PH0702246010","ADM4_REF":null,"ADM3_EN":"Sibonga","ADM3_PCODE":"PH0702246","ADM2_EN":"Cebu","ADM2_PCODE":"PH07022","ADM1_EN":"Region VII (Central Visayas)","ADM1_PCODE":"PH07","ADM0_EN":"Philippines (the)","ADM0_PCODE":"PH","date":"2022/11/09","validOn":"2023/11/06","validTo":null,"Shape_Leng":0.0707125774664,"Shape_Area":0.000191334621692,"AREA_SQKM":2.3199847929},"id":"PH0702246010"},{"arcs":[[-7,42,43]],"type":"Polygon","properties":{"ADM4_EN":"Cantolaroy","ADM4_PCODE":"PH0702246011","ADM4_REF":null,"ADM3_EN":"Sibonga","ADM3_PCODE":"PH0702246","ADM2_EN":"Cebu","ADM2_PCODE":"PH07022","ADM1_EN":"Region VII (Central Visayas)","ADM1_PCODE":"PH07","ADM0_EN":"Philippines (the)","ADM0_PCODE":"PH","date":"2022/11/09","validOn":"2023/11/06","validTo":null,"Shape_Leng":0.0717421331489,"Shape_Area":0.000280543845132,"AREA_SQKM":3.40211125649},"id":"PH0702246011"},{"arcs":[[44,-8,-44,45,-33]],"type":"Polygon","properties":{"ADM4_EN":"Dugoan","ADM4_PCODE":"PH0702246012","ADM4_REF":null,"ADM3_EN":"Sibonga",