{"type":"Topology","arcs":[[[1238,1390],[-9,-19],[-34,9],[-21,-57],[-26,-26],[4,-45],[14,-20],[-29,-67],[-26,-4],[-11,-20]],[[1100,1141],[-12,-83],[32,-103],[-18,-41],[-66,-95],[-1,-42]],[[1035,777],[-122,-145]],[[913,632],[-32,21],[-11,27],[-48,33],[-48,9]],[[774,722],[107,163],[6,172],[0,75],[-53,28],[-103,68]],[[731,1228],[190,197],[35,109]],[[956,1534],[53,-17],[29,-36],[71,-76],[19,20],[32,-20],[59,12],[19,-27]],[[1333,608],[-57,-93],[-23,-58],[-31,-117]],[[1222,340],[-156,-24],[-180,-19]],[[886,297],[-275,20]],[[611,317],[95,87],[160,172],[47,56]],[[1035,777],[236,-138],[62,-31]],[[1361,1781],[-28,-48],[-4,-60],[-15,-33],[11,-46],[-34,-19],[-32,-2],[7,-79],[-25,-36],[22,-40],[-25,-28]],[[956,1534],[-83,59],[-38,60],[-19,-2],[-28,48],[-41,49]],[[747,1748],[41,48],[46,38],[73,28],[106,13],[110,-9],[33,-25],[51,3],[24,-19],[25,3],[59,-20],[46,-27]],[[1450,1020],[75,-36]],[[1525,984],[-102,-207],[-90,-169]],[[1100,1141],[153,-51],[197,-70]],[[1722,1263],[-87,28],[-155,60]],[[1480,1351],[-2,7]],[[1478,1358],[35,40],[25,12],[-3,53],[27,46],[40,17],[29,30],[29,14],[-8,23],[14,22]],[[1666,1615],[83,-29],[31,-19],[25,-34],[35,-21],[16,10],[55,-24],[-189,-235]],[[530,324],[81,-7]],[[611,317],[7,-69],[-13,-96],[-27,-97]],[[578,55],[-51,-18],[-11,-32],[-73,40]],[[443,45],[17,56],[-8,229]],[[452,330],[78,-6]],[[731,1228],[-85,-88],[-81,-51]],[[565,1089],[-10,-19],[-37,20],[-16,59],[-76,3],[-104,55]],[[322,1207],[27,46],[72,87],[87,130],[7,37],[43,77],[7,38],[56,62],[43,25],[46,39],[37,0]],[[808,3],[78,294]],[[1222,340],[188,-270],[-35,-27],[-67,12],[-40,-9],[-37,6],[-44,-19],[-77,-25],[-24,15],[-50,9],[-100,-8],[-71,-24],[-57,3]],[[808,3],[-33,0],[-52,19],[-47,4],[-52,24],[-46,5]],[[565,1089],[36,-160],[-3,-39],[-41,-230]],[[557,660],[-47,-129]],[[510,531],[-42,19],[-116,87],[-165,47]],[[187,684],[48,83],[9,57],[2,65],[23,140],[32,81],[-3,25],[24,72]],[[530,324],[-20,207]],[[557,660],[38,22],[35,32],[34,13],[23,-5],[65,6],[22,-6]],[[1478,1358],[-34,15],[-152,10],[-54,7]],[[1361,1781],[79,-53],[56,-45],[86,-37],[37,-27],[47,-4]],[[1722,1263],[-51,-120],[-146,-159]],[[1450,1020],[19,60],[7,79],[-19,44],[-5,87],[17,13],[11,48]],[[452,330],[-65,-3],[-30,-15],[-49,7],[-57,-21],[-65,6]],[[186,304],[-28,11],[-31,-8],[-36,9],[-30,32],[-58,46],[5,53],[51,13],[80,37],[-7,77],[31,-7],[45,39],[-24,24],[-29,8],[32,46]],[[443,45],[-48,9],[-51,-13],[-23,28],[-21,59],[-23,-8],[-93,102],[2,82]]],"transform":{"scale":[0.000052455746206187985,0.000048734145600004314],"translate":[124.38309882300008,10.62657992100003]},"objects":{"bgysubmuns-municity-ph0702238":{"type":"GeometryCollection","geometries":[{"arcs":[[0,1,2,3,4,5,6]],"type":"Polygon","properties":{"ADM4_EN":"Adela","ADM4_PCODE":"PH0702238001","ADM4_REF":null,"ADM3_EN":"Poro","ADM3_PCODE":"PH0702238","ADM2_EN":"Cebu","ADM2_PCODE":"PH07022","ADM1_EN":"Region VII (Central Visayas)","ADM1_PCODE":"PH07","ADM0_EN":"Philippines (the)","ADM0_PCODE":"PH","date":"2022/11/09","validOn":"2023/11/06","validTo":null,"Shape_Leng":0.1266450898,"Shape_Area":0.000527925987288,"AREA_SQKM":6.38863115064},"id":"PH0702238001"},{"arcs":[[7,8,9,10,-3,11]],"type":"Polygon","properties":{"ADM4_EN":"Altavista","ADM4_PCODE":"PH0702238002","ADM4_REF":null,"ADM3_EN":"Poro","ADM3_PCODE":"PH0702238","ADM2_EN":"Cebu","ADM2_PCODE":"PH07022","ADM1_EN":"Region VII (Central Visayas)","ADM1_PCODE":"PH07","ADM0_EN":"Philippines (the)","ADM0_PCODE":"PH","date":"2022/11/09","validOn":"2023/11/06","validTo":null,"Shape_Leng":0.095938942709,"Shape_Area":0.000476394188965,"AREA_SQKM":5.76558518905},"id":"PH0702238002"},{"arcs":[[12,-7,13,14]],"type":"Polygon","properties":{"ADM4_EN":"Cagcagan","ADM4_PCODE":"PH0702238003","ADM4_REF":null,"ADM3_EN":"Poro","ADM3_PCODE":"PH0702238","ADM2_EN":"Cebu","ADM2_PCODE":"PH07022","ADM1_EN":"Region VII (Central Visayas)","ADM1_PCODE":"PH07","ADM0_EN":"Philippines (the)","ADM0_PCODE":"PH","date":"2022/11/09","validOn":"2023/11/06","validTo":null,"Shape_Leng":0.103893316915,"Shape_Area":0.00046599649022,"AREA_SQKM":5.63870793773},"id":"PH0702238003"},{"arcs":[[15,16,-12,-2,17]],"type":"Polygon","properties":{"ADM4_EN":"Cansabusab","ADM4_PCODE":"PH0702238004","ADM4_REF":null,"ADM3_EN":"Poro","ADM3_PCODE":"PH0702238","ADM2_EN":"Cebu","ADM2_PCODE":"PH07022","ADM1_EN":"Region VII (Central Visayas)","ADM1_PCODE":"PH07","ADM0_EN":"Philippines (the)","ADM0_PCODE":"PH","date":"2022/11/09","validOn":"2023/11/06","validTo":null,"Shape_Leng":0.0821911352579,"Shape_Area":0.000386930838215,"AREA_SQKM":4.68256653573},"id":"PH0702238004"},{"arcs":[[18,19,20,21]],"type":"Polygon","properties":{"ADM4_EN":"Daan Paz","ADM4_PCODE":"PH0702238005","ADM4_REF":null,"ADM3_EN":"Poro","ADM3_PCODE":"PH0702238","ADM2_EN":"Cebu","ADM2_PCODE":"PH07022","ADM1_EN":"Region VII (Central Visayas)","ADM1_PCODE":"PH07","ADM0_EN":"Philippines (the)","ADM0_PCODE":"PH","date":"2022/11/09","validOn":"2023/11/06","validTo":null,"Shape_Leng":0.0736967034194,"Shape_Area":0.000206744263965,"AREA_SQKM":2.50176594003},"id":"PH0702238005"},{"arcs":[[22,23,24,25,26]],"type":"Polygon","properties":{"ADM4_EN":"Eastern Poblacion","ADM4_PCODE":"PH0702238006","ADM4_REF":null,"ADM3_EN":"Poro","ADM3_PCODE":"PH0702238","ADM2_EN":"Cebu","ADM2_PCODE":"PH07022","ADM1_EN":"Region VII (Central Visayas)","ADM1_PCODE":"PH07","ADM0_EN":"Philippines (the)","ADM0_PCODE":"PH","date":"2022/11/09","validOn":"2023/11/06","validTo":null,"Shape_Leng":0.048744304788,"Shape_Area":0.000110418228615,"AREA_SQKM":1.33640684912},"id":"PH0702238006"},{"arcs":[[-14,-6,27,28,29]],"type":"Polygon","properties":{"ADM4_EN":"Esperanza","ADM4_PCODE":"PH0702238007","ADM4_REF":null,"ADM3_EN":"Poro","ADM3_PCODE":"PH0702238","ADM2_EN":"Cebu","ADM2_PCODE":"PH07022","ADM1_EN":"Region VII (Central Visayas)","ADM1_PCODE":"PH07","ADM0_EN":"Philippines (the)","ADM0_PCODE":"PH","date":"2022/11/09","validOn":"2023/11/06","validTo":null,"Shape_Leng":0.110339802864,"Shape_Area":0.000548080466423,"AREA_SQKM":6.6322251831},"id":"PH0702238007"},{"arcs":[[30,-9,31]],"type":"Polygon","properties":{"ADM4_EN":"Libertad","ADM4_PCODE":"PH0702238008","ADM4_REF":null,"ADM3_EN":"Poro","ADM3_PCODE":"PH0702238","ADM2_EN":"Cebu","ADM2_PCODE":"PH07022","ADM1_EN":"Region VII (Central Visayas)","ADM1_PCODE":"PH07","ADM0_EN":"Philippines (the)","ADM0_PCODE":"PH","date":"2022/11/09","validOn":"2023/11/06","validTo":null,"Shape_Leng":0.0860979527509,"Shape_Area":0.000355541958571,"AREA_SQKM":4.30318829433},"id":"PH0702238008"},{"arcs":[[-31,32,-24,-10]],"type":"Polygon","properties":{"ADM4_EN":"Mabini","ADM4_PCODE":"PH0702238010","ADM4_REF":null,"ADM3_EN":"Poro","ADM3_PCODE":"PH0702238","ADM2_EN":"Cebu","ADM2_PCODE":"PH07022","ADM1_EN":"Region VII (Central Visayas)","ADM1_PCODE":"PH07","ADM0_EN":"Philippines (the)","ADM0_PCODE":"PH","date":"2022/11/09","validOn":"2023/11/06","validTo":null,"Shape_Leng":0.0581531421277,"Shape_Area":0.000179910035188,"AREA_SQKM":2.17748065533},"id":"PH0702238010"},{"arcs":[[33,34,35,36,-29]],"type":"Polygon","properties":{"ADM4_EN":"Mercedes","ADM4_PCODE":"PH0702238011","ADM4_REF":null,"ADM3_EN":"Poro","ADM3_PCODE":"PH0702238","ADM2_EN":"Cebu","ADM2_PCODE":"PH07022","ADM1_EN":"Region VII (Central Visayas)","ADM1_PCODE":"PH07","ADM0_EN":"Philippines (the)","ADM0_PCODE":"PH","date":"2022/11/09","validOn":"2023/11/06","validTo":null,"Shape_Leng":0.0977200163714,"Shape_Area":0.00045084348961,"AREA_SQKM":5.45603769615},"id":"PH0702238011"},{"arcs":[[-4,-11,-23,37,-35,38]],"type":"Polygon","properties":{"ADM4_EN":"Pagsa","ADM4_PCODE":"PH0702238012","ADM4_REF":null,"ADM3_EN":"Poro","ADM3_PCODE":"PH0702238","ADM2_EN":"Cebu","ADM2_PCODE":"PH07022","ADM1_EN":"Region VII (Central Visayas)","ADM1_PCODE":"PH07","ADM0_EN":"Philippines (the)","ADM0_PCODE":"PH","date":"2022/11/09","validOn":"2023/11/06","validTo":null,"Shape_Leng":0.0648792507487,"Shape_Area":0.000260775025649,"AREA_SQKM":3.1560166654},"id":"PH0702238012"},{"arcs":[[-21,39,-13,40]],"type":"Polygon","properties":{"ADM4_EN":"Paz","ADM4_PCODE":"PH0702238013",