{"type":"Topology","arcs":[[[1174,606],[-658,29],[-26,0],[-32,-15],[-36,37],[-20,-19],[-22,17],[-23,-19],[-32,20],[-6,-25],[-29,-30],[-1,-48],[-24,-5],[-7,-55]],[[258,493],[-21,18],[-7,120],[-35,83]],[[195,714],[89,29]],[[284,743],[60,59],[46,31]],[[390,833],[8,-23],[23,-10],[46,61],[17,3],[681,39]],[[1165,903],[9,-297]],[[101,681],[-20,-21],[-32,0]],[[49,660],[18,45]],[[67,705],[34,-24]],[[1195,205],[12,-136],[-1,-36],[-148,7],[-181,5],[-3,11],[-123,5],[-253,19],[-53,-5],[-111,-73],[-24,-2],[-34,45],[-8,77]],[[268,122],[38,25],[74,89],[815,-31]],[[185,1232],[-1,-56],[-38,-27],[16,-41]],[[162,1108],[-23,-72],[-10,-13]],[[129,1023],[-10,-119],[10,-3]],[[129,901],[-41,-13],[-3,-13]],[[85,875],[-9,101],[-13,63],[-14,135],[10,45],[92,15],[34,-2]],[[221,193],[-28,5]],[[193,198],[-15,91]],[[178,289],[13,29]],[[191,318],[46,16]],[[237,334],[12,-13],[10,-60],[-35,-37],[-3,-31]],[[161,909],[0,-7]],[[161,902],[-1,-86]],[[160,816],[-28,1],[-48,-15]],[[84,802],[1,73]],[[129,901],[32,8]],[[338,1120],[-16,-19],[-9,-43]],[[313,1058],[-31,3],[-32,46],[-13,-1]],[[237,1106],[-17,19],[-33,-29],[-25,12]],[[185,1232],[29,12],[18,-38],[55,-13],[31,-74],[20,1]],[[1201,322],[-6,-117]],[[268,122],[-20,46],[-27,25]],[[237,334],[24,7],[2,23],[31,25],[22,-13],[885,-54]],[[134,639],[8,-62]],[[142,577],[-7,-16],[-44,-17]],[[91,544],[-12,74],[-30,42]],[[101,681],[18,-5],[15,-37]],[[309,1006],[17,-4]],[[326,1002],[30,-60]],[[356,942],[-108,1],[-10,-18]],[[238,925],[-77,-23]],[[161,909],[7,10],[21,91]],[[189,1010],[22,-13],[42,10]],[[253,1007],[25,9],[31,-10]],[[1059,1631],[-501,-573],[-98,-24],[-75,-4],[-60,2],[1,-30]],[[309,1006],[4,52]],[[338,1120],[30,63],[31,32],[-18,42],[18,43],[-4,56],[8,41],[-7,17],[26,37],[2,22],[45,237],[133,337],[270,-306],[120,-49],[37,-48],[30,-13]],[[390,833],[-11,56],[-19,10],[-4,43]],[[1059,1631],[100,-54],[-3,-223],[8,-131],[5,-224],[-4,-96]],[[284,743],[-21,79],[-10,20],[-15,83]],[[193,198],[-25,-22],[-35,-3],[-19,16],[-17,43]],[[97,232],[1,1]],[[98,233],[2,1]],[[100,234],[78,55]],[[195,714],[-22,44]],[[173,758],[-13,58]],[[97,232],[1,1]],[[190,393],[1,-75]],[[100,234],[6,73],[-19,128],[10,22],[-6,87]],[[142,577],[48,-184]],[[173,758],[-7,-37],[-32,-82]],[[67,705],[17,97]],[[129,1023],[13,-19],[21,11],[26,-5]],[[237,1106],[16,-99]],[[1174,606],[27,-284]],[[190,393],[20,33],[7,38],[41,29]]],"transform":{"scale":[0.0004256818086163809,0.00024558297508548],"translate":[120.74747541800002,12.677830076000077]},"objects":{"bgysubmuns-municity-ph1705109":{"type":"GeometryCollection","geometries":[{"arcs":[[0,1,2,3,4,5]],"type":"Polygon","properties":{"ADM4_EN":"Batong Buhay","ADM4_PCODE":"PH1705109001","ADM4_REF":null,"ADM3_EN":"Sablayan","ADM3_PCODE":"PH1705109","ADM2_EN":"Occidental Mindoro","ADM2_PCODE":"PH17051","ADM1_EN":"Mimaropa Region","ADM1_PCODE":"PH17","ADM0_EN":"Philippines (the)","ADM0_PCODE":"PH","date":"2022/11/09","validOn":"2023/11/06","validTo":null,"Shape_Leng":1.00383505237,"Shape_Area":0.0237554538483,"AREA_SQKM":285.262351219},"id":"PH1705109001"},{"arcs":[[6,7,8]],"type":"Polygon","properties":{"ADM4_EN":"Buenavista","ADM4_PCODE":"PH1705109002","ADM4_REF":null,"ADM3_EN":"Sablayan","ADM3_PCODE":"PH1705109","ADM2_EN":"Occidental Mindoro","ADM2_PCODE":"PH17051","ADM1_EN":"Mimaropa Region","ADM1_PCODE":"PH17","ADM0_EN":"Philippines (the)","ADM0_PCODE":"PH","date":"2022/11/09","validOn":"2023/11/06","validTo":null,"Shape_Leng":0.0676007615844,"Shape_Area":0.000158451026784,"AREA_SQKM":1.90283764878},"id":"PH1705109002"},{"arcs":[[9,10]],"type":"Polygon","properties":{"ADM4_EN":"Burgos","ADM4_PCODE":"PH1705109003","ADM4_REF":null,"ADM3_EN":"Sablayan","ADM3_PCODE":"PH1705109","ADM2_EN":"Occidental Mindoro","ADM2_PCODE":"PH17051","ADM1_EN":"Mimaropa Region","ADM1_PCODE":"PH17","ADM0_EN":"Philippines (the)","ADM0_PCODE":"PH","date":"2022/11/09","validOn":"2023/11/06","validTo":null,"Shape_Leng":0.88288791545,"Shape_Area":0.0159353659762,"AREA_SQKM":191.466949259},"id":"PH1705109003"},{"arcs":[[11,12,13,14,15]],"type":"Polygon","properties":{"ADM4_EN":"Claudio Salgado","ADM4_PCODE":"PH1705109004","ADM4_REF":null,"ADM3_EN":"Sablayan","ADM3_PCODE":"PH1705109","ADM2_EN":"Occidental Mindoro","ADM2_PCODE":"PH17051","ADM1_EN":"Mimaropa Region","ADM1_PCODE":"PH17","ADM0_EN":"Philippines (the)","ADM0_PCODE":"PH","date":"2022/11/09","validOn":"2023/11/06","validTo":null,"Shape_Leng":0.368304301476,"Shape_Area":0.00275522138343,"AREA_SQKM":33.0742487283},"id":"PH1705109004"},{"arcs":[[16,17,18,19,20]],"type":"Polygon","properties":{"ADM4_EN":"General Emilio Aguinaldo","ADM4_PCODE":"PH1705109005","ADM4_REF":null,"ADM3_EN":"Sablayan","ADM3_PCODE":"PH1705109","ADM2_EN":"Occidental Mindoro","ADM2_PCODE":"PH17051","ADM1_EN":"Mimaropa Region","ADM1_PCODE":"PH17","ADM0_EN":"Philippines (the)","ADM0_PCODE":"PH","date":"2022/11/09","validOn":"2023/11/06","validTo":null,"Shape_Leng":0.126275092353,"Shape_Area":0.000801153628659,"AREA_SQKM":9.62479342306},"id":"PH1705109005"},{"arcs":[[21,22,23,24,-15,25]],"type":"Polygon","properties":{"ADM4_EN":"Ibud","ADM4_PCODE":"PH1705109006","ADM4_REF":null,"ADM3_EN":"Sablayan","ADM3_PCODE":"PH1705109","ADM2_EN":"Occidental Mindoro","ADM2_PCODE":"PH17051","ADM1_EN":"Mimaropa Region","ADM1_PCODE":"PH17","ADM0_EN":"Philippines (the)","ADM0_PCODE":"PH","date":"2022/11/09","validOn":"2023/11/06","validTo":null,"Shape_Leng":0.127595356239,"Shape_Area":0.000681731297942,"AREA_SQKM":8.18554620679},"id":"PH1705109006"},{"arcs":[[26,27,28,-12,29]],"type":"Polygon","properties":{"ADM4_EN":"Ilvita","ADM4_PCODE":"PH1705109007","ADM4_REF":null,"ADM3_EN":"Sablayan","ADM3_PCODE":"PH1705109","ADM2_EN":"Occidental Mindoro","ADM2_PCODE":"PH17051","ADM1_EN":"Mimaropa Region","ADM1_PCODE":"PH17","ADM0_EN":"Philippines (the)","ADM0_PCODE":"PH","date":"2022/11/09","validOn":"2023/11/06","validTo":null,"Shape_Leng":0.22266599841,"Shape_Area":0.00182293316945,"AREA_SQKM":21.8818376346},"id":"PH1705109007"},{"arcs":[[30,-11,31,-21,32]],"type":"Polygon","properties":{"ADM4_EN":"Ligaya","ADM4_PCODE":"PH1705109008","ADM4_REF":null,"ADM3_EN":"Sablayan","ADM3_PCODE":"PH1705109","ADM2_EN":"Occidental Mindoro","ADM2_PCODE":"PH17051","ADM1_EN":"Mimaropa Region","ADM1_PCODE":"PH17","ADM0_EN":"Philippines (the)","ADM0_PCODE":"PH","date":"2022/11/09","validOn":"2023/11/06","validTo":null,"Shape_Leng":0.949124353345,"Shape_Area":0.0137636163099,"AREA_SQKM":165.349879228},"id":"PH1705109008"},{"arcs":[[33,34,35,-7,36]],"type":"Polygon","properties":{"ADM4_EN":"Poblacion (Lumangbayan)","ADM4_PCODE":"PH1705109009","ADM4_REF":null,"ADM3_EN":"Sablayan","ADM3_PCODE":"PH1705109","ADM2_EN":"Occidental Mindoro","ADM2_PCODE":"PH17051","ADM1_EN":"Mimaropa Region","ADM1_PCODE":"PH17","ADM0_EN":"Philippines (the)","ADM0_PCODE":"PH","date":"2022/11/09","validOn":"2023/11/06","validTo":null,"Shape_Leng":0.212864791638,"Shape_Area":0.000834962679159,"AREA_SQKM":10.0276038198},"id":"PH1705109009"},{"arcs":[[37,38,39,40,-22,41,42,43]],"type":"Polygon","properties":{"ADM4_EN":"Paetan","ADM4_PCODE":"PH1705109010","ADM4_REF":null,"ADM3_EN":"Sablayan","ADM3_PCODE":"PH1705109","ADM2_EN":"Occidental Mindoro","ADM2_PCODE":"PH17051","ADM1_EN":"Mimaropa Region","ADM1_PCODE":"PH17","ADM0_EN":"Philippines (the)","ADM0_PCODE":"PH","date":"2022/11/09","validOn":"2023/11/06","validTo":null,"Shape_Leng":0.195115729676,"Shape_Area":0.00128398401346,"AREA_SQKM":15.4151569554},"id":"PH1705109010"},{"arcs":[[44,-38,45,-27,46]],"type":"Polygon","properties":{"ADM4_EN":"Pag-Asa","ADM4_PCODE":"PH1705109011","ADM4_REF":null,"ADM3_EN":"Sablayan","ADM3_PCODE":"PH1705109","ADM2_EN":"Occidental Mindoro","ADM2_PCODE":"PH17051","ADM1_EN":"Mimaropa Region","ADM1_PCODE":"PH17","ADM0_EN":"Philippines (the)","ADM0_PCODE":"PH","date":"2022/11/09","validOn":"2023/11/06","validTo":null,"Shape_Leng":0.907904282994,"Shape_Area":0.0374613326222,"AREA_SQKM":449.516264586},"id":"PH1705109011"},{"arcs":[[-5,47,-39,-45,48]],"type":"Polygon","properties":{"ADM4_EN":"San Agustin","ADM4_PCODE":"PH1705109013",