{"type":"Topology","arcs":[[[766,495],[120,-11]],[[886,484],[-32,-33],[-51,-78],[-91,-85]],[[712,288],[-98,64],[-9,34],[-41,38],[-72,22],[-25,41]],[[467,487],[28,34]],[[495,521],[271,-26]],[[778,1078],[-170,-55],[-58,-24]],[[550,999],[-59,-5],[-40,29]],[[451,1023],[22,46],[20,99]],[[493,1168],[86,71]],[[579,1239],[55,-41],[144,-120]],[[456,751],[-75,-191]],[[381,560],[-24,36],[-49,13],[-45,-31],[-26,47],[-23,8]],[[214,633],[-24,15],[1,51]],[[191,699],[12,40],[50,19],[0,29]],[[253,787],[61,-8],[22,17],[35,-1],[40,-31],[45,-13]],[[451,1023],[-78,26],[-82,37]],[[291,1086],[34,92],[32,-4],[50,26]],[[407,1200],[51,-1],[35,-31]],[[712,288],[-52,-62],[-49,-81]],[[611,145],[-105,76]],[[506,221],[-117,73]],[[389,294],[-40,47]],[[349,341],[118,146]],[[550,999],[34,-117]],[[584,882],[-150,56],[-71,-20],[-108,-6]],[[255,912],[-5,184]],[[250,1096],[41,-10]],[[240,1256],[10,-160]],[[250,1096],[-116,18],[-49,0]],[[85,1114],[41,31],[2,50],[-19,49]],[[109,1244],[31,16],[100,-4]],[[959,917],[-143,-46]],[[816,871],[-31,22],[1,32],[-39,48],[-65,11],[-25,-45],[-31,-1],[-10,-42]],[[616,896],[-32,-14]],[[778,1078],[73,-61],[108,-100]],[[617,726],[19,-69],[-99,-84],[-42,-52]],[[467,487],[-86,73]],[[456,751],[73,11],[88,-36]],[[711,723],[7,-53],[19,-15],[35,-67],[-6,-93]],[[617,726],[94,5]],[[711,731],[0,-8]],[[948,701],[-19,32],[4,32],[-76,19],[-37,35]],[[820,819],[-4,52]],[[959,917],[99,-98],[-24,-55],[-86,-63]],[[616,896],[38,-29],[46,-78],[11,-58]],[[253,787],[-1,60]],[[252,847],[3,65]],[[214,633],[-2,-44],[-47,-27]],[[165,562],[-82,62],[-42,16]],[[41,640],[19,44],[-9,19],[51,33]],[[102,736],[37,-37],[52,0]],[[389,294],[-103,-134]],[[286,160],[-52,37],[-47,60]],[[187,257],[85,64],[35,71]],[[307,392],[42,-51]],[[252,847],[-53,26],[-102,28]],[[97,901],[-3,67],[-32,84],[23,62]],[[102,736],[9,49],[-4,49],[-17,14],[7,53]],[[820,819],[-61,-63],[-48,-33]],[[240,1256],[17,-13],[30,44],[23,8]],[[310,1295],[27,-37],[43,-8],[27,-50]],[[187,257],[-65,76],[-29,48],[-11,44]],[[82,425],[25,59]],[[107,484],[200,-92]],[[107,484],[58,78]],[[948,701],[-11,-72],[-51,-145]],[[294,1451],[8,-83],[16,-44],[-8,-29]],[[109,1244],[-19,15],[5,47],[-23,53],[16,72],[64,126],[119,-95],[23,-11]],[[506,221],[-94,-148]],[[412,73],[-29,25],[-97,62]],[[294,1451],[285,-212]],[[611,145],[-90,-108],[-17,-37],[-92,73]],[[82,425],[-65,61],[-17,37],[30,25],[-12,61],[23,31]]],"transform":{"scale":[0.00010207229962191245,0.00009301472768141435],"translate":[123.57230070700005,10.195824103000064]},"objects":{"bgysubmuns-municity-ph0702237":{"type":"GeometryCollection","geometries":[{"arcs":[[0,1,2,3,4]],"type":"Polygon","properties":{"ADM4_EN":"Anislag","ADM4_PCODE":"PH0702237001","ADM4_REF":null,"ADM3_EN":"Pinamungajan","ADM3_PCODE":"PH0702237","ADM2_EN":"Cebu","ADM2_PCODE":"PH07022","ADM1_EN":"Region VII (Central Visayas)","ADM1_PCODE":"PH07","ADM0_EN":"Philippines (the)","ADM0_PCODE":"PH","date":"2022/11/09","validOn":"2023/11/06","validTo":null,"Shape_Leng":0.105896804382,"Shape_Area":0.000472819055824,"AREA_SQKM":5.7297618979},"id":"PH0702237001"},{"arcs":[[5,6,7,8,9]],"type":"Polygon","properties":{"ADM4_EN":"Anopog","ADM4_PCODE":"PH0702237002","ADM4_REF":null,"ADM3_EN":"Pinamungajan","ADM3_PCODE":"PH0702237","ADM2_EN":"Cebu","ADM2_PCODE":"PH07022","ADM1_EN":"Region VII (Central Visayas)","ADM1_PCODE":"PH07","ADM0_EN":"Philippines (the)","ADM0_PCODE":"PH","date":"2022/11/09","validOn":"2023/11/06","validTo":null,"Shape_Leng":0.0871516265961,"Shape_Area":0.000409865285184,"AREA_SQKM":4.96590930216},"id":"PH0702237002"},{"arcs":[[10,11,12,13,14]],"type":"Polygon","properties":{"ADM4_EN":"Binabag","ADM4_PCODE":"PH0702237003","ADM4_REF":null,"ADM3_EN":"Pinamungajan","ADM3_PCODE":"PH0702237","ADM2_EN":"Cebu","ADM2_PCODE":"PH07022","ADM1_EN":"Region VII (Central Visayas)","ADM1_PCODE":"PH07","ADM0_EN":"Philippines (the)","ADM0_PCODE":"PH","date":"2022/11/09","validOn":"2023/11/06","validTo":null,"Shape_Leng":0.0959109983075,"Shape_Area":0.000388132018638,"AREA_SQKM":4.70314948237},"id":"PH0702237003"},{"arcs":[[-8,15,16,17]],"type":"Polygon","properties":{"ADM4_EN":"Buhingtubig","ADM4_PCODE":"PH0702237004","ADM4_REF":null,"ADM3_EN":"Pinamungajan","ADM3_PCODE":"PH0702237","ADM2_EN":"Cebu","ADM2_PCODE":"PH07022","ADM1_EN":"Region VII (Central Visayas)","ADM1_PCODE":"PH07","ADM0_EN":"Philippines (the)","ADM0_PCODE":"PH","date":"2022/11/09","validOn":"2023/11/06","validTo":null,"Shape_Leng":0.0631454238304,"Shape_Area":0.000234748332384,"AREA_SQKM":2.84418780742},"id":"PH0702237004"},{"arcs":[[18,19,20,21,22,-3]],"type":"Polygon","properties":{"ADM4_EN":"Busay","ADM4_PCODE":"PH0702237005","ADM4_REF":null,"ADM3_EN":"Pinamungajan","ADM3_PCODE":"PH0702237","ADM2_EN":"Cebu","ADM2_PCODE":"PH07022","ADM1_EN":"Region VII (Central Visayas)","ADM1_PCODE":"PH07","ADM0_EN":"Philippines (the)","ADM0_PCODE":"PH","date":"2022/11/09","validOn":"2023/11/06","validTo":null,"Shape_Leng":0.10349254324,"Shape_Area":0.000560063583889,"AREA_SQKM":6.78723509025},"id":"PH0702237005"},{"arcs":[[-16,-7,23,24,25,26]],"type":"Polygon","properties":{"ADM4_EN":"Butong","ADM4_PCODE":"PH0702237006","ADM4_REF":null,"ADM3_EN":"Pinamungajan","ADM3_PCODE":"PH0702237","ADM2_EN":"Cebu","ADM2_PCODE":"PH07022","ADM1_EN":"Region VII (Central Visayas)","ADM1_PCODE":"PH07","ADM0_EN":"Philippines (the)","ADM0_PCODE":"PH","date":"2022/11/09","validOn":"2023/11/06","validTo":null,"Shape_Leng":0.105219924608,"Shape_Area":0.000360281999754,"AREA_SQKM":4.36531383998},"id":"PH0702237006"},{"arcs":[[27,28,29,30]],"type":"Polygon","properties":{"ADM4_EN":"Cabiangon","ADM4_PCODE":"PH0702237007","ADM4_REF":null,"ADM3_EN":"Pinamungajan","ADM3_PCODE":"PH0702237","ADM2_EN":"Cebu","ADM2_PCODE":"PH07022","ADM1_EN":"Region VII (Central Visayas)","ADM1_PCODE":"PH07","ADM0_EN":"Philippines (the)","ADM0_PCODE":"PH","date":"2022/11/09","validOn":"2023/11/06","validTo":null,"Shape_Leng":0.0670247922693,"Shape_Area":0.000183123737661,"AREA_SQKM":2.21867034923},"id":"PH0702237007"},{"arcs":[[31,32,33,-24,-6,34]],"type":"Polygon","properties":{"ADM4_EN":"Camugao","ADM4_PCODE":"PH0702237008","ADM4_REF":null,"ADM3_EN":"Pinamungajan","ADM3_PCODE":"PH0702237","ADM2_EN":"Cebu","ADM2_PCODE":"PH07022","ADM1_EN":"Region VII (Central Visayas)","ADM1_PCODE":"PH07","ADM0_EN":"Philippines (the)","ADM0_PCODE":"PH","date":"2022/11/09","validOn":"2023/11/06","validTo":null,"Shape_Leng":0.145522520816,"Shape_Area":0.000388189168449,"AREA_SQKM":4.70345765646},"id":"PH0702237008"},{"arcs":[[35,-4,36,-11,37]],"type":"Polygon","properties":{"ADM4_EN":"Duangan","ADM4_PCODE":"PH0702237009","ADM4_REF":null,"ADM3_EN":"Pinamungajan","ADM3_PCODE":"PH0702237","ADM2_EN":"Cebu","ADM2_PCODE":"PH07022","ADM1_EN":"Region VII (Central Visayas)","ADM1_PCODE":"PH07","ADM0_EN":"Philippines (the)","ADM0_PCODE":"PH","date":"2022/11/09","validOn":"2023/11/06","validTo":null,"Shape_Leng":0.0995770473645,"Shape_Area":0.000387664359523,"AREA_SQKM":4.69755251267},"id":"PH0702237009"},{"arcs":[[38,-5,-36,39,40]],"type":"Polygon","properties":{"ADM4_EN":"Guimbawian","ADM4_PCODE":"PH0702237010","ADM4_REF":null,"ADM3_EN":"Pinamungajan","ADM3_PCODE":"PH0702237","ADM2_EN":"Cebu","ADM2_PCODE":"PH07022","ADM1_EN":"Region VII (Central Visayas)","ADM1_PCODE":"PH07","ADM0_EN":"Philippines (the)","ADM0_PCODE":"PH","date":"2022/11/09","validOn":"2023/11/06","validTo":null,"Shape_Leng":0.10183580311,"Shape_Area":0.000354329716343,"AREA_SQKM":4.29367163406},"id":"PH0702237010"},{"arcs":[[41,42,-32,43]],"type":"Polygon","properties":{"ADM4_EN":"Lamac","ADM4_PCODE":"PH0702237011","ADM4_REF":null,"ADM3_EN":"Pinamungajan","ADM3_PCODE":"PH0702237","ADM2_EN":"Cebu","ADM2_PCODE":"PH07022","ADM1_EN":"Region VII (Central Visayas)","ADM1_PCODE":"PH07","ADM0_EN":"Philippines (the)","ADM0_PCODE":"PH","date":"2022/11/09","validOn":"2023/11/06","validTo":null,"Shape_Leng":0.0718092217083,"Shape_Area":0.000279821531689,"AREA_SQKM":3.39057933158},"id":"PH0702237011"},{"arcs":[[-34,44,-40,-38,-15,45,46,-25]],"type":"Polygon",