{"type":"Topology","arcs":[[[372,1178],[5,-30],[40,-33]],[[417,1115],[-43,-10]],[[374,1105],[-147,-8],[-76,18]],[[151,1115],[-6,27]],[[145,1142],[130,-6],[37,16],[-9,31]],[[303,1183],[69,-5]],[[379,858],[12,-40]],[[391,818],[-185,-14]],[[206,804],[-19,78]],[[187,882],[114,6],[66,20]],[[367,908],[12,-50]],[[414,1347],[-57,-16]],[[357,1331],[-38,15]],[[319,1346],[13,32],[-11,42]],[[321,1420],[96,31]],[[417,1451],[-3,-104]],[[524,826],[18,-43],[-66,-67]],[[476,716],[-44,-11]],[[432,705],[-19,25]],[[413,730],[-22,88]],[[379,858],[118,24]],[[497,882],[27,-56]],[[413,730],[-119,-36],[-59,3]],[[235,697],[-29,107]],[[511,1074],[-71,44]],[[440,1118],[-23,-3]],[[372,1178],[-8,49]],[[364,1227],[51,9],[105,61]],[[520,1297],[-15,-58],[6,-165]],[[374,1105],[25,-94]],[[399,1011],[-67,-9]],[[332,1002],[-142,28],[-23,-11]],[[167,1019],[-16,96]],[[357,1331],[-5,-84],[12,-20]],[[303,1183],[-12,24]],[[291,1207],[-11,60]],[[280,1267],[39,79]],[[461,1011],[-62,0]],[[440,1118],[21,-107]],[[587,604],[-31,10]],[[556,614],[3,32]],[[559,646],[68,44]],[[627,690],[-40,-86]],[[498,562],[-38,-92],[-1,-35]],[[459,435],[-105,46],[-90,15]],[[264,496],[-19,114]],[[245,610],[142,-3],[75,-19],[36,-26]],[[414,1347],[106,-50]],[[459,435],[-3,-56],[16,-72]],[[472,307],[-168,-3]],[[304,304],[-40,192]],[[281,1425],[-122,14]],[[159,1439],[-69,-30]],[[90,1409],[-25,6],[-51,56],[-14,42],[13,76],[223,12]],[[236,1601],[26,-81],[19,-95]],[[281,1425],[40,-5]],[[280,1267],[-16,5]],[[264,1272],[-11,64],[-94,103]],[[472,307],[7,-124],[19,-62],[-4,-71],[-134,-50],[-56,304]],[[145,1142],[-17,74]],[[128,1216],[163,-9]],[[737,727],[3,-135],[-20,-67],[-87,60]],[[633,585],[21,18],[18,101]],[[672,704],[65,23]],[[511,1074],[133,-24],[53,-128]],[[697,922],[-142,18],[-35,17],[-44,-11]],[[476,946],[-15,65]],[[722,828],[15,-101]],[[672,704],[-45,-14]],[[559,646],[-83,70]],[[524,826],[65,-9],[133,11]],[[633,585],[-46,19]],[[264,1272],[-30,-12],[-35,23],[-88,-9]],[[111,1274],[-21,135]],[[432,705],[22,-47],[59,-67]],[[513,591],[-15,-29]],[[245,610],[-10,87]],[[556,614],[-43,-23]],[[236,1601],[113,59],[74,10],[30,-37],[-23,-147],[-13,-35]],[[332,1002],[28,-78]],[[360,924],[7,-16]],[[187,882],[-20,137]],[[697,922],[25,-94]],[[497,882],[-21,64]],[[476,946],[-116,-22]],[[128,1216],[-17,58]]],"transform":{"scale":[0.00010837061351342502,0.00011889210359284818],"translate":[125.07582010900013,10.20573992200002]},"objects":{"bgysubmuns-municity-ph0806412":{"type":"GeometryCollection","geometries":[{"arcs":[[0,1,2,3,4,5]],"type":"Polygon","properties":{"ADM4_EN":"Atuyan","ADM4_PCODE":"PH0806412001","ADM4_REF":null,"ADM3_EN":"Saint Bernard","ADM3_PCODE":"PH0806412","ADM2_EN":"Southern Leyte","ADM2_PCODE":"PH08064","ADM1_EN":"Region VIII (Eastern Visayas)","ADM1_PCODE":"PH08","ADM0_EN":"Philippines (the)","ADM0_PCODE":"PH","date":"2022/11/09","validOn":"2023/11/06","validTo":null,"Shape_Leng":0.0765356721523,"Shape_Area":0.000157596873337,"AREA_SQKM":1.90919156309},"id":"PH0806412001"},{"arcs":[[6,7,8,9,10]],"type":"Polygon","properties":{"ADM4_EN":"Ayahag","ADM4_PCODE":"PH0806412002","ADM4_REF":null,"ADM3_EN":"Saint Bernard","ADM3_PCODE":"PH0806412","ADM2_EN":"Southern Leyte","ADM2_PCODE":"PH08064","ADM1_EN":"Region VIII (Eastern Visayas)","ADM1_PCODE":"PH08","ADM0_EN":"Philippines (the)","ADM0_PCODE":"PH","date":"2022/11/09","validOn":"2023/11/06","validTo":null,"Shape_Leng":0.0664084211294,"Shape_Area":0.000197018042933,"AREA_SQKM":2.38699982762},"id":"PH0806412002"},{"arcs":[[11,12,13,14,15]],"type":"Polygon","properties":{"ADM4_EN":"Bantawon","ADM4_PCODE":"PH0806412003","ADM4_REF":null,"ADM3_EN":"Saint Bernard","ADM3_PCODE":"PH0806412","ADM2_EN":"Southern Leyte","ADM2_PCODE":"PH08064","ADM1_EN":"Region VIII (Eastern Visayas)","ADM1_PCODE":"PH08","ADM0_EN":"Philippines (the)","ADM0_PCODE":"PH","date":"2022/11/09","validOn":"2023/11/06","validTo":null,"Shape_Leng":0.0449154034467,"Shape_Area":0.000108386140865,"AREA_SQKM":1.31290685593},"id":"PH0806412003"},{"arcs":[[16,17,18,19,-7,20,21]],"type":"Polygon","properties":{"ADM4_EN":"Bolodbolod","ADM4_PCODE":"PH0806412004","ADM4_REF":null,"ADM3_EN":"Saint Bernard","ADM3_PCODE":"PH0806412","ADM2_EN":"Southern Leyte","ADM2_PCODE":"PH08064","ADM1_EN":"Region VIII (Eastern Visayas)","ADM1_PCODE":"PH08","ADM0_EN":"Philippines (the)","ADM0_PCODE":"PH","date":"2022/11/09","validOn":"2023/11/06","validTo":null,"Shape_Leng":0.062247025728,"Shape_Area":0.000240524907283,"AREA_SQKM":2.91416869495},"id":"PH0806412004"},{"arcs":[[22,23,-8,-20]],"type":"Polygon","properties":{"ADM4_EN":"Nueva Esperanza (Cabac-an)","ADM4_PCODE":"PH0806412005","ADM4_REF":null,"ADM3_EN":"Saint Bernard","ADM3_PCODE":"PH0806412","ADM2_EN":"Southern Leyte","ADM2_PCODE":"PH08064","ADM1_EN":"Region VIII (Eastern Visayas)","ADM1_PCODE":"PH08","ADM0_EN":"Philippines (the)","ADM0_PCODE":"PH","date":"2022/11/09","validOn":"2023/11/06","validTo":null,"Shape_Leng":0.0683925232093,"Shape_Area":0.000247306833066,"AREA_SQKM":2.99638309094},"id":"PH0806412005"},{"arcs":[[24,25,-1,26,27,28]],"type":"Polygon","properties":{"ADM4_EN":"Cabagawan","ADM4_PCODE":"PH0806412006","ADM4_REF":null,"ADM3_EN":"Saint Bernard","ADM3_PCODE":"PH0806412","ADM2_EN":"Southern Leyte","ADM2_PCODE":"PH08064","ADM1_EN":"Region VIII (Eastern Visayas)","ADM1_PCODE":"PH08","ADM0_EN":"Philippines (the)","ADM0_PCODE":"PH","date":"2022/11/09","validOn":"2023/11/06","validTo":null,"Shape_Leng":0.0772164222475,"Shape_Area":0.000248346974628,"AREA_SQKM":3.00851214688},"id":"PH0806412006"},{"arcs":[[29,30,31,32,-3]],"type":"Polygon","properties":{"ADM4_EN":"Carnaga","ADM4_PCODE":"PH0806412007","ADM4_REF":null,"ADM3_EN":"Saint Bernard","ADM3_PCODE":"PH0806412","ADM2_EN":"Southern Leyte","ADM2_PCODE":"PH08064","ADM1_EN":"Region VIII (Eastern Visayas)","ADM1_PCODE":"PH08","ADM0_EN":"Philippines (the)","ADM0_PCODE":"PH","date":"2022/11/09","validOn":"2023/11/06","validTo":null,"Shape_Leng":0.0794703362864,"Shape_Area":0.000251970988913,"AREA_SQKM":3.05255660963},"id":"PH0806412007"},{"arcs":[[33,-27,-6,34,35,36,-13]],"type":"Polygon","properties":{"ADM4_EN":"Catmon","ADM4_PCODE":"PH0806412008","ADM4_REF":null,"ADM3_EN":"Saint Bernard","ADM3_PCODE":"PH0806412","ADM2_EN":"Southern Leyte","ADM2_PCODE":"PH08064","ADM1_EN":"Region VIII (Eastern Visayas)","ADM1_PCODE":"PH08","ADM0_EN":"Philippines (the)","ADM0_PCODE":"PH","date":"2022/11/09","validOn":"2023/11/06","validTo":null,"Shape_Leng":0.052898148148,"Shape_Area":0.000139439201697,"AREA_SQKM":1.68914516144},"id":"PH0806412008"},{"arcs":[[37,-30,-2,-26,38]],"type":"Polygon","properties":{"ADM4_EN":"Guinsaugon","ADM4_PCODE":"PH0806412009","ADM4_REF":null,"ADM3_EN":"Saint Bernard","ADM3_PCODE":"PH0806412","ADM2_EN":"Southern Leyte","ADM2_PCODE":"PH08064","ADM1_EN":"Region VIII (Eastern Visayas)","ADM1_PCODE":"PH08","ADM0_EN":"Philippines (the)","ADM0_PCODE":"PH","date":"2022/11/09","validOn":"2023/11/06","validTo":null,"Shape_Leng":0.0386823818392,"Shape_Area":0.0000860793302758,"AREA_SQKM":1.04282552795},"id":"PH0806412009"},{"arcs":[[39,40,41,42]],"type":"Polygon","properties":{"ADM4_EN":"Himatagon (Pob.)","ADM4_PCODE":"PH0806412010","ADM4_REF":null,"ADM3_EN":"Saint Bernard","ADM3_PCODE":"PH0806412","ADM2_EN":"Southern Leyte","ADM2_PCODE":"PH08064","ADM1_EN":"Region VIII (Eastern Visayas)","ADM1_PCODE":"PH08","ADM0_EN":"Philippines (the)","ADM0_PCODE":"PH","date":"2022/11/09","validOn":"2023/11/06","validTo":null,"Shape_Leng":0.0314817728749,"Shape_Area":0.0000376412560882,"AREA_SQKM":0.456082313213},"id":"PH0806412010"},{"arcs":[[43,44,45,46]],"type":"Polygon","properties":{"ADM4_EN":"Himbangan","ADM4_PCODE":"PH0806412011","ADM4_REF":null,"ADM3_EN":"Saint Bernard","ADM3_PCODE":"PH0806412","ADM2_EN":"Southern Leyte","ADM2_PCODE":"PH08064","ADM1_EN":"Region VIII (Eastern Visayas)","ADM1_PCODE":"PH08","ADM0_EN":"Philippines (the)","ADM0_PCODE":"PH","date":"2022/11/09","validOn":"2023/11/06","validTo":null,"Shape_Leng":0.0850852818721,"Shape_Area":0.000380428022867,"AREA_SQKM":4.60965957294},