{"type":"Topology","arcs":[[[337,648],[-40,-109],[29,-32]],[[326,507],[-66,-55],[-75,-20]],[[185,432],[-26,51],[-47,-12]],[[112,471],[-23,49],[76,-3],[31,29],[-1,64],[81,109]],[[276,719],[61,-71]],[[648,650],[-10,-12]],[[638,638],[-29,-47]],[[609,591],[-154,23]],[[455,614],[47,65]],[[502,679],[71,8],[75,-37]],[[892,735],[-49,-148]],[[843,587],[-24,-25]],[[819,562],[-40,29]],[[779,591],[16,61]],[[795,652],[14,47]],[[809,699],[-9,47]],[[800,746],[22,49]],[[822,795],[70,-60]],[[698,935],[-117,-135]],[[581,800],[-59,-10]],[[522,790],[-126,33],[-83,3]],[[313,826],[44,58],[44,95],[-17,52],[-71,29],[-25,117],[126,82],[145,38],[58,-122],[49,-24],[-19,-79],[18,-136],[33,-1]],[[388,231],[-86,-142],[-41,-17]],[[261,72],[12,77]],[[273,149],[20,119]],[[293,268],[95,-37]],[[741,358],[4,-70],[34,-36]],[[779,252],[-83,-60],[-56,11]],[[640,203],[-21,66],[-73,40]],[[546,309],[89,89]],[[635,398],[106,-40]],[[761,914],[-36,-133]],[[725,781],[-11,-28]],[[714,753],[-133,47]],[[698,935],[63,-21]],[[822,795],[21,55],[54,38]],[[897,888],[60,2],[-65,-155]],[[422,210],[79,-110]],[[501,100],[-244,-100],[4,72]],[[388,231],[34,-21]],[[575,463],[60,-65]],[[546,309],[-72,41],[20,82]],[[494,432],[32,52],[49,-21]],[[546,309],[-124,-99]],[[293,268],[-45,26]],[[248,294],[100,85],[37,57]],[[385,436],[109,-4]],[[185,432],[63,-138]],[[248,294],[-136,-43]],[[112,251],[-80,71],[-32,87],[32,48],[80,14]],[[843,587],[17,-41],[60,-59]],[[920,487],[-60,-57],[-41,42],[-24,-37]],[[795,435],[-51,25]],[[744,460],[75,102]],[[609,591],[17,-21]],[[626,570],[25,-39]],[[651,531],[-76,-68]],[[385,436],[21,32]],[[406,468],[49,146]],[[809,699],[-14,-47]],[[779,591],[-24,11]],[[755,602],[-41,17]],[[714,619],[-26,2]],[[688,621],[-20,12]],[[668,633],[46,120]],[[725,781],[75,-35]],[[522,790],[10,-30],[-30,-81]],[[455,614],[-48,-18],[-70,52]],[[276,719],[31,33],[6,74]],[[727,566],[-22,-58]],[[705,508],[-29,24]],[[676,532],[27,55]],[[703,587],[24,-21]],[[761,914],[86,-1],[50,-25]],[[688,621],[-8,-11]],[[680,610],[-6,4]],[[674,614],[-36,24]],[[648,650],[20,-17]],[[680,610],[10,-9]],[[690,601],[-29,-68]],[[661,533],[-10,-2]],[[626,570],[48,44]],[[714,619],[-14,-27]],[[700,592],[-10,9]],[[700,592],[3,-5]],[[676,532],[-15,1]],[[744,460],[-39,48]],[[727,566],[28,36]],[[273,149],[-42,49],[-71,-4],[-48,57]],[[640,203],[-4,-48],[-135,-55]],[[406,468],[-80,39]],[[741,358],[67,32],[-13,45]],[[920,487],[6,-29],[76,-112],[-155,-26],[-68,-68]]],"transform":{"scale":[0.0001068930159680396,0.00009495336237470751],"translate":[124.9171417570001,11.102168056000039]},"objects":{"bgysubmuns-municity-ph0803739":{"type":"GeometryCollection","geometries":[{"arcs":[[0,1,2,3,4]],"type":"Polygon","properties":{"ADM4_EN":"Anahaway","ADM4_PCODE":"PH0803739001","ADM4_REF":null,"ADM3_EN":"Palo","ADM3_PCODE":"PH0803739","ADM2_EN":"Leyte","ADM2_PCODE":"PH08037","ADM1_EN":"Region VIII (Eastern Visayas)","ADM1_PCODE":"PH08","ADM0_EN":"Philippines (the)","ADM0_PCODE":"PH","date":"2022/11/09","validOn":"2023/11/06","validTo":null,"Shape_Leng":0.124150057628,"Shape_Area":0.000325237585898,"AREA_SQKM":3.92971114972},"id":"PH0803739001"},{"arcs":[[5,6,7,8,9]],"type":"Polygon","properties":{"ADM4_EN":"Arado","ADM4_PCODE":"PH0803739002","ADM4_REF":null,"ADM3_EN":"Palo","ADM3_PCODE":"PH0803739","ADM2_EN":"Leyte","ADM2_PCODE":"PH08037","ADM1_EN":"Region VIII (Eastern Visayas)","ADM1_PCODE":"PH08","ADM0_EN":"Philippines (the)","ADM0_PCODE":"PH","date":"2022/11/09","validOn":"2023/11/06","validTo":null,"Shape_Leng":0.0525234938887,"Shape_Area":0.000122721583813,"AREA_SQKM":1.48275204922},"id":"PH0803739002"},{"arcs":[[10,11,12,13,14,15,16,17]],"type":"Polygon","properties":{"ADM4_EN":"Baras","ADM4_PCODE":"PH0803739004","ADM4_REF":null,"ADM3_EN":"Palo","ADM3_PCODE":"PH0803739","ADM2_EN":"Leyte","ADM2_PCODE":"PH08037","ADM1_EN":"Region VIII (Eastern Visayas)","ADM1_PCODE":"PH08","ADM0_EN":"Philippines (the)","ADM0_PCODE":"PH","date":"2022/11/09","validOn":"2023/11/06","validTo":null,"Shape_Leng":0.0698650742127,"Shape_Area":0.000112887181684,"AREA_SQKM":1.36391286947},"id":"PH0803739004"},{"arcs":[[18,19,20,21]],"type":"Polygon","properties":{"ADM4_EN":"Barayong","ADM4_PCODE":"PH0803739005","ADM4_REF":null,"ADM3_EN":"Palo","ADM3_PCODE":"PH0803739","ADM2_EN":"Leyte","ADM2_PCODE":"PH08037","ADM1_EN":"Region VIII (Eastern Visayas)","ADM1_PCODE":"PH08","ADM0_EN":"Philippines (the)","ADM0_PCODE":"PH","date":"2022/11/09","validOn":"2023/11/06","validTo":null,"Shape_Leng":0.169532487154,"Shape_Area":0.00140097598657,"AREA_SQKM":16.9247993692},"id":"PH0803739005"},{"arcs":[[22,23,24,25]],"type":"Polygon","properties":{"ADM4_EN":"Cabarasan Daku","ADM4_PCODE":"PH0803739006","ADM4_REF":null,"ADM3_EN":"Palo","ADM3_PCODE":"PH0803739","ADM2_EN":"Leyte","ADM2_PCODE":"PH08037","ADM1_EN":"Region VIII (Eastern Visayas)","ADM1_PCODE":"PH08","ADM0_EN":"Philippines (the)","ADM0_PCODE":"PH","date":"2022/11/09","validOn":"2023/11/06","validTo":null,"Shape_Leng":0.0537695609417,"Shape_Area":0.000128504694229,"AREA_SQKM":1.5528552874},"id":"PH0803739006"},{"arcs":[[26,27,28,29,30]],"type":"Polygon","properties":{"ADM4_EN":"Cabarasan Guti","ADM4_PCODE":"PH0803739007","ADM4_REF":null,"ADM3_EN":"Palo","ADM3_PCODE":"PH0803739","ADM2_EN":"Leyte","ADM2_PCODE":"PH08037","ADM1_EN":"Region VIII (Eastern Visayas)","ADM1_PCODE":"PH08","ADM0_EN":"Philippines (the)","ADM0_PCODE":"PH","date":"2022/11/09","validOn":"2023/11/06","validTo":null,"Shape_Leng":0.0725065267588,"Shape_Area":0.000262098394893,"AREA_SQKM":3.16708829066},"id":"PH0803739007"},{"arcs":[[31,32,33,-19,34]],"type":"Polygon","properties":{"ADM4_EN":"Campetik","ADM4_PCODE":"PH0803739008","ADM4_REF":null,"ADM3_EN":"Palo","ADM3_PCODE":"PH0803739","ADM2_EN":"Leyte","ADM2_PCODE":"PH08037","ADM1_EN":"Region VIII (Eastern Visayas)","ADM1_PCODE":"PH08","ADM0_EN":"Philippines (the)","ADM0_PCODE":"PH","date":"2022/11/09","validOn":"2023/11/06","validTo":null,"Shape_Leng":0.0604514508264,"Shape_Area":0.000190647396689,"AREA_SQKM":2.30329796537},"id":"PH0803739008"},{"arcs":[[-18,35,36]],"type":"Polygon","properties":{"ADM4_EN":"Candahug","ADM4_PCODE":"PH0803739009","ADM4_REF":null,"ADM3_EN":"Palo","ADM3_PCODE":"PH0803739","ADM2_EN":"Leyte","ADM2_PCODE":"PH08037","ADM1_EN":"Region VIII (Eastern Visayas)","ADM1_PCODE":"PH08","ADM0_EN":"Philippines (the)","ADM0_PCODE":"PH","date":"2022/11/09","validOn":"2023/11/06","validTo":null,"Shape_Leng":0.0459530810018,"Shape_Area":0.000113904322609,"AREA_SQKM":1.3761411298},"id":"PH0803739009"},{"arcs":[[37,38,-23,39]],"type":"Polygon","properties":{"ADM4_EN":"Cangumbang","ADM4_PCODE":"PH0803739010","ADM4_REF":null,"ADM3_EN":"Palo","ADM3_PCODE":"PH0803739","ADM2_EN":"Leyte","ADM2_PCODE":"PH08037","ADM1_EN":"Region VIII (Eastern Visayas)","ADM1_PCODE":"PH08","ADM0_EN":"Philippines (the)","ADM0_PCODE":"PH","date":"2022/11/09","validOn":"2023/11/06","validTo":null,"Shape_Leng":0.0770880305479,"Shape_Area":0.000252346977033,"AREA_SQKM":3.04943406866},"id":"PH0803739010"},{"arcs":[[40,-30,41,42]],"type":"Polygon","properties":{"ADM4_EN":"Canhidoc","ADM4_PCODE":"PH0803739011","ADM4_REF":null,"ADM3_EN":"Palo","ADM3_PCODE":"PH0803739","ADM2_EN":"Leyte","ADM2_PCODE":"PH08037","ADM1_EN":"Region VIII (Eastern Visayas)","ADM1_PCODE":"PH08","ADM0_EN":"Philippines (the)","ADM0_PCODE":"PH","date":"2022/11/09","validOn":"2023/11/06","validTo":null,"Shape_Leng":0.0507819172722,"Shape_Area":0.000176350158454,"AREA_SQKM":2.13087392037},"id":"PH0803739011"},{"arcs":[[-42,43,-40,-26,44,45,46]],"type":"Polygon","properties":{"ADM4_EN":"Capirawan","ADM4_PCODE":"PH0803739012","ADM4_REF":null,"ADM3_EN":"Palo","ADM3_PCODE":"PH0803739","ADM2_EN":"Leyte","ADM2_PCODE":"PH08037","ADM1_EN":"Region VIII (Eastern Visayas)","ADM1_PCODE":"PH08","ADM0_EN":"Philippines (the)","ADM0_PCODE":"PH","date":"2022/11/09","validOn":"2023/11/06","validTo":null,"Shape_Leng":0.0873071415021,"Shape_Area":0.000364994507283,"AREA_SQKM":4.4103993374},"id":"PH0803739012"},{"arcs":[[47,48,49,-3]],"type":"Polygon","properties":{"ADM4_EN":"Castilla",