{"type":"Topology","arcs":[[[917,394],[-111,-28]],[[806,366],[47,127]],[[853,493],[67,-44],[-3,-55]],[[349,619],[97,-70],[41,-59]],[[487,490],[-30,-94]],[[457,396],[-66,45]],[[391,441],[-154,-34]],[[237,407],[-76,165]],[[161,572],[96,62],[92,-15]],[[594,845],[93,-142],[-14,-36]],[[673,667],[-83,5]],[[590,672],[-60,10],[-90,-27]],[[440,655],[-32,95],[-46,65],[-14,61]],[[348,876],[219,-35],[27,4]],[[391,441],[1,-104],[37,-48]],[[429,289],[-119,-39]],[[310,250],[-73,157]],[[575,189],[33,-57]],[[608,132],[-49,11]],[[559,143],[-67,44]],[[492,187],[-13,19]],[[479,206],[33,21]],[[512,227],[63,-38]],[[608,132],[15,-24]],[[623,108],[-12,-38]],[[611,70],[-74,15]],[[537,85],[22,58]],[[783,490],[-39,-31],[-44,-98]],[[700,361],[-11,56]],[[689,417],[-29,127]],[[660,544],[83,-56],[40,2]],[[321,926],[27,-50]],[[440,655],[-91,-36]],[[161,572],[-161,347],[59,27],[128,-25],[134,5]],[[806,366],[28,-7]],[[834,359],[1,-13]],[[835,346],[-10,-10]],[[825,336],[-37,-12]],[[788,324],[-20,-21]],[[768,303],[-71,29]],[[697,332],[3,29]],[[783,490],[6,14]],[[789,504],[64,-11]],[[689,417],[-75,29]],[[614,446],[12,95]],[[626,541],[34,3]],[[610,254],[8,-2]],[[618,252],[34,-51]],[[652,201],[-69,-12]],[[583,189],[-8,0]],[[512,227],[4,33]],[[516,260],[94,-6]],[[611,70],[-39,-55]],[[572,15],[-79,68]],[[493,83],[44,2]],[[457,396],[26,-92],[33,-44]],[[479,206],[-50,83]],[[505,0],[-54,23]],[[451,23],[37,8]],[[488,31],[17,-31]],[[643,160],[-20,-52]],[[583,189],[60,-29]],[[446,139],[43,-55]],[[489,84],[-1,-53]],[[451,23],[-92,102],[-21,57]],[[338,182],[108,-43]],[[572,15],[-67,-15]],[[489,84],[4,-1]],[[446,139],[46,48]],[[338,182],[-28,68]],[[933,271],[-18,-58],[-43,2]],[[872,215],[-47,121]],[[835,346],[43,-59],[55,-16]],[[673,667],[17,-57],[53,-1],[-7,-80],[53,-25]],[[626,541],[-36,131]],[[652,201],[15,-28]],[[667,173],[-24,-13]],[[577,446],[-26,-105],[59,-87]],[[487,490],[90,-44]],[[321,926],[-48,122],[94,39],[-56,75],[86,37],[182,-257],[15,-97]],[[917,394],[21,-63]],[[938,331],[-104,28]],[[872,215],[-57,-2]],[[815,213],[-27,111]],[[614,446],[-37,0]],[[650,234],[12,-15]],[[662,219],[12,-24]],[[674,195],[-7,-22]],[[618,252],[32,-18]],[[815,213],[-112,-18]],[[703,195],[22,42]],[[725,237],[43,66]],[[703,195],[-29,0]],[[662,219],[63,18]],[[650,234],[47,98]],[[938,331],[-5,-60]]],"transform":{"scale":[0.0001263998230276931,0.00011814254962467692],"translate":[124.28337543900011,9.627374991000067]},"objects":{"bgysubmuns-municity-ph0701225":{"type":"GeometryCollection","geometries":[{"arcs":[[0,1,2]],"type":"Polygon","properties":{"ADM4_EN":"Alejawan","ADM4_PCODE":"PH0701225001","ADM4_REF":null,"ADM3_EN":"Jagna","ADM3_PCODE":"PH0701225","ADM2_EN":"Bohol","ADM2_PCODE":"PH07012","ADM1_EN":"Region VII (Central Visayas)","ADM1_PCODE":"PH07","ADM0_EN":"Philippines (the)","ADM0_PCODE":"PH","date":"2022/11/09","validOn":"2023/11/06","validTo":null,"Shape_Leng":0.0540248185297,"Shape_Area":0.000133342537218,"AREA_SQKM":1.61857155985},"id":"PH0701225001"},{"arcs":[[3,4,5,6,7,8]],"type":"Polygon","properties":{"ADM4_EN":"Balili","ADM4_PCODE":"PH0701225002","ADM4_REF":null,"ADM3_EN":"Jagna","ADM3_PCODE":"PH0701225","ADM2_EN":"Bohol","ADM2_PCODE":"PH07012","ADM1_EN":"Region VII (Central Visayas)","ADM1_PCODE":"PH07","ADM0_EN":"Philippines (the)","ADM0_PCODE":"PH","date":"2022/11/09","validOn":"2023/11/06","validTo":null,"Shape_Leng":0.123148700228,"Shape_Area":0.00068481427817,"AREA_SQKM":8.31234806053},"id":"PH0701225002"},{"arcs":[[9,10,11,12,13]],"type":"Polygon","properties":{"ADM4_EN":"Boctol","ADM4_PCODE":"PH0701225003","ADM4_REF":null,"ADM3_EN":"Jagna","ADM3_PCODE":"PH0701225","ADM2_EN":"Bohol","ADM2_PCODE":"PH07012","ADM1_EN":"Region VII (Central Visayas)","ADM1_PCODE":"PH07","ADM0_EN":"Philippines (the)","ADM0_PCODE":"PH","date":"2022/11/09","validOn":"2023/11/06","validTo":null,"Shape_Leng":0.118192965981,"Shape_Area":0.000711587093121,"AREA_SQKM":8.63660270284},"id":"PH0701225003"},{"arcs":[[14,15,16,-7]],"type":"Polygon","properties":{"ADM4_EN":"Buyog","ADM4_PCODE":"PH0701225004","ADM4_REF":null,"ADM3_EN":"Jagna","ADM3_PCODE":"PH0701225","ADM2_EN":"Bohol","ADM2_PCODE":"PH07012","ADM1_EN":"Region VII (Central Visayas)","ADM1_PCODE":"PH07","ADM0_EN":"Philippines (the)","ADM0_PCODE":"PH","date":"2022/11/09","validOn":"2023/11/06","validTo":null,"Shape_Leng":0.0808309670937,"Shape_Area":0.000345550185289,"AREA_SQKM":4.19456078868},"id":"PH0701225004"},{"arcs":[[17,18,19,20,21,22]],"type":"Polygon","properties":{"ADM4_EN":"Bunga Ilaya","ADM4_PCODE":"PH0701225005","ADM4_REF":null,"ADM3_EN":"Jagna","ADM3_PCODE":"PH0701225","ADM2_EN":"Bohol","ADM2_PCODE":"PH07012","ADM1_EN":"Region VII (Central Visayas)","ADM1_PCODE":"PH07","ADM0_EN":"Philippines (the)","ADM0_PCODE":"PH","date":"2022/11/09","validOn":"2023/11/06","validTo":null,"Shape_Leng":0.0427539556971,"Shape_Area":0.000080792172049,"AREA_SQKM":0.98077825},"id":"PH0701225005"},{"arcs":[[23,24,25,26,-19]],"type":"Polygon","properties":{"ADM4_EN":"Bunga Mar","ADM4_PCODE":"PH0701225006","ADM4_REF":null,"ADM3_EN":"Jagna","ADM3_PCODE":"PH0701225","ADM2_EN":"Bohol","ADM2_PCODE":"PH07012","ADM1_EN":"Region VII (Central Visayas)","ADM1_PCODE":"PH07","ADM0_EN":"Philippines (the)","ADM0_PCODE":"PH","date":"2022/11/09","validOn":"2023/11/06","validTo":null,"Shape_Leng":0.0324918702772,"Shape_Area":0.0000576440556421,"AREA_SQKM":0.699789193572},"id":"PH0701225006"},{"arcs":[[27,28,29,30]],"type":"Polygon","properties":{"ADM4_EN":"Cabunga-an","ADM4_PCODE":"PH0701225007","ADM4_REF":null,"ADM3_EN":"Jagna","ADM3_PCODE":"PH0701225","ADM2_EN":"Bohol","ADM2_PCODE":"PH07012","ADM1_EN":"Region VII (Central Visayas)","ADM1_PCODE":"PH07","ADM0_EN":"Philippines (the)","ADM0_PCODE":"PH","date":"2022/11/09","validOn":"2023/11/06","validTo":null,"Shape_Leng":0.0622711483918,"Shape_Area":0.000130471139702,"AREA_SQKM":1.58369961135},"id":"PH0701225007"},{"arcs":[[31,-13,32,-9,33]],"type":"Polygon","properties":{"ADM4_EN":"Calabacita","ADM4_PCODE":"PH0701225008","ADM4_REF":null,"ADM3_EN":"Jagna","ADM3_PCODE":"PH0701225","ADM2_EN":"Bohol","ADM2_PCODE":"PH07012","ADM1_EN":"Region VII (Central Visayas)","ADM1_PCODE":"PH07","ADM0_EN":"Philippines (the)","ADM0_PCODE":"PH","date":"2022/11/09","validOn":"2023/11/06","validTo":null,"Shape_Leng":0.164157035195,"Shape_Area":0.00150044428427,"AREA_SQKM":18.2109514679},"id":"PH0701225008"},{"arcs":[[-2,34,35,36,37,38,39,40,-28,41,42]],"type":"Polygon","properties":{"ADM4_EN":"Cambugason","ADM4_PCODE":"PH0701225009","ADM4_REF":null,"ADM3_EN":"Jagna","ADM3_PCODE":"PH0701225","ADM2_EN":"Bohol","ADM2_PCODE":"PH07012","ADM1_EN":"Region VII (Central Visayas)","ADM1_PCODE":"PH07","ADM0_EN":"Philippines (the)","ADM0_PCODE":"PH","date":"2022/11/09","validOn":"2023/11/06","validTo":null,"Shape_Leng":0.0783657278562,"Shape_Area":0.000270255638793,"AREA_SQKM":3.28052585982},"id":"PH0701225009"},{"arcs":[[43,44,45,-30]],"type":"Polygon","properties":{"ADM4_EN":"Can-ipol","ADM4_PCODE":"PH0701225010","ADM4_REF":null,"ADM3_EN":"Jagna","ADM3_PCODE":"PH0701225","ADM2_EN":"Bohol","ADM2_PCODE":"PH07012","ADM1_EN":"Region VII (Central Visayas)","ADM1_PCODE":"PH07","ADM0_EN":"Philippines (the)","ADM0_PCODE":"PH","date":"2022/11/09","validOn":"2023/11/06","validTo":null,"Shape_Leng":0.0434256700718,"Shape_Area":0.000103425282989,"AREA_SQKM":1.25540625801},"id":"PH0701225010"},{"arcs":[[46,47,48,49,-23,50,51]],"type":"Polygon","properties":{"ADM4_EN":"Canjulao","ADM4_PCODE":"PH0701225011","ADM4_REF":null,"ADM3_EN":"Jagna","ADM3_PCODE":"PH0701225","ADM2_EN":"Bohol","ADM2_PCODE":"PH07012","ADM1_EN":"Region VII (Central Visayas)","ADM1_PCODE":"PH07","ADM0_EN":"Philippines (the)","ADM0_PCODE":"PH","date":"2022/11/09","validOn":"2023/11/06","validTo":null,"Shape_Leng":0.0451729083323,"Shape_Area":0.0000904730021213,"AREA_SQKM":1.09828064143},"id":"PH0701225011"},{"arcs":[[-26,52,53,54]],"type":"Polygon","properties":{"ADM4_EN":"Cantagay","ADM4_PCODE":"PH0701225012","ADM4_REF":null,"ADM3_EN":"Jagna","ADM3_PCODE":"PH0701225","ADM2_EN":"Bohol","ADM2_PCODE":"PH07012",