{"type":"Topology","arcs":[[[592,625],[-17,-102]],[[575,523],[-117,-5],[-50,-18]],[[408,500],[-15,6]],[[393,506],[-3,42],[-26,22],[-1,31],[-24,31]],[[339,632],[58,10]],[[397,642],[57,-12],[138,-5]],[[757,840],[2,-46],[46,-25],[32,-60]],[[837,709],[-26,10],[-46,-15],[-36,16],[-21,-38],[-116,-57]],[[592,625],[20,102]],[[612,727],[50,59],[92,57]],[[754,843],[3,-3]],[[596,169],[-79,80]],[[517,249],[76,96],[-18,178]],[[575,523],[88,8],[207,50],[34,12]],[[904,593],[24,-20],[-46,-77],[-134,-165],[-152,-162]],[[596,169],[-184,-167],[-114,-2],[-98,107]],[[200,107],[112,64],[205,78]],[[754,843],[-106,46]],[[648,889],[-9,65],[-24,41]],[[615,995],[52,26]],[[667,1021],[43,-71],[-3,-22],[48,-68],[2,-20]],[[613,1075],[-95,-50]],[[518,1025],[14,30],[-30,24]],[[502,1079],[-37,70]],[[465,1149],[20,31],[67,-58],[37,-3],[24,-44]],[[114,528],[0,-96],[16,-105]],[[130,327],[-108,12]],[[22,339],[-22,41],[44,69],[29,93]],[[73,542],[41,-14]],[[187,979],[65,2]],[[252,981],[-24,-25],[-1,-44]],[[227,912],[0,-32],[-36,-16],[-75,3]],[[116,867],[19,125]],[[135,992],[52,-13]],[[612,727],[-55,64]],[[557,791],[-10,60],[34,39]],[[581,890],[67,-1]],[[393,506],[-263,-179]],[[114,528],[66,19],[59,30]],[[239,577],[61,12],[39,43]],[[615,995],[-90,-47]],[[525,948],[-17,-2]],[[508,946],[30,55],[-20,24]],[[613,1075],[49,-31],[5,-23]],[[408,500],[-12,-28],[8,-38],[-29,-27],[3,-52],[-18,-12]],[[360,343],[-91,-100]],[[269,243],[-72,28],[-67,56]],[[411,1005],[-13,-47],[25,-45],[-28,-13],[9,-36]],[[404,864],[-43,26]],[[361,890],[-58,40],[-22,-23],[-54,5]],[[252,981],[54,62]],[[306,1043],[105,-38]],[[200,107],[-41,33]],[[159,140],[110,103]],[[360,343],[157,-94]],[[837,709],[27,-45],[25,-17],[15,-54]],[[581,890],[-56,58]],[[404,864],[64,-35]],[[468,829],[-71,-187]],[[397,642],[-57,125],[-37,51]],[[303,818],[58,72]],[[358,1118],[-32,-35]],[[326,1083],[-20,-40]],[[187,979],[27,46],[65,133],[1,23]],[[280,1181],[14,0],[64,-63]],[[502,1079],[-81,-36],[-10,-38]],[[326,1083],[43,2],[35,37]],[[404,1122],[61,27]],[[358,1118],[46,4]],[[239,577],[-12,201]],[[227,778],[76,40]],[[73,542],[10,62],[-18,83],[33,95]],[[98,782],[129,-4]],[[159,140],[-67,51],[-70,148]],[[508,946],[-28,-10],[-12,-107]],[[98,782],[18,85]],[[135,992],[2,72],[34,8],[58,70],[27,53],[24,-14]],[[557,791],[-89,38]]],"transform":{"scale":[0.00013984440193961578,0.00012639218242673444],"translate":[123.60419515100011,12.198647831000073]},"objects":{"bgysubmuns-municity-ph0504113":{"type":"GeometryCollection","geometries":[{"arcs":[[0,1,2,3,4,5]],"type":"Polygon","properties":{"ADM4_EN":"Baang","ADM4_PCODE":"PH0504113001","ADM4_REF":null,"ADM3_EN":"Mobo","ADM3_PCODE":"PH0504113","ADM2_EN":"Masbate","ADM2_PCODE":"PH05041","ADM1_EN":"Region V (Bicol Region)","ADM1_PCODE":"PH05","ADM0_EN":"Philippines (the)","ADM0_PCODE":"PH","date":"2022/11/09","validOn":"2023/11/06","validTo":null,"Shape_Leng":0.098889886837,"Shape_Area":0.000441648409285,"AREA_SQKM":5.31528427049},"id":"PH0504113001"},{"arcs":[[6,7,8,9,10]],"type":"Polygon","properties":{"ADM4_EN":"Bagacay","ADM4_PCODE":"PH0504113002","ADM4_REF":null,"ADM3_EN":"Mobo","ADM3_PCODE":"PH0504113","ADM2_EN":"Masbate","ADM2_PCODE":"PH05041","ADM1_EN":"Region V (Bicol Region)","ADM1_PCODE":"PH05","ADM0_EN":"Philippines (the)","ADM0_PCODE":"PH","date":"2022/11/09","validOn":"2023/11/06","validTo":null,"Shape_Leng":0.109681224942,"Shape_Area":0.000388345852819,"AREA_SQKM":4.67343729979},"id":"PH0504113002"},{"arcs":[[11,12,13,14]],"type":"Polygon","properties":{"ADM4_EN":"Balatucan","ADM4_PCODE":"PH0504113003","ADM4_REF":null,"ADM3_EN":"Mobo","ADM3_PCODE":"PH0504113","ADM2_EN":"Masbate","ADM2_PCODE":"PH05041","ADM1_EN":"Region V (Bicol Region)","ADM1_PCODE":"PH05","ADM0_EN":"Philippines (the)","ADM0_PCODE":"PH","date":"2022/11/09","validOn":"2023/11/06","validTo":null,"Shape_Leng":0.177937273976,"Shape_Area":0.00134106898259,"AREA_SQKM":16.1411615352},"id":"PH0504113003"},{"arcs":[[15,16,-12]],"type":"Polygon","properties":{"ADM4_EN":"Barag","ADM4_PCODE":"PH0504113004","ADM4_REF":null,"ADM3_EN":"Mobo","ADM3_PCODE":"PH0504113","ADM2_EN":"Masbate","ADM2_PCODE":"PH05041","ADM1_EN":"Region V (Bicol Region)","ADM1_PCODE":"PH05","ADM0_EN":"Philippines (the)","ADM0_PCODE":"PH","date":"2022/11/09","validOn":"2023/11/06","validTo":null,"Shape_Leng":0.131356087503,"Shape_Area":0.000956117841361,"AREA_SQKM":11.5094423065},"id":"PH0504113004"},{"arcs":[[-11,17,18,19,20]],"type":"Polygon","properties":{"ADM4_EN":"Dacu","ADM4_PCODE":"PH0504113005","ADM4_REF":null,"ADM3_EN":"Mobo","ADM3_PCODE":"PH0504113","ADM2_EN":"Masbate","ADM2_PCODE":"PH05041","ADM1_EN":"Region V (Bicol Region)","ADM1_PCODE":"PH05","ADM0_EN":"Philippines (the)","ADM0_PCODE":"PH","date":"2022/11/09","validOn":"2023/11/06","validTo":null,"Shape_Leng":0.0676954907467,"Shape_Area":0.00018897484844,"AREA_SQKM":2.2739538976},"id":"PH0504113005"},{"arcs":[[21,22,23,24]],"type":"Polygon","properties":{"ADM4_EN":"Fabrica","ADM4_PCODE":"PH0504113006","ADM4_REF":null,"ADM3_EN":"Mobo","ADM3_PCODE":"PH0504113","ADM2_EN":"Masbate","ADM2_PCODE":"PH05041","ADM1_EN":"Region V (Bicol Region)","ADM1_PCODE":"PH05","ADM0_EN":"Philippines (the)","ADM0_PCODE":"PH","date":"2022/11/09","validOn":"2023/11/06","validTo":null,"Shape_Leng":0.0768338437719,"Shape_Area":0.000197304810661,"AREA_SQKM":2.37399697354},"id":"PH0504113006"},{"arcs":[[25,26,27,28]],"type":"Polygon","properties":{"ADM4_EN":"Guintorelan","ADM4_PCODE":"PH0504113007","ADM4_REF":null,"ADM3_EN":"Mobo","ADM3_PCODE":"PH0504113","ADM2_EN":"Masbate","ADM2_PCODE":"PH05041","ADM1_EN":"Region V (Bicol Region)","ADM1_PCODE":"PH05","ADM0_EN":"Philippines (the)","ADM0_PCODE":"PH","date":"2022/11/09","validOn":"2023/11/06","validTo":null,"Shape_Leng":0.0800289963237,"Shape_Area":0.000298550826142,"AREA_SQKM":3.59335864948},"id":"PH0504113007"},{"arcs":[[29,30,31,32,33]],"type":"Polygon","properties":{"ADM4_EN":"Holjogon","ADM4_PCODE":"PH0504113008","ADM4_REF":null,"ADM3_EN":"Mobo","ADM3_PCODE":"PH0504113","ADM2_EN":"Masbate","ADM2_PCODE":"PH05041","ADM1_EN":"Region V (Bicol Region)","ADM1_PCODE":"PH05","ADM0_EN":"Philippines (the)","ADM0_PCODE":"PH","date":"2022/11/09","validOn":"2023/11/06","validTo":null,"Shape_Leng":0.0628186100195,"Shape_Area":0.000219720793898,"AREA_SQKM":2.64393129345},"id":"PH0504113008"},{"arcs":[[-18,-10,34,35,36]],"type":"Polygon","properties":{"ADM4_EN":"Lalaguna","ADM4_PCODE":"PH0504113009","ADM4_REF":null,"ADM3_EN":"Mobo","ADM3_PCODE":"PH0504113","ADM2_EN":"Masbate","ADM2_PCODE":"PH05041","ADM1_EN":"Region V (Bicol Region)","ADM1_PCODE":"PH05","ADM0_EN":"Philippines (the)","ADM0_PCODE":"PH","date":"2022/11/09","validOn":"2023/11/06","validTo":null,"Shape_Leng":0.0907943299405,"Shape_Area":0.000320141267737,"AREA_SQKM":3.85248550036},"id":"PH0504113009"},{"arcs":[[-4,37,-26,38,39]],"type":"Polygon","properties":{"ADM4_EN":"Lomocloc","ADM4_PCODE":"PH0504113010","ADM4_REF":null,"ADM3_EN":"Mobo","ADM3_PCODE":"PH0504113","ADM2_EN":"Masbate","ADM2_PCODE":"PH05041","ADM1_EN":"Region V (Bicol Region)","ADM1_PCODE":"PH05","ADM0_EN":"Philippines (the)","ADM0_PCODE":"PH","date":"2022/11/09","validOn":"2023/11/06","validTo":null,"Shape_Leng":0.128281140293,"Shape_Area":0.000774512906232,"AREA_SQKM":9.32173330776},"id":"PH0504113010"},{"arcs":[[-20,40,41,42,-22,43]],"type":"Polygon","properties":{"ADM4_EN":"Luyong Catungan","ADM4_PCODE":"PH0504113011","ADM4_REF":null,"ADM3_EN":"Mobo","ADM3_PCODE":"PH0504113","ADM2_EN":"Masbate","ADM2_PCODE":"PH05041","ADM1_EN":"Region V (Bicol Region)","ADM1_PCODE":"PH05","ADM0_EN":"Philippines (the)","ADM0_PCODE":"PH","date":"2022/11/09","validOn":"2023/11/06","validTo":null,"Shape_Leng":0.0664546042305,"Shape_Area":0.000179212117789,"AREA_SQKM":2.1563929796},"id":"PH0504113011"},{"arcs":[[44,45,46,-38,-3]],"type":"Polygon","properties":{"ADM4_EN":"Mabuhay","ADM4_PCODE":"PH0504113012","ADM4_REF":null,"ADM3_EN":"Mobo","ADM3_PCODE":"PH0504113","ADM2_EN":"Masbate","ADM2_PCODE":"PH05041","ADM1_EN":"Region V (Bicol Region)","ADM1_PCODE":"PH05",