{"type":"Topology","arcs":[[[626,767],[-87,-144]],[[539,623],[-63,22],[-83,70]],[[393,715],[30,24]],[[423,739],[44,37],[159,-9]],[[655,480],[38,-63]],[[693,417],[-6,-35]],[[687,382],[-29,-43]],[[658,339],[-54,86],[-34,10]],[[570,435],[17,58],[68,-13]],[[177,651],[-18,-232]],[[159,419],[-79,5],[-41,-46],[-39,5],[16,312]],[[16,695],[161,-44]],[[706,763],[-10,-78]],[[696,685],[-94,-67]],[[602,618],[-63,5]],[[626,767],[13,20]],[[639,787],[67,-24]],[[367,409],[44,-62]],[[411,347],[-32,-26]],[[379,321],[-9,3]],[[370,324],[-16,5]],[[354,329],[-43,-19]],[[311,310],[-52,64]],[[259,374],[79,40]],[[338,414],[29,-5]],[[539,623],[11,-100],[-68,-67]],[[482,456],[-53,21],[-32,58]],[[397,535],[-40,152]],[[357,687],[36,28]],[[672,93],[-46,-47],[-21,-46],[-78,62]],[[527,62],[48,125]],[[575,187],[61,-46],[36,-48]],[[1026,559],[-120,-132]],[[906,427],[-45,11],[-109,-2]],[[752,436],[14,75]],[[766,511],[140,73]],[[906,584],[31,6],[89,-31]],[[482,456],[34,-22]],[[516,434],[-19,-27],[-9,-76]],[[488,331],[-19,3]],[[469,334],[-58,13]],[[367,409],[43,47],[-31,60],[18,19]],[[608,840],[31,-53]],[[423,739],[-37,96]],[[386,835],[124,57],[98,-52]],[[357,687],[-178,168]],[[179,855],[187,39]],[[366,894],[20,-59]],[[692,239],[68,-95],[-88,-51]],[[575,187],[16,55]],[[591,242],[31,-17],[70,14]],[[752,436],[-59,-19]],[[655,480],[16,69]],[[671,549],[95,-38]],[[757,653],[9,-142]],[[671,549],[-69,69]],[[696,685],[61,-32]],[[488,331],[34,-53],[69,-36]],[[527,62],[-52,61],[-22,76],[-28,44]],[[425,243],[44,91]],[[798,333],[-50,-69],[-56,-25]],[[692,239],[-34,100]],[[687,382],[111,-49]],[[281,639],[57,-225]],[[259,374],[-58,9],[-42,36]],[[177,651],[104,-12]],[[906,584],[-61,70]],[[845,654],[-14,81]],[[831,735],[15,-17],[73,24],[86,-82],[25,-53],[-4,-48]],[[570,435],[-54,-1]],[[608,946],[0,-106]],[[366,894],[122,37],[29,27],[52,7],[39,-19]],[[357,687],[-76,-48]],[[16,695],[-9,11],[12,120],[45,45],[115,-16]],[[425,243],[-39,48]],[[386,291],[25,56]],[[386,291],[-16,8]],[[370,299],[9,22]],[[370,299],[-12,3]],[[358,302],[12,22]],[[358,302],[-9,4]],[[349,306],[5,23]],[[349,306],[-38,4]],[[906,427],[-77,-89],[-31,-5]],[[817,760],[14,-25]],[[845,654],[-88,-1]],[[706,763],[36,-14],[24,29],[51,-18]],[[608,840],[70,-40],[64,80]],[[742,880],[41,-45],[34,-75]],[[608,946],[22,19],[65,-25],[47,-60]]],"transform":{"scale":[0.0001545476475728905,0.00013178816476682026],"translate":[123.38837584500004,12.988674318000049]},"objects":{"bgysubmuns-municity-ph0500513":{"type":"GeometryCollection","geometries":[{"arcs":[[0,1,2,3]],"type":"Polygon","properties":{"ADM4_EN":"Agol","ADM4_PCODE":"PH0500513001","ADM4_REF":null,"ADM3_EN":"Pio Duran","ADM3_PCODE":"PH0500513","ADM2_EN":"Albay","ADM2_PCODE":"PH05005","ADM1_EN":"Region V (Bicol Region)","ADM1_PCODE":"PH05","ADM0_EN":"Philippines (the)","ADM0_PCODE":"PH","date":"2022/11/09","validOn":"2023/11/06","validTo":null,"Shape_Leng":0.0879252000641,"Shape_Area":0.000432211919602,"AREA_SQKM":5.1856027605},"id":"PH0500513001"},{"arcs":[[4,5,6,7,8]],"type":"Polygon","properties":{"ADM4_EN":"Alabangpuro","ADM4_PCODE":"PH0500513002","ADM4_REF":null,"ADM3_EN":"Pio Duran","ADM3_PCODE":"PH0500513","ADM2_EN":"Albay","ADM2_PCODE":"PH05005","ADM1_EN":"Region V (Bicol Region)","ADM1_PCODE":"PH05","ADM0_EN":"Philippines (the)","ADM0_PCODE":"PH","date":"2022/11/09","validOn":"2023/11/06","validTo":null,"Shape_Leng":0.0602925203533,"Shape_Area":0.000201354991641,"AREA_SQKM":2.41617804836},"id":"PH0500513002"},{"arcs":[[9,10,11]],"type":"Polygon","properties":{"ADM4_EN":"Basicao Coastal","ADM4_PCODE":"PH0500513003","ADM4_REF":null,"ADM3_EN":"Pio Duran","ADM3_PCODE":"PH0500513","ADM2_EN":"Albay","ADM2_PCODE":"PH05005","ADM1_EN":"Region V (Bicol Region)","ADM1_PCODE":"PH05","ADM0_EN":"Philippines (the)","ADM0_PCODE":"PH","date":"2022/11/09","validOn":"2023/11/06","validTo":null,"Shape_Leng":0.136047038301,"Shape_Area":0.000878831521527,"AREA_SQKM":10.5450195465},"id":"PH0500513003"},{"arcs":[[12,13,14,-1,15,16]],"type":"Polygon","properties":{"ADM4_EN":"Basicao Interior","ADM4_PCODE":"PH0500513004","ADM4_REF":null,"ADM3_EN":"Pio Duran","ADM3_PCODE":"PH0500513","ADM2_EN":"Albay","ADM2_PCODE":"PH05005","ADM1_EN":"Region V (Bicol Region)","ADM1_PCODE":"PH05","ADM0_EN":"Philippines (the)","ADM0_PCODE":"PH","date":"2022/11/09","validOn":"2023/11/06","validTo":null,"Shape_Leng":0.0760087942248,"Shape_Area":0.000295376107376,"AREA_SQKM":3.54389684017},"id":"PH0500513004"},{"arcs":[[17,18,19,20,21,22,23,24]],"type":"Polygon","properties":{"ADM4_EN":"Banawan (Binawan)","ADM4_PCODE":"PH0500513005","ADM4_REF":null,"ADM3_EN":"Pio Duran","ADM3_PCODE":"PH0500513","ADM2_EN":"Albay","ADM2_PCODE":"PH05005","ADM1_EN":"Region V (Bicol Region)","ADM1_PCODE":"PH05","ADM0_EN":"Philippines (the)","ADM0_PCODE":"PH","date":"2022/11/09","validOn":"2023/11/06","validTo":null,"Shape_Leng":0.0614868483525,"Shape_Area":0.00018578259408,"AREA_SQKM":2.22938860741},"id":"PH0500513005"},{"arcs":[[25,26,27,28,-2]],"type":"Polygon","properties":{"ADM4_EN":"Binodegahan","ADM4_PCODE":"PH0500513006","ADM4_REF":null,"ADM3_EN":"Pio Duran","ADM3_PCODE":"PH0500513","ADM2_EN":"Albay","ADM2_PCODE":"PH05005","ADM1_EN":"Region V (Bicol Region)","ADM1_PCODE":"PH05","ADM0_EN":"Philippines (the)","ADM0_PCODE":"PH","date":"2022/11/09","validOn":"2023/11/06","validTo":null,"Shape_Leng":0.0983731525796,"Shape_Area":0.000596036239456,"AREA_SQKM":7.15162622395},"id":"PH0500513006"},{"arcs":[[29,30,31]],"type":"Polygon","properties":{"ADM4_EN":"Buenavista","ADM4_PCODE":"PH0500513007","ADM4_REF":null,"ADM3_EN":"Pio Duran","ADM3_PCODE":"PH0500513","ADM2_EN":"Albay","ADM2_PCODE":"PH05005","ADM1_EN":"Region V (Bicol Region)","ADM1_PCODE":"PH05","ADM0_EN":"Philippines (the)","ADM0_PCODE":"PH","date":"2022/11/09","validOn":"2023/11/06","validTo":null,"Shape_Leng":0.0733457475693,"Shape_Area":0.000286117827875,"AREA_SQKM":3.43390044373},"id":"PH0500513007"},{"arcs":[[32,33,34,35,36]],"type":"Polygon","properties":{"ADM4_EN":"Buyo","ADM4_PCODE":"PH0500513008","ADM4_REF":null,"ADM3_EN":"Pio Duran","ADM3_PCODE":"PH0500513","ADM2_EN":"Albay","ADM2_PCODE":"PH05005","ADM1_EN":"Region V (Bicol Region)","ADM1_PCODE":"PH05","ADM0_EN":"Philippines (the)","ADM0_PCODE":"PH","date":"2022/11/09","validOn":"2023/11/06","validTo":null,"Shape_Leng":0.106695093008,"Shape_Area":0.000535780500317,"AREA_SQKM":6.42888524118},"id":"PH0500513008"},{"arcs":[[37,38,39,40,-18,41,-27]],"type":"Polygon","properties":{"ADM4_EN":"Caratagan","ADM4_PCODE":"PH0500513009","ADM4_REF":null,"ADM3_EN":"Pio Duran","ADM3_PCODE":"PH0500513","ADM2_EN":"Albay","ADM2_PCODE":"PH05005","ADM1_EN":"Region V (Bicol Region)","ADM1_PCODE":"PH05","ADM0_EN":"Philippines (the)","ADM0_PCODE":"PH","date":"2022/11/09","validOn":"2023/11/06","validTo":null,"Shape_Leng":0.084828483307,"Shape_Area":0.00028890207334,"AREA_SQKM":3.46672643192},"id":"PH0500513009"},{"arcs":[[42,-16,-4,43,44]],"type":"Polygon","properties":{"ADM4_EN":"Cuyaoyao","ADM4_PCODE":"PH0500513010","ADM4_REF":null,"ADM3_EN":"Pio Duran","ADM3_PCODE":"PH0500513","ADM2_EN":"Albay","ADM2_PCODE":"PH05005","ADM1_EN":"Region V (Bicol Region)","ADM1_PCODE":"PH05","ADM0_EN":"Philippines (the)","ADM0_PCODE":"PH","date":"2022/11/09","validOn":"2023/11/06","validTo":null,"Shape_Leng":0.0963973453422,"Shape_Area":0.000442152976269,"AREA_SQKM":5.30458234917},"id":"PH0500513010"},{"arcs":[[-44,-3,-29,45,46,47]],"type":"Polygon","properties":{"ADM4_EN":"Flores","ADM4_PCODE":"PH0500513011","ADM4_REF":null,"ADM3_EN":"Pio Duran","ADM3_PCODE":"PH0500513","ADM2_EN":"Albay","ADM2_PCODE":"PH05005","ADM1_EN":"Region V (Bicol Region)","ADM1_PCODE":"PH05","ADM0_EN":"Philippines (the)","ADM0_PCODE":"PH","date":"2022/11/09","validOn":"2023/11/06","validTo":null,"Shape_Leng":0.109790931496,"Shape_Area":0.000515909075631,"AREA_SQKM":6.18949731957},"id":"PH0500513011"},{"arcs":[[48,-32,49,50]],"type":"Polygon","properties":{"ADM4_EN":"Lawinon","ADM4_PCODE":"PH0500513012","ADM4_REF":null,"ADM3_EN":"Pio Duran","ADM3_PCODE":"PH0500513","ADM2_EN":"Albay",