{"type":"Topology","arcs":[[[543,1002],[144,7],[38,27]],[[725,1036],[41,13],[65,-103]],[[831,946],[-10,-6]],[[821,940],[-13,-7]],[[808,933],[-10,-6]],[[798,927],[-84,-2],[-43,-29],[-27,-98]],[[644,798],[-94,-7],[-47,-21]],[[503,770],[-11,50],[-59,31]],[[433,851],[20,26],[-46,61]],[[407,938],[20,60],[-4,69]],[[423,1067],[56,-50],[64,-15]],[[175,1047],[-76,-49]],[[99,998],[-99,37],[26,50],[76,33]],[[102,1118],[73,-71]],[[610,1116],[-31,-6],[-1,-76],[-35,-32]],[[423,1067],[-46,9]],[[377,1076],[-29,24]],[[348,1100],[31,74]],[[379,1174],[28,-3],[62,69],[86,32],[80,-56],[-25,-100]],[[262,858],[16,-18]],[[278,840],[64,-49]],[[342,791],[-107,-50]],[[235,741],[-23,95]],[[212,836],[50,22]],[[858,459],[-2,-77],[20,-94],[30,-20],[-2,-67]],[[904,201],[-147,28]],[[757,229],[-19,122],[-36,60]],[[702,411],[75,54]],[[777,465],[81,-6]],[[610,1116],[115,-80]],[[709,591],[10,-51],[-54,-105]],[[665,435],[1,-21],[-96,-170]],[[570,244],[-55,21],[-68,73],[-76,32]],[[371,370],[68,66],[97,56],[42,0],[61,52],[17,87]],[[656,631],[0,3]],[[656,634],[27,16]],[[683,650],[34,4]],[[717,654],[-8,-63]],[[656,634],[-50,56],[-58,4],[-49,37]],[[499,731],[4,39]],[[644,798],[17,-107],[22,-41]],[[794,897],[-10,-58]],[[784,839],[11,-46]],[[795,793],[-1,-41],[-62,-29],[36,-41]],[[768,682],[-51,-28]],[[798,927],[-4,-30]],[[230,1102],[-11,-28]],[[219,1074],[-44,-27]],[[102,1118],[64,-18],[62,25]],[[228,1125],[2,-23]],[[702,411],[-37,24]],[[709,591],[31,-41],[5,-65],[32,-20]],[[891,640],[-41,-82],[8,-99]],[[768,682],[-16,-37],[102,-34],[37,29]],[[371,370],[-58,52],[-27,57],[-55,7]],[[231,486],[26,30],[152,113]],[[409,629],[98,-37],[51,-54],[69,44],[29,49]],[[891,640],[49,-9],[-38,-91],[97,-218],[114,-44],[177,-195],[-84,-83],[-181,155],[-121,46]],[[290,954],[-28,-96]],[[212,836],[-74,106]],[[138,942],[118,72]],[[256,1014],[24,4]],[[280,1018],[10,-64]],[[433,851],[-88,22],[-67,-33]],[[290,954],[76,10],[41,-26]],[[784,839],[11,-46]],[[808,933],[-14,-36]],[[831,946],[-10,-6]],[[377,1076],[-81,-43]],[[296,1033],[0,20]],[[296,1053],[52,47]],[[296,1033],[-16,-15]],[[256,1014],[-37,60]],[[230,1102],[66,-49]],[[470,722],[-61,-93]],[[231,486],[4,255]],[[342,791],[128,-69]],[[470,722],[29,9]],[[138,942],[-39,56]],[[228,1125],[151,49]],[[757,229],[-89,-26],[-49,-46],[-49,87]]],"transform":{"scale":[0.0001194786550387502,0.00011585607389938116],"translate":[122.79675145400006,11.360430154000028]},"objects":{"bgysubmuns-municity-ph0601912":{"type":"GeometryCollection","geometries":[{"arcs":[[0,1,2,3,4,5,6,7,8,9,10]],"type":"Polygon","properties":{"ADM4_EN":"Agbanog","ADM4_PCODE":"PH0601912001","ADM4_REF":null,"ADM3_EN":"Pontevedra","ADM3_PCODE":"PH0601912","ADM2_EN":"Capiz","ADM2_PCODE":"PH06019","ADM1_EN":"Region VI (Western Visayas)","ADM1_PCODE":"PH06","ADM0_EN":"Philippines (the)","ADM0_PCODE":"PH","date":"2022/11/09","validOn":"2023/11/06","validTo":null,"Shape_Leng":0.178882551152,"Shape_Area":0.00091362309675,"AREA_SQKM":11.027189664},"id":"PH0601912001"},{"arcs":[[11,12,13]],"type":"Polygon","properties":{"ADM4_EN":"Agdalipe","ADM4_PCODE":"PH0601912002","ADM4_REF":null,"ADM3_EN":"Pontevedra","ADM3_PCODE":"PH0601912","ADM2_EN":"Capiz","ADM2_PCODE":"PH06019","ADM1_EN":"Region VI (Western Visayas)","ADM1_PCODE":"PH06","ADM0_EN":"Philippines (the)","ADM0_PCODE":"PH","date":"2022/11/09","validOn":"2023/11/06","validTo":null,"Shape_Leng":0.054369167499,"Shape_Area":0.000157452384712,"AREA_SQKM":1.90030992119},"id":"PH0601912002"},{"arcs":[[14,-11,15,16,17,18]],"type":"Polygon","properties":{"ADM4_EN":"Ameligan","ADM4_PCODE":"PH0601912003","ADM4_REF":null,"ADM3_EN":"Pontevedra","ADM3_PCODE":"PH0601912","ADM2_EN":"Capiz","ADM2_PCODE":"PH06019","ADM1_EN":"Region VI (Western Visayas)","ADM1_PCODE":"PH06","ADM0_EN":"Philippines (the)","ADM0_PCODE":"PH","date":"2022/11/09","validOn":"2023/11/06","validTo":null,"Shape_Leng":0.147149015377,"Shape_Area":0.000616286895919,"AREA_SQKM":7.43778210587},"id":"PH0601912003"},{"arcs":[[19,20,21,22,23]],"type":"Polygon","properties":{"ADM4_EN":"Bailan","ADM4_PCODE":"PH0601912004","ADM4_REF":null,"ADM3_EN":"Pontevedra","ADM3_PCODE":"PH0601912","ADM2_EN":"Capiz","ADM2_PCODE":"PH06019","ADM1_EN":"Region VI (Western Visayas)","ADM1_PCODE":"PH06","ADM0_EN":"Philippines (the)","ADM0_PCODE":"PH","date":"2022/11/09","validOn":"2023/11/06","validTo":null,"Shape_Leng":0.0483448900071,"Shape_Area":0.000125495404442,"AREA_SQKM":1.51476943502},"id":"PH0601912004"},{"arcs":[[24,25,26,27,28]],"type":"Polygon","properties":{"ADM4_EN":"Banate","ADM4_PCODE":"PH0601912005","ADM4_REF":null,"ADM3_EN":"Pontevedra","ADM3_PCODE":"PH0601912","ADM2_EN":"Capiz","ADM2_PCODE":"PH06019","ADM1_EN":"Region VI (Western Visayas)","ADM1_PCODE":"PH06","ADM0_EN":"Philippines (the)","ADM0_PCODE":"PH","date":"2022/11/09","validOn":"2023/11/06","validTo":null,"Shape_Leng":0.0957159848181,"Shape_Area":0.000462076881766,"AREA_SQKM":5.57845417154},"id":"PH0601912005"},{"arcs":[[-1,-15,29]],"type":"Polygon","properties":{"ADM4_EN":"Bantigue","ADM4_PCODE":"PH0601912006","ADM4_REF":null,"ADM3_EN":"Pontevedra","ADM3_PCODE":"PH0601912","ADM2_EN":"Capiz","ADM2_PCODE":"PH06019","ADM1_EN":"Region VI (Western Visayas)","ADM1_PCODE":"PH06","ADM0_EN":"Philippines (the)","ADM0_PCODE":"PH","date":"2022/11/09","validOn":"2023/11/06","validTo":null,"Shape_Leng":0.0720189499789,"Shape_Area":0.000180999208455,"AREA_SQKM":2.18450443849},"id":"PH0601912006"},{"arcs":[[30,31,32,33,34,35,36,37]],"type":"Polygon","properties":{"ADM4_EN":"Binuntucan","ADM4_PCODE":"PH0601912007","ADM4_REF":null,"ADM3_EN":"Pontevedra","ADM3_PCODE":"PH0601912","ADM2_EN":"Capiz","ADM2_PCODE":"PH06019","ADM1_EN":"Region VI (Western Visayas)","ADM1_PCODE":"PH06","ADM0_EN":"Philippines (the)","ADM0_PCODE":"PH","date":"2022/11/09","validOn":"2023/11/06","validTo":null,"Shape_Leng":0.148208453051,"Shape_Area":0.000765282318224,"AREA_SQKM":9.23860870884},"id":"PH0601912007"},{"arcs":[[-36,38,39,-7,40]],"type":"Polygon","properties":{"ADM4_EN":"Cabugao","ADM4_PCODE":"PH0601912008","ADM4_REF":null,"ADM3_EN":"Pontevedra","ADM3_PCODE":"PH0601912","ADM2_EN":"Capiz","ADM2_PCODE":"PH06019","ADM1_EN":"Region VI (Western Visayas)","ADM1_PCODE":"PH06","ADM0_EN":"Philippines (the)","ADM0_PCODE":"PH","date":"2022/11/09","validOn":"2023/11/06","validTo":null,"Shape_Leng":0.0711428113375,"Shape_Area":0.000223528228579,"AREA_SQKM":2.69813794114},"id":"PH0601912008"},{"arcs":[[41,42,43,44,-37,-41,-6,45]],"type":"Polygon","properties":{"ADM4_EN":"Gabuc (Caugiat)","ADM4_PCODE":"PH0601912009","ADM4_REF":null,"ADM3_EN":"Pontevedra","ADM3_PCODE":"PH0601912","ADM2_EN":"Capiz","ADM2_PCODE":"PH06019","ADM1_EN":"Region VI (Western Visayas)","ADM1_PCODE":"PH06","ADM0_EN":"Philippines (the)","ADM0_PCODE":"PH","date":"2022/11/09","validOn":"2023/11/06","validTo":null,"Shape_Leng":0.145047014785,"Shape_Area":0.000385834221004,"AREA_SQKM":4.6571618333},"id":"PH0601912009"},{"arcs":[[46,47,-14,48,49]],"type":"Polygon","properties":{"ADM4_EN":"Guba","ADM4_PCODE":"PH0601912011","ADM4_REF":null,"ADM3_EN":"Pontevedra","ADM3_PCODE":"PH0601912","ADM2_EN":"Capiz","ADM2_PCODE":"PH06019","ADM1_EN":"Region VI (Western Visayas)","ADM1_PCODE":"PH06","ADM0_EN":"Philippines (the)","ADM0_PCODE":"PH","date":"2022/11/09","validOn":"2023/11/06","validTo":null,"Shape_Leng":0.0428512250814,"Shape_Area":0.0000711666292646,"AREA_SQKM":0.858906006394},"id":"PH0601912011"},{"arcs":[[-28,50,-31,51]],"type":"Polygon","properties":{"ADM4_EN":"Hipona","ADM4_PCODE":"PH0601912012","ADM4_REF":null,"ADM3_EN":"Pontevedra","ADM3_PCODE":"PH0601912","ADM2_EN":"Capiz","ADM2_PCODE":"PH06019","ADM1_EN":"Region VI (Western Visayas)","ADM1_PCODE":"PH06","ADM0_EN":"Philippines (the)","ADM0_PCODE":"PH","date":"2022/11/09","validOn":"2023/11/06","validTo":null,"Shape_Leng":0.0576128131161,"Shape_Area":0.000116422431876,"AREA_SQKM":1.40543649792},"id":"PH0601912012"},{"arcs":[[52,-29,-52,-38,-45,53]],"type":"Polygon","properties":{"ADM4_EN":"Intungcan","ADM4_PCODE":"PH0601912013","ADM4_REF":null,"ADM3_EN":"Pontevedra",