{"type":"Topology","arcs":[[[666,832],[90,-30]],[[756,802],[40,-72]],[[796,730],[-144,-42]],[[652,688],[-9,36],[-63,50]],[[580,774],[-3,41]],[[577,815],[89,17]],[[565,980],[49,-9]],[[614,971],[46,-38]],[[660,933],[6,-3]],[[666,930],[-92,-47]],[[574,883],[-51,-17]],[[523,866],[-57,118]],[[466,984],[99,-4]],[[570,1331],[-59,-60]],[[511,1271],[-158,-56]],[[353,1215],[-13,44],[38,44],[107,65],[66,12],[19,-49]],[[763,1024],[3,-73],[43,-50]],[[809,901],[-50,-21]],[[759,880],[-57,9]],[[702,889],[-36,41]],[[660,933],[48,79]],[[708,1012],[55,12]],[[224,735],[37,-2]],[[261,733],[27,-34]],[[288,699],[25,-59],[39,-7]],[[352,633],[-120,-93]],[[232,540],[-31,94],[-117,91]],[[84,725],[140,10]],[[173,922],[-7,-52],[63,-90],[-5,-45]],[[84,725],[-71,5],[-13,191],[98,71]],[[98,992],[34,-9],[41,-61]],[[614,971],[33,29]],[[647,1000],[61,12]],[[717,1064],[-69,0]],[[648,1064],[-58,51]],[[590,1115],[36,19]],[[626,1134],[91,-70]],[[702,889],[-36,-57]],[[577,815],[-3,68]],[[648,1064],[-1,-64]],[[565,980],[31,89],[-20,48]],[[576,1117],[14,-2]],[[319,906],[-20,-60]],[[299,846],[-43,-76],[5,-37]],[[173,922],[121,16],[25,-32]],[[652,688],[34,-66]],[[686,622],[-78,-28],[-20,-56],[-77,-19]],[[511,519],[-28,156]],[[483,675],[12,43]],[[495,718],[85,56]],[[639,1263],[-13,-129]],[[576,1117],[-43,12]],[[533,1129],[28,51],[-30,64]],[[531,1244],[108,19]],[[719,518],[-4,-64],[-47,-39]],[[668,415],[-81,-5],[-24,32],[-109,20]],[[454,462],[57,57]],[[686,622],[33,-104]],[[872,785],[35,-103],[-85,-90]],[[822,592],[-57,20],[43,89]],[[808,701],[64,84]],[[668,415],[8,-42],[-27,-90],[-6,-79],[17,-161],[-207,-43],[-66,21],[-56,112],[-16,213]],[[315,346],[22,15],[30,115],[87,-14]],[[444,823],[-94,-53],[-62,-71]],[[299,846],[145,-23]],[[808,701],[-12,29]],[[756,802],[82,15]],[[838,817],[34,-32]],[[315,346],[6,61],[-89,133]],[[352,633],[51,3],[35,39],[45,0]],[[809,901],[20,-28]],[[829,873],[-70,7]],[[533,1129],[-55,-9],[-60,-56],[-68,-24]],[[350,1040],[-29,123]],[[321,1163],[32,52]],[[511,1271],[20,-27]],[[350,1040],[59,-25],[4,-33]],[[413,982],[-94,-76]],[[98,992],[29,9],[102,95],[32,-9],[55,42],[5,34]],[[717,1064],[46,-40]],[[523,866],[-32,-26],[-20,-78]],[[471,762],[-27,61]],[[413,982],[53,2]],[[495,718],[-24,44]],[[822,592],[9,-54],[-112,-20]],[[829,873],[9,-56]],[[570,1331],[69,-68]]],"transform":{"scale":[0.000257351694597507,0.00029172636086954846],"translate":[125.42201113900012,6.111090992000072]},"objects":{"bgysubmuns-municity-ph1108603":{"type":"GeometryCollection","geometries":[{"arcs":[[0,1,2,3,4,5]],"type":"Polygon","properties":{"ADM4_EN":"Bito","ADM4_PCODE":"PH1108603001","ADM4_REF":null,"ADM3_EN":"Malita","ADM3_PCODE":"PH1108603","ADM2_EN":"Davao Occidental","ADM2_PCODE":"PH11086","ADM1_EN":"Region XI (Davao Region)","ADM1_PCODE":"PH11","ADM0_EN":"Philippines (the)","ADM0_PCODE":"PH","date":"2022/11/09","validOn":"2023/11/06","validTo":null,"Shape_Leng":0.161488773404,"Shape_Area":0.0014641817098,"AREA_SQKM":17.9155974021},"id":"PH1108603001"},{"arcs":[[6,7,8,9,10,11,12]],"type":"Polygon","properties":{"ADM4_EN":"Bolila","ADM4_PCODE":"PH1108603002","ADM4_REF":null,"ADM3_EN":"Malita","ADM3_PCODE":"PH1108603","ADM2_EN":"Davao Occidental","ADM2_PCODE":"PH11086","ADM1_EN":"Region XI (Davao Region)","ADM1_PCODE":"PH11","ADM0_EN":"Philippines (the)","ADM0_PCODE":"PH","date":"2022/11/09","validOn":"2023/11/06","validTo":null,"Shape_Leng":0.148321600379,"Shape_Area":0.0010821662046,"AREA_SQKM":13.2400717363},"id":"PH1108603002"},{"arcs":[[13,14,15]],"type":"Polygon","properties":{"ADM4_EN":"Buhangin","ADM4_PCODE":"PH1108603003","ADM4_REF":null,"ADM3_EN":"Malita","ADM3_PCODE":"PH1108603","ADM2_EN":"Davao Occidental","ADM2_PCODE":"PH11086","ADM1_EN":"Region XI (Davao Region)","ADM1_PCODE":"PH11","ADM0_EN":"Philippines (the)","ADM0_PCODE":"PH","date":"2022/11/09","validOn":"2023/11/06","validTo":null,"Shape_Leng":0.204406234207,"Shape_Area":0.00142076145356,"AREA_SQKM":17.3792263372},"id":"PH1108603003"},{"arcs":[[16,17,18,19,-9,20,21]],"type":"Polygon","properties":{"ADM4_EN":"Culaman","ADM4_PCODE":"PH1108603004","ADM4_REF":null,"ADM3_EN":"Malita","ADM3_PCODE":"PH1108603","ADM2_EN":"Davao Occidental","ADM2_PCODE":"PH11086","ADM1_EN":"Region XI (Davao Region)","ADM1_PCODE":"PH11","ADM0_EN":"Philippines (the)","ADM0_PCODE":"PH","date":"2022/11/09","validOn":"2023/11/06","validTo":null,"Shape_Leng":0.133112788928,"Shape_Area":0.000901736147805,"AREA_SQKM":11.0324774129},"id":"PH1108603004"},{"arcs":[[22,23,24,25,26,27]],"type":"Polygon","properties":{"ADM4_EN":"Datu Danwata","ADM4_PCODE":"PH1108603005","ADM4_REF":null,"ADM3_EN":"Malita","ADM3_PCODE":"PH1108603","ADM2_EN":"Davao Occidental","ADM2_PCODE":"PH11086","ADM1_EN":"Region XI (Davao Region)","ADM1_PCODE":"PH11","ADM0_EN":"Philippines (the)","ADM0_PCODE":"PH","date":"2022/11/09","validOn":"2023/11/06","validTo":null,"Shape_Leng":0.199954947715,"Shape_Area":0.00172241244748,"AREA_SQKM":21.0765224626},"id":"PH1108603005"},{"arcs":[[28,-28,29,30]],"type":"Polygon","properties":{"ADM4_EN":"Demoloc","ADM4_PCODE":"PH1108603006","ADM4_REF":null,"ADM3_EN":"Malita","ADM3_PCODE":"PH1108603","ADM2_EN":"Davao Occidental","ADM2_PCODE":"PH11086","ADM1_EN":"Region XI (Davao Region)","ADM1_PCODE":"PH11","ADM0_EN":"Philippines (the)","ADM0_PCODE":"PH","date":"2022/11/09","validOn":"2023/11/06","validTo":null,"Shape_Leng":0.246269300915,"Shape_Area":0.00330235060134,"AREA_SQKM":40.4055567116},"id":"PH1108603006"},{"arcs":[[-21,-8,31,32]],"type":"Polygon","properties":{"ADM4_EN":"Felis","ADM4_PCODE":"PH1108603007","ADM4_REF":null,"ADM3_EN":"Malita","ADM3_PCODE":"PH1108603","ADM2_EN":"Davao Occidental","ADM2_PCODE":"PH11086","ADM1_EN":"Region XI (Davao Region)","ADM1_PCODE":"PH11","ADM0_EN":"Philippines (the)","ADM0_PCODE":"PH","date":"2022/11/09","validOn":"2023/11/06","validTo":null,"Shape_Leng":0.0815897915002,"Shape_Area":0.000364855984537,"AREA_SQKM":4.46383573504},"id":"PH1108603007"},{"arcs":[[33,34,35,36]],"type":"Polygon","properties":{"ADM4_EN":"Fishing Village (Fisherman's Village)","ADM4_PCODE":"PH1108603008","ADM4_REF":"Fishing Village (Fishermans Village)","ADM3_EN":"Malita","ADM3_PCODE":"PH1108603","ADM2_EN":"Davao Occidental","ADM2_PCODE":"PH11086","ADM1_EN":"Region XI (Davao Region)","ADM1_PCODE":"PH11","ADM0_EN":"Philippines (the)","ADM0_PCODE":"PH","date":"2022/11/09","validOn":"2023/11/06","validTo":null,"Shape_Leng":0.0998840115173,"Shape_Area":0.000326511760729,"AREA_SQKM":3.99444716138},"id":"PH1108603008"},{"arcs":[[37,-6,38,-10,-20]],"type":"Polygon","properties":{"ADM4_EN":"Kibalatong","ADM4_PCODE":"PH1108603010","ADM4_REF":null,"ADM3_EN":"Malita","ADM3_PCODE":"PH1108603","ADM2_EN":"Davao Occidental","ADM2_PCODE":"PH11086","ADM1_EN":"Region XI (Davao Region)","ADM1_PCODE":"PH11","ADM0_EN":"Philippines (the)","ADM0_PCODE":"PH","date":"2022/11/09","validOn":"2023/11/06","validTo":null,"Shape_Leng":0.111575195078,"Shape_Area":0.000653033206595,"AREA_SQKM":7.99001396275},"id":"PH1108603010"},{"arcs":[[-35,39,-32,-7,40,41]],"type":"Polygon","properties":{"ADM4_EN":"Kidalapong","ADM4_PCODE":"PH1108603011","ADM4_REF":null,"ADM3_EN":"Malita","ADM3_PCODE":"PH1108603","ADM2_EN":"Davao Occidental","ADM2_PCODE":"PH11086","ADM1_EN":"Region XI (Davao Region)","ADM1_PCODE":"PH11","ADM0_EN":"Philippines (the)","ADM0_PCODE":"PH","date":"2022/11/09","validOn":"2023/11/06","validTo":null,"Shape_Leng":0.12360632672,"Shape_Area":0.000630803673039,"AREA_SQKM":7.71729529265},"id":"PH1108603011"},{"arcs":[[42,43,-23,-29,44]],"type":"Polygon","properties":{"ADM4_EN":"Kilalag","ADM4_PCODE":"PH1108603012","ADM4_REF":null,"ADM3_EN":"Malita","ADM3_PCODE":"PH1108603","ADM2_EN":"Davao Occidental","ADM2_PCODE":"PH11086","ADM1_EN":"Region XI (Davao Region)","ADM1_PCODE":"PH11","ADM0_EN":"Philippines (the)","ADM0_PCODE":"PH","date":"2022/11/09","validOn":"2023/11/06","validTo":null,"Shape_Leng":0.174204882462,"Shape_Area":0.00139182118534,"AREA_SQKM":17.0293254649},"id":"PH1108603012"},{"arcs":[[45,46,47,48,49,-4]],"type":"Polygon","properties":{"ADM4_EN":"Kinangan",