{"type":"Topology","arcs":[[[871,290],[-12,-38]],[[859,252],[-6,4]],[[853,256],[5,36]],[[858,292],[6,29]],[[864,321],[7,-31]],[[727,446],[-17,-44]],[[710,402],[-53,-59]],[[657,343],[-117,-12],[-79,46]],[[461,377],[74,72],[73,12]],[[608,461],[73,33]],[[681,494],[46,-48]],[[917,582],[-5,-169]],[[912,413],[-33,-26]],[[879,387],[-54,116],[-144,-9]],[[608,461],[-71,91],[-55,-17]],[[482,535],[-155,18],[-17,39],[-106,-28],[-23,36]],[[181,600],[64,109],[58,-6],[155,183],[148,32],[40,69],[103,48],[52,-280],[19,-220],[97,47]],[[1153,344],[-49,-199],[-63,60]],[[1041,205],[-27,96]],[[1014,301],[42,33]],[[1056,334],[19,-1]],[[1075,333],[78,11]],[[888,327],[8,-25]],[[896,302],[-22,-17]],[[874,285],[-3,5]],[[864,321],[1,1]],[[865,322],[1,4]],[[866,326],[21,6]],[[887,332],[1,-5]],[[433,381],[28,-4]],[[657,343],[-48,-104]],[[609,239],[-209,50],[-291,-5]],[[109,284],[174,131],[150,-34]],[[802,273],[25,-35]],[[827,238],[34,-127]],[[861,111],[-46,-20]],[[815,91],[-165,120]],[[650,211],[33,61],[119,1]],[[1150,505],[-53,-12]],[[1097,493],[-63,77]],[[1034,570],[138,73],[-22,-138]],[[853,256],[-11,-1]],[[842,255],[-35,35]],[[807,290],[28,38]],[[835,328],[23,-36]],[[874,285],[11,-42]],[[885,243],[-21,-12]],[[864,231],[-5,21]],[[907,270],[-22,-27]],[[896,302],[11,-32]],[[879,387],[0,-19]],[[879,368],[-13,-42]],[[865,322],[-37,28]],[[828,350],[-16,3]],[[812,353],[-19,80],[-66,13]],[[433,381],[49,154]],[[1041,205],[-30,-33]],[[1011,172],[-14,29]],[[997,201],[-75,99]],[[922,300],[9,17]],[[931,317],[49,0]],[[980,317],[34,-16]],[[828,350],[7,-22]],[[807,290],[-5,-17]],[[650,211],[-41,28]],[[710,402],[102,-49]],[[1010,400],[-30,-83]],[[931,317],[-15,20]],[[916,337],[4,81]],[[920,418],[90,-18]],[[970,571],[66,-161]],[[1036,410],[39,-77]],[[1056,334],[-46,66]],[[920,418],[-8,-5]],[[917,582],[53,-11]],[[1011,172],[-37,-48]],[[974,124],[-61,39]],[[913,163],[-31,29]],[[882,192],[-4,20]],[[878,212],[119,-11]],[[1097,493],[-61,-83]],[[970,571],[64,-1]],[[922,300],[-15,-30]],[[888,327],[28,10]],[[913,163],[-51,-51]],[[862,112],[20,80]],[[864,231],[-32,2]],[[832,233],[10,22]],[[832,233],[-5,5]],[[878,212],[-14,19]],[[974,124],[-43,-75],[-76,-49],[-40,91]],[[861,111],[1,1]],[[1150,505],[31,-38],[-28,-123]],[[109,284],[-109,66],[2,236],[179,14]],[[879,368],[8,-36]]],"transform":{"scale":[0.00016222448264179349,0.0001041780628019327],"translate":[120.44950805200004,15.114600056000029]},"objects":{"bgysubmuns-municity-ph0305401":{"type":"GeometryCollection","geometries":[{"arcs":[[0,1,2,3,4]],"type":"Polygon","properties":{"ADM4_EN":"Agapito del Rosario","ADM4_PCODE":"PH0305401001","ADM4_REF":null,"ADM3_EN":"Angeles City","ADM3_PCODE":"PH0305401","ADM2_EN":"Pampanga","ADM2_PCODE":"PH03054","ADM1_EN":"Region III (Central Luzon)","ADM1_PCODE":"PH03","ADM0_EN":"Philippines (the)","ADM0_PCODE":"PH","date":"2022/11/09","validOn":"2023/11/06","validTo":null,"Shape_Leng":0.0160215101009,"Shape_Area":0.000010043926841,"AREA_SQKM":0.119447010739},"id":"PH0305401001"},{"arcs":[[5,6,7,8,9,10]],"type":"Polygon","properties":{"ADM4_EN":"Anunas","ADM4_PCODE":"PH0305401002","ADM4_REF":null,"ADM3_EN":"Angeles City","ADM3_PCODE":"PH0305401","ADM2_EN":"Pampanga","ADM2_PCODE":"PH03054","ADM1_EN":"Region III (Central Luzon)","ADM1_PCODE":"PH03","ADM0_EN":"Philippines (the)","ADM0_PCODE":"PH","date":"2022/11/09","validOn":"2023/11/06","validTo":null,"Shape_Leng":0.109453211874,"Shape_Area":0.00039098409809,"AREA_SQKM":4.64948496274},"id":"PH0305401002"},{"arcs":[[11,12,13,-10,14,15,16]],"type":"Polygon","properties":{"ADM4_EN":"Balibago","ADM4_PCODE":"PH0305401003","ADM4_REF":null,"ADM3_EN":"Angeles City","ADM3_PCODE":"PH0305401","ADM2_EN":"Pampanga","ADM2_PCODE":"PH03054","ADM1_EN":"Region III (Central Luzon)","ADM1_PCODE":"PH03","ADM0_EN":"Philippines (the)","ADM0_PCODE":"PH","date":"2022/11/09","validOn":"2023/11/06","validTo":null,"Shape_Leng":0.358901112481,"Shape_Area":0.00364083054049,"AREA_SQKM":43.2898519013},"id":"PH0305401003"},{"arcs":[[17,18,19,20,21]],"type":"Polygon","properties":{"ADM4_EN":"Capaya","ADM4_PCODE":"PH0305401004","ADM4_REF":null,"ADM3_EN":"Angeles City","ADM3_PCODE":"PH0305401","ADM2_EN":"Pampanga","ADM2_PCODE":"PH03054","ADM1_EN":"Region III (Central Luzon)","ADM1_PCODE":"PH03","ADM0_EN":"Philippines (the)","ADM0_PCODE":"PH","date":"2022/11/09","validOn":"2023/11/06","validTo":null,"Shape_Leng":0.0765707288169,"Shape_Area":0.000261850993727,"AREA_SQKM":3.11409044315},"id":"PH0305401004"},{"arcs":[[22,23,24,-5,25,26,27,28]],"type":"Polygon","properties":{"ADM4_EN":"Claro M. Recto","ADM4_PCODE":"PH0305401005","ADM4_REF":null,"ADM3_EN":"Angeles City","ADM3_PCODE":"PH0305401","ADM2_EN":"Pampanga","ADM2_PCODE":"PH03054","ADM1_EN":"Region III (Central Luzon)","ADM1_PCODE":"PH03","ADM0_EN":"Philippines (the)","ADM0_PCODE":"PH","date":"2022/11/09","validOn":"2023/11/06","validTo":null,"Shape_Leng":0.015805117626,"Shape_Area":0.00001590881836,"AREA_SQKM":0.189192605094},"id":"PH0305401005"},{"arcs":[[29,-8,30,31,32]],"type":"Polygon","properties":{"ADM4_EN":"Cuayan","ADM4_PCODE":"PH0305401006","ADM4_REF":null,"ADM3_EN":"Angeles City","ADM3_PCODE":"PH0305401","ADM2_EN":"Pampanga","ADM2_PCODE":"PH03054","ADM1_EN":"Region III (Central Luzon)","ADM1_PCODE":"PH03","ADM0_EN":"Philippines (the)","ADM0_PCODE":"PH","date":"2022/11/09","validOn":"2023/11/06","validTo":null,"Shape_Leng":0.208724510821,"Shape_Area":0.000886252816176,"AREA_SQKM":10.5395505934},"id":"PH0305401006"},{"arcs":[[33,34,35,36,37]],"type":"Polygon","properties":{"ADM4_EN":"Cutcut","ADM4_PCODE":"PH0305401007","ADM4_REF":null,"ADM3_EN":"Angeles City","ADM3_PCODE":"PH0305401","ADM2_EN":"Pampanga","ADM2_PCODE":"PH03054","ADM1_EN":"Region III (Central Luzon)","ADM1_PCODE":"PH03","ADM0_EN":"Philippines (the)","ADM0_PCODE":"PH","date":"2022/11/09","validOn":"2023/11/06","validTo":null,"Shape_Leng":0.0956890085286,"Shape_Area":0.00038762936756,"AREA_SQKM":4.61003981185},"id":"PH0305401007"},{"arcs":[[38,39,40]],"type":"Polygon","properties":{"ADM4_EN":"Cutud","ADM4_PCODE":"PH0305401008","ADM4_REF":null,"ADM3_EN":"Angeles City","ADM3_PCODE":"PH0305401","ADM2_EN":"Pampanga","ADM2_PCODE":"PH03054","ADM1_EN":"Region III (Central Luzon)","ADM1_PCODE":"PH03","ADM0_EN":"Philippines (the)","ADM0_PCODE":"PH","date":"2022/11/09","validOn":"2023/11/06","validTo":null,"Shape_Leng":0.0747599323097,"Shape_Area":0.000212346030422,"AREA_SQKM":2.52498294143},"id":"PH0305401008"},{"arcs":[[-3,41,42,43,44]],"type":"Polygon","properties":{"ADM4_EN":"Lourdes North West","ADM4_PCODE":"PH0305401010","ADM4_REF":null,"ADM3_EN":"Angeles City","ADM3_PCODE":"PH0305401","ADM2_EN":"Pampanga","ADM2_PCODE":"PH03054","ADM1_EN":"Region III (Central Luzon)","ADM1_PCODE":"PH03","ADM0_EN":"Philippines (the)","ADM0_PCODE":"PH","date":"2022/11/09","validOn":"2023/11/06","validTo":null,"Shape_Leng":0.0247644908474,"Shape_Area":0.0000372657743532,"AREA_SQKM":0.443180692794},"id":"PH0305401010"},{"arcs":[[45,46,47,-1,-25]],"type":"Polygon","properties":{"ADM4_EN":"Lourdes Sur","ADM4_PCODE":"PH0305401011","ADM4_REF":null,"ADM3_EN":"Angeles City","ADM3_PCODE":"PH0305401","ADM2_EN":"Pampanga","ADM2_PCODE":"PH03054","ADM1_EN":"Region III (Central Luzon)","ADM1_PCODE":"PH03","ADM0_EN":"Philippines (the)","ADM0_PCODE":"PH","date":"2022/11/09","validOn":"2023/11/06","validTo":null,"Shape_Leng":0.0185361830908,"Shape_Area":0.0000179350900158,"AREA_SQKM":0.213295703741},"id":"PH0305401011"},{"arcs":[[48,-46,-24,49]],"type":"Polygon","properties":{"ADM4_EN":"Lourdes Sur East","ADM4_PCODE":"PH0305401012","ADM4_REF":null,"ADM3_EN":"Angeles City","ADM3_PCODE":"PH0305401","ADM2_EN":"Pampanga","ADM2_PCODE":"PH03054","ADM1_EN":"Region III (Central Luzon)","ADM1_PCODE":"PH03","ADM0_EN":"Philippines (the)","ADM0_PCODE":"PH","date":"2022/11/09","validOn":"2023/11/06","validTo":null,"Shape_Leng":0.0175443938716,"Shape_Area":0.0000198376114815,"AREA_SQKM":0.235919274437},"id":"PH0305401012"},{"arcs":[[50,51,-27,52,53,54,-11,-14]],"type":"Polygon","properties":{"ADM4_EN":"Malabañas",