{"type":"Topology","arcs":[[[949,1244],[-42,-103],[6,-69]],[[913,1072],[-32,-8]],[[881,1064],[-52,37]],[[829,1101],[6,14]],[[835,1115],[-10,79]],[[825,1194],[23,73]],[[848,1267],[101,-23]],[[669,1341],[-5,-36],[-63,-56]],[[601,1249],[-47,7]],[[554,1256],[-24,98]],[[530,1354],[47,-16],[92,3]],[[377,1012],[-12,-45]],[[365,967],[-42,-79]],[[323,888],[-8,1]],[[315,889],[-67,-20],[-50,18],[-71,79]],[[127,966],[100,81]],[[227,1047],[24,-24],[75,10],[51,-21]],[[557,655],[-92,-11]],[[465,644],[-91,73],[21,38]],[[395,755],[214,57]],[[609,812],[31,-38],[-83,-119]],[[315,889],[-31,-47],[-1,-70]],[[283,772],[-111,-84]],[[172,688],[-68,22],[-57,54],[-45,1],[-2,97],[127,104]],[[825,1194],[-63,67],[-68,9]],[[694,1270],[72,41]],[[766,1311],[64,-9],[18,-35]],[[451,1098],[-3,-48]],[[448,1050],[-71,-38]],[[227,1047],[62,53]],[[289,1100],[44,11],[118,-13]],[[512,1184],[6,-19]],[[518,1165],[-67,-67]],[[289,1100],[17,44],[51,22]],[[357,1166],[80,20],[75,-2]],[[882,773],[-70,2]],[[812,775],[8,121]],[[820,896],[90,44]],[[910,940],[-5,-88],[-23,-79]],[[694,1270],[-1,-51]],[[693,1219],[-11,11]],[[682,1230],[-44,-24]],[[638,1206],[-42,33]],[[596,1239],[5,10]],[[669,1341],[101,15],[-4,-45]],[[881,1064],[41,-96],[-9,-24]],[[913,944],[-3,-4]],[[820,896],[11,45],[-43,38]],[[788,979],[41,122]],[[966,1055],[29,-109],[-82,-2]],[[913,1072],[53,-17]],[[665,1155],[-20,-32],[14,-102]],[[659,1021],[-38,2]],[[621,1023],[-35,81],[40,27]],[[626,1131],[39,24]],[[365,967],[74,-14],[-3,-44]],[[436,909],[-113,-21]],[[554,1256],[-42,-72]],[[357,1166],[64,92],[109,96]],[[682,1230],[-17,-75]],[[626,1131],[-29,31]],[[597,1162],[41,44]],[[659,1021],[61,-14]],[[720,1007],[68,-28]],[[812,775],[-93,41],[-110,-4]],[[609,812],[-3,91]],[[606,903],[-10,47],[25,73]],[[448,1050],[52,-8],[50,-134]],[[550,908],[-114,1]],[[693,1219],[35,-25]],[[728,1194],[-11,-39],[15,-85],[-12,-63]],[[465,644],[-42,-84]],[[423,560],[-86,82],[-165,46]],[[283,772],[53,15],[59,-32]],[[597,1162],[-45,30]],[[552,1192],[44,47]],[[550,908],[56,-5]],[[518,1165],[34,27]],[[882,773],[-16,-30],[20,-68],[75,-40],[34,19],[62,-58],[65,-12],[49,-50],[10,-49],[-42,-32],[11,-45],[-89,-48],[51,-35],[-18,-135],[-74,-1],[-4,-56],[-48,-43],[-106,-3],[-24,-87],[-88,78]],[[750,78],[-82,378],[-105,128],[-6,71]],[[949,1244],[19,-72],[-2,-117]],[[835,1115],[-62,71],[-45,8]],[[750,78],[-221,175],[-96,30],[-75,-5],[-53,129],[27,20],[40,100],[51,33]]],"transform":{"scale":[0.00016595376460632318,0.0001543642853982438],"translate":[122.86911989700002,13.879259786000036]},"objects":{"bgysubmuns-municity-ph0501601":{"type":"GeometryCollection","geometries":[{"arcs":[[0,1,2,3,4,5,6]],"type":"Polygon","properties":{"ADM4_EN":"Angas","ADM4_PCODE":"PH0501601001","ADM4_REF":null,"ADM3_EN":"Basud","ADM3_PCODE":"PH0501601","ADM2_EN":"Camarines Norte","ADM2_PCODE":"PH05016","ADM1_EN":"Region V (Bicol Region)","ADM1_PCODE":"PH05","ADM0_EN":"Philippines (the)","ADM0_PCODE":"PH","date":"2022/11/09","validOn":"2023/11/06","validTo":null,"Shape_Leng":0.111715213152,"Shape_Area":0.000415035044498,"AREA_SQKM":4.95958052054},"id":"PH0501601001"},{"arcs":[[7,8,9,10]],"type":"Polygon","properties":{"ADM4_EN":"Bactas","ADM4_PCODE":"PH0501601002","ADM4_REF":null,"ADM3_EN":"Basud","ADM3_PCODE":"PH0501601","ADM2_EN":"Camarines Norte","ADM2_PCODE":"PH05016","ADM1_EN":"Region V (Bicol Region)","ADM1_PCODE":"PH05","ADM0_EN":"Philippines (the)","ADM0_PCODE":"PH","date":"2022/11/09","validOn":"2023/11/06","validTo":null,"Shape_Leng":0.0692564759726,"Shape_Area":0.000252045834653,"AREA_SQKM":3.01162077275},"id":"PH0501601002"},{"arcs":[[11,12,13,14,15,16]],"type":"Polygon","properties":{"ADM4_EN":"Binatagan","ADM4_PCODE":"PH0501601003","ADM4_REF":null,"ADM3_EN":"Basud","ADM3_PCODE":"PH0501601","ADM2_EN":"Camarines Norte","ADM2_PCODE":"PH05016","ADM1_EN":"Region V (Bicol Region)","ADM1_PCODE":"PH05","ADM0_EN":"Philippines (the)","ADM0_PCODE":"PH","date":"2022/11/09","validOn":"2023/11/06","validTo":null,"Shape_Leng":0.133726795126,"Shape_Area":0.000725365715761,"AREA_SQKM":8.66915398051},"id":"PH0501601003"},{"arcs":[[17,18,19,20]],"type":"Polygon","properties":{"ADM4_EN":"Caayunan","ADM4_PCODE":"PH0501601004","ADM4_REF":null,"ADM3_EN":"Basud","ADM3_PCODE":"PH0501601","ADM2_EN":"Camarines Norte","ADM2_PCODE":"PH05016","ADM1_EN":"Region V (Bicol Region)","ADM1_PCODE":"PH05","ADM0_EN":"Philippines (the)","ADM0_PCODE":"PH","date":"2022/11/09","validOn":"2023/11/06","validTo":null,"Shape_Leng":0.123308970997,"Shape_Area":0.000665521239918,"AREA_SQKM":7.95515068668},"id":"PH0501601004"},{"arcs":[[21,22,23,-15]],"type":"Polygon","properties":{"ADM4_EN":"Guinatungan","ADM4_PCODE":"PH0501601005","ADM4_REF":null,"ADM3_EN":"Basud","ADM3_PCODE":"PH0501601","ADM2_EN":"Camarines Norte","ADM2_PCODE":"PH05016","ADM1_EN":"Region V (Bicol Region)","ADM1_PCODE":"PH05","ADM0_EN":"Philippines (the)","ADM0_PCODE":"PH","date":"2022/11/09","validOn":"2023/11/06","validTo":null,"Shape_Leng":0.189229280377,"Shape_Area":0.00127521124801,"AREA_SQKM":15.2419853144},"id":"PH0501601005"},{"arcs":[[-6,24,25,26]],"type":"Polygon","properties":{"ADM4_EN":"Hinampacan","ADM4_PCODE":"PH0501601006","ADM4_REF":null,"ADM3_EN":"Basud","ADM3_PCODE":"PH0501601","ADM2_EN":"Camarines Norte","ADM2_PCODE":"PH05016","ADM1_EN":"Region V (Bicol Region)","ADM1_PCODE":"PH05","ADM0_EN":"Philippines (the)","ADM0_PCODE":"PH","date":"2022/11/09","validOn":"2023/11/06","validTo":null,"Shape_Leng":0.0898798957318,"Shape_Area":0.00025232733191,"AREA_SQKM":3.0150541489},"id":"PH0501601006"},{"arcs":[[27,28,-17,29,30]],"type":"Polygon","properties":{"ADM4_EN":"Langa","ADM4_PCODE":"PH0501601007","ADM4_REF":null,"ADM3_EN":"Basud","ADM3_PCODE":"PH0501601","ADM2_EN":"Camarines Norte","ADM2_PCODE":"PH05016","ADM1_EN":"Region V (Bicol Region)","ADM1_PCODE":"PH05","ADM0_EN":"Philippines (the)","ADM0_PCODE":"PH","date":"2022/11/09","validOn":"2023/11/06","validTo":null,"Shape_Leng":0.105308959936,"Shape_Area":0.000369775701435,"AREA_SQKM":4.41904409054},"id":"PH0501601007"},{"arcs":[[31,32,-31,33,34]],"type":"Polygon","properties":{"ADM4_EN":"Laniton","ADM4_PCODE":"PH0501601008","ADM4_REF":null,"ADM3_EN":"Basud","ADM3_PCODE":"PH0501601","ADM2_EN":"Camarines Norte","ADM2_PCODE":"PH05016","ADM1_EN":"Region V (Bicol Region)","ADM1_PCODE":"PH05","ADM0_EN":"Philippines (the)","ADM0_PCODE":"PH","date":"2022/11/09","validOn":"2023/11/06","validTo":null,"Shape_Leng":0.0939049229183,"Shape_Area":0.00032756875407,"AREA_SQKM":3.91444759666},"id":"PH0501601008"},{"arcs":[[35,36,37,38]],"type":"Polygon","properties":{"ADM4_EN":"Lidong","ADM4_PCODE":"PH0501601009","ADM4_REF":null,"ADM3_EN":"Basud","ADM3_PCODE":"PH0501601","ADM2_EN":"Camarines Norte","ADM2_PCODE":"PH05016","ADM1_EN":"Region V (Bicol Region)","ADM1_PCODE":"PH05","ADM0_EN":"Philippines (the)","ADM0_PCODE":"PH","date":"2022/11/09","validOn":"2023/11/06","validTo":null,"Shape_Leng":0.110895043427,"Shape_Area":0.000299133542554,"AREA_SQKM":3.57533694186},"id":"PH0501601009"},{"arcs":[[-26,39,40,41,42,43,-8,44]],"type":"Polygon","properties":{"ADM4_EN":"Mampili","ADM4_PCODE":"PH0501601010","ADM4_REF":null,"ADM3_EN":"Basud","ADM3_PCODE":"PH0501601","ADM2_EN":"Camarines Norte","ADM2_PCODE":"PH05016","ADM1_EN":"Region V (Bicol Region)","ADM1_PCODE":"PH05","ADM0_EN":"Philippines (the)","ADM0_PCODE":"PH","date":"2022/11/09","validOn":"2023/11/06","validTo":null,"Shape_Leng":0.100709086065,"Shape_Area":0.000246720738575,"AREA_SQKM":2.9480246007},"id":"PH0501601010"},{"arcs":[[-3,45,46,-38,47,48]],"type":"Polygon","properties":{"ADM4_EN":"Mandazo","ADM4_PCODE":"PH0501601011","ADM4_REF":null,"ADM3_EN":"Basud","ADM3_PCODE":"PH0501601","ADM2_EN":"Camarines Norte","ADM2_PCODE":"PH05016","ADM1_EN":"Region V (Bicol Region)","ADM1_PCODE":"PH05","ADM0_EN":"Philippines (the)","ADM0_PCODE":"PH","date":"2022/11/09","validOn":"2023/11/06","validTo":null,"Shape_Leng":0.152360491237,"Shape_Area":0.000418497234067,"AREA_SQKM":5.00151905549},"id":"PH0501601011"},{"arcs":[[49,-46,-2,50]],"type":"Polygon",