{"type":"Topology","arcs":[[[1795,1498],[32,2],[20,-12],[14,-15],[17,5],[14,-4]],[[1892,1474],[5,-14],[-3,-13],[-31,-21],[-3,-39],[4,-28],[9,-33],[14,-30],[10,-14],[18,-14],[14,2],[30,21],[9,-2],[-6,-42],[2,-28],[-57,-53],[-112,-33],[-212,-179],[-79,-117],[-48,-99],[-211,-337],[-440,-296],[-288,-105],[-32,383],[-9,88],[-18,94]],[[458,565],[215,133],[304,334],[436,281],[50,4],[233,190]],[[1696,1507],[37,-2],[62,-7]],[[1859,1565],[-12,-3]],[[1847,1562],[-8,21],[-11,3],[-9,15]],[[1819,1601],[2,3]],[[1821,1604],[31,-21],[7,-18]],[[1839,1620],[-18,-16]],[[1819,1601],[-9,13],[-42,-41],[-72,-66]],[[458,565],[-10,55],[-3,33],[6,32],[-6,65],[-10,69],[-2,244]],[[433,1063],[135,79],[269,236],[515,200],[314,167],[16,1],[48,14],[15,1],[40,18]],[[1785,1779],[-6,-33],[11,-20],[4,-24],[9,-11],[20,-43],[3,-12],[13,-16]],[[1847,1562],[-23,-2],[-19,-20],[-10,-42]],[[1375,3147],[-35,-42],[-82,-50],[-71,-19],[-54,-26],[-33,-22],[-152,-31],[-695,-177]],[[253,2780],[-59,419],[-80,109],[-10,108]],[[104,3416],[771,99],[419,62],[28,6]],[[1322,3583],[-22,-12],[-4,-13],[3,-24],[10,-27],[11,-10],[19,-1],[-12,-38],[9,-22],[-8,-21],[4,-20],[14,4],[5,-10],[36,-5],[9,-22],[-4,-11],[11,-28],[-2,-19],[-23,-4],[-13,-18],[-1,-19],[5,-28],[0,-40],[6,-48]],[[1899,1601],[-8,-13],[-26,-7],[-6,-16]],[[1839,1620],[15,-15],[28,0],[17,-4]],[[1899,1601],[9,7],[2,16],[18,-11],[24,-6],[-9,-35],[-31,-22],[-12,-18],[-5,-18],[-3,-40]],[[433,1063],[-4,125],[-9,54],[-17,107],[-6,122],[-5,74],[-21,144],[8,241],[35,103]],[[414,2033],[782,189],[52,33],[94,98],[139,51],[96,90]],[[1577,2494],[5,-26],[10,-27],[25,-49],[23,-61],[13,-24],[4,-21],[20,-54],[18,-29],[7,-34],[42,-92],[16,-31],[26,-27],[27,-38],[9,-8],[40,-1],[13,-7],[20,-21],[14,-29],[2,-28],[-5,-16],[-10,-12],[-19,6],[-14,13],[-22,-23],[-17,-22],[-20,-5],[-18,-16],[-1,-33]],[[414,2033],[-40,343],[-25,146],[-34,155],[-62,103]],[[1375,3147],[7,-29],[5,-39],[8,-30],[17,-45],[15,-34],[11,-43],[3,-24],[10,-41],[31,-84],[1,-17],[17,-40],[36,-106],[28,-69],[9,-29],[4,-23]],[[104,3416],[-35,155],[-14,122],[-10,142],[-45,98],[353,48],[273,56],[191,14],[79,19],[82,56],[82,6],[108,-25],[22,8],[6,-18],[17,-32],[11,-12],[16,-9],[8,10],[14,2],[4,-15],[-6,-18],[-23,-27],[0,-25],[19,-3],[0,-19],[-13,-8],[-2,-11],[5,-23],[14,1],[6,-25],[-12,-24],[8,-13],[20,20],[15,-4],[-3,-33],[16,-2],[5,-15],[9,-5],[-9,-61],[-13,-12],[16,-13],[3,-16],[13,-18],[16,-5],[6,-34],[-6,-21],[-12,-25],[-16,-19]]],"transform":{"scale":[0.00010651595020321817,0.00007829425121006147],"translate":[122.04625641700011,17.262351168000066]},"objects":{"bgysubmuns-municity-ph0203117":{"type":"GeometryCollection","geometries":[{"arcs":[[0,1,2,3]],"type":"Polygon","properties":{"ADM4_EN":"Diana","ADM4_PCODE":"PH0203117001","ADM4_REF":null,"ADM3_EN":"Maconacon","ADM3_PCODE":"PH0203117","ADM2_EN":"Isabela","ADM2_PCODE":"PH02031","ADM1_EN":"Region II (Cagayan Valley)","ADM1_PCODE":"PH02","ADM0_EN":"Philippines (the)","ADM0_PCODE":"PH","date":"2022/11/09","validOn":"2023/11/06","validTo":null,"Shape_Leng":0.440345763628,"Shape_Area":0.0074581221067,"AREA_SQKM":87.7433190308},"id":"PH0203117001"},{"arcs":[[4,5,6,7]],"type":"Polygon","properties":{"ADM4_EN":"Eleonor (Pob.)","ADM4_PCODE":"PH0203117002","ADM4_REF":null,"ADM3_EN":"Maconacon","ADM3_PCODE":"PH0203117","ADM2_EN":"Isabela","ADM2_PCODE":"PH02031","ADM1_EN":"Region II (Cagayan Valley)","ADM1_PCODE":"PH02","ADM0_EN":"Philippines (the)","ADM0_PCODE":"PH","date":"2022/11/09","validOn":"2023/11/06","validTo":null,"Shape_Leng":0.0119681067336,"Shape_Area":0.00000481299968567,"AREA_SQKM":0.0566044596467},"id":"PH0203117002"},{"arcs":[[8,-7,9,-3,10,11,12]],"type":"Polygon","properties":{"ADM4_EN":"Fely (Pob.)","ADM4_PCODE":"PH0203117003","ADM4_REF":null,"ADM3_EN":"Maconacon","ADM3_PCODE":"PH0203117","ADM2_EN":"Isabela","ADM2_PCODE":"PH02031","ADM1_EN":"Region II (Cagayan Valley)","ADM1_PCODE":"PH02","ADM0_EN":"Philippines (the)","ADM0_PCODE":"PH","date":"2022/11/09","validOn":"2023/11/06","validTo":null,"Shape_Leng":0.384048494002,"Shape_Area":0.00436225287777,"AREA_SQKM":51.3112612511},"id":"PH0203117003"},{"arcs":[[-6,13,-4,-10]],"type":"Polygon","properties":{"ADM4_EN":"Lita (Pob.)","ADM4_PCODE":"PH0203117004","ADM4_REF":null,"ADM3_EN":"Maconacon","ADM3_PCODE":"PH0203117","ADM2_EN":"Isabela","ADM2_PCODE":"PH02031","ADM1_EN":"Region II (Cagayan Valley)","ADM1_PCODE":"PH02","ADM0_EN":"Philippines (the)","ADM0_PCODE":"PH","date":"2022/11/09","validOn":"2023/11/06","validTo":null,"Shape_Leng":0.0405731322373,"Shape_Area":0.0000610329298099,"AREA_SQKM":0.717804074091},"id":"PH0203117004"},{"arcs":[[14,15,16,17]],"type":"Polygon","properties":{"ADM4_EN":"Reina Mercedes","ADM4_PCODE":"PH0203117005","ADM4_REF":null,"ADM3_EN":"Maconacon","ADM3_PCODE":"PH0203117","ADM2_EN":"Isabela","ADM2_PCODE":"PH02031","ADM1_EN":"Region II (Cagayan Valley)","ADM1_PCODE":"PH02","ADM0_EN":"Philippines (the)","ADM0_PCODE":"PH","date":"2022/11/09","validOn":"2023/11/06","validTo":null,"Shape_Leng":0.382569062313,"Shape_Area":0.00568289889484,"AREA_SQKM":66.789564622},"id":"PH0203117005"},{"arcs":[[18,-8,-9,19]],"type":"Polygon","properties":{"ADM4_EN":"Minanga","ADM4_PCODE":"PH0203117006","ADM4_REF":null,"ADM3_EN":"Maconacon","ADM3_PCODE":"PH0203117","ADM2_EN":"Isabela","ADM2_PCODE":"PH02031","ADM1_EN":"Region II (Cagayan Valley)","ADM1_PCODE":"PH02","ADM0_EN":"Philippines (the)","ADM0_PCODE":"PH","date":"2022/11/09","validOn":"2023/11/06","validTo":null,"Shape_Leng":0.0269167601076,"Shape_Area":0.0000145398978472,"AREA_SQKM":0.17099894595},"id":"PH0203117006"},{"arcs":[[-1,-14,-5,-19,20]],"type":"Polygon","properties":{"ADM4_EN":"Malasin","ADM4_PCODE":"PH0203117007","ADM4_REF":null,"ADM3_EN":"Maconacon","ADM3_PCODE":"PH0203117","ADM2_EN":"Isabela","ADM2_PCODE":"PH02031","ADM1_EN":"Region II (Cagayan Valley)","ADM1_PCODE":"PH02","ADM0_EN":"Philippines (the)","ADM0_PCODE":"PH","date":"2022/11/09","validOn":"2023/11/06","validTo":null,"Shape_Leng":0.0501347763379,"Shape_Area":0.0000884397501647,"AREA_SQKM":1.04013467142},"id":"PH0203117007"},{"arcs":[[-12,21,22,23]],"type":"Polygon","properties":{"ADM4_EN":"Canadam","ADM4_PCODE":"PH0203117008","ADM4_REF":null,"ADM3_EN":"Maconacon","ADM3_PCODE":"PH0203117","ADM2_EN":"Isabela","ADM2_PCODE":"PH02031","ADM1_EN":"Region II (Cagayan Valley)","ADM1_PCODE":"PH02","ADM0_EN":"Philippines (the)","ADM0_PCODE":"PH","date":"2022/11/09","validOn":"2023/11/06","validTo":null,"Shape_Leng":0.448330703463,"Shape_Area":0.00882437387867,"AREA_SQKM":103.771093525},"id":"PH0203117008"},{"arcs":[[-23,24,-15,25]],"type":"Polygon","properties":{"ADM4_EN":"Aplaya","ADM4_PCODE":"PH0203117009","ADM4_REF":null,"ADM3_EN":"Maconacon","ADM3_PCODE":"PH0203117","ADM2_EN":"Isabela","ADM2_PCODE":"PH02031","ADM1_EN":"Region II (Cagayan Valley)","ADM1_PCODE":"PH02","ADM0_EN":"Philippines (the)","ADM0_PCODE":"PH","date":"2022/11/09","validOn":"2023/11/06","validTo":null,"Shape_Leng":0.375461264516,"Shape_Area":0.00736300897291,"AREA_SQKM":86.5589628791},"id":"PH0203117009"},{"arcs":[[-17,26]],"type":"Polygon","properties":{"ADM4_EN":"Santa Marina (Dianggo)","ADM4_PCODE":"PH0203117010","ADM4_REF":null,"ADM3_EN":"Maconacon","ADM3_PCODE":"PH0203117","ADM2_EN":"Isabela","ADM2_PCODE":"PH02031","ADM1_EN":"Region II (Cagayan Valley)","ADM1_PCODE":"PH02","ADM0_EN":"Philippines (the)","ADM0_PCODE":"PH","date":"2022/11/09","validOn":"2023/11/06","validTo":null,"Shape_Leng":0.4432605973,"Shape_Area":0.00562238208168,"AREA_SQKM":66.0629450233},"id":"PH0203117010"}]}}}