{"type":"Topology","arcs":[[[267,429],[-52,31]],[[215,460],[-3,85]],[[212,545],[59,60],[0,31]],[[271,636],[29,1]],[[300,637],[1,-47],[-34,-161]],[[761,448],[11,-13]],[[772,435],[-51,-57],[-34,-6]],[[687,372],[-67,0]],[[620,372],[-6,24]],[[614,396],[0,21]],[[614,417],[147,31]],[[495,501],[3,-61]],[[498,440],[-47,-41]],[[451,399],[-56,92]],[[395,491],[45,35]],[[440,526],[55,-25]],[[620,372],[21,-73],[-51,-30]],[[590,269],[-30,114]],[[560,383],[54,13]],[[830,900],[-40,-20],[-26,-76]],[[764,804],[-52,-11]],[[712,793],[-33,5]],[[679,798],[0,21]],[[679,819],[16,51],[60,66],[34,9]],[[789,945],[41,-45]],[[212,545],[-59,31]],[[153,576],[35,68],[0,102]],[[188,746],[84,46]],[[272,792],[-1,-156]],[[153,576],[-153,-80]],[[0,496],[111,254],[77,-4]],[[215,460],[-69,43],[-146,-7]],[[451,399],[-14,-75],[-130,54]],[[307,378],[-15,6]],[[292,384],[43,98]],[[335,482],[60,9]],[[980,888],[0,-2]],[[980,886],[-94,-3],[-56,17]],[[789,945],[11,23]],[[800,968],[92,31],[88,-111]],[[811,771],[13,-37],[-56,-50],[-10,-96]],[[758,588],[-68,-13]],[[690,575],[-44,51]],[[646,626],[46,50],[-3,35]],[[689,711],[23,82]],[[764,804],[47,-33]],[[342,636],[24,-71],[-31,-83]],[[292,384],[-25,45]],[[300,637],[42,-1]],[[406,577],[34,-51]],[[342,636],[64,-59]],[[980,886],[3,-121]],[[983,765],[-145,32],[-27,-26]],[[614,417],[-12,51]],[[602,468],[48,53],[40,10]],[[690,531],[43,1],[28,-84]],[[1048,420],[4,-57]],[[1052,363],[-87,-57],[-137,31],[-15,17],[-107,-29],[-19,47]],[[772,435],[75,3]],[[847,438],[104,-19],[32,40],[65,-39]],[[455,841],[-79,-73],[17,-80],[91,22]],[[484,710],[-78,-133]],[[272,792],[102,49],[81,0]],[[646,626],[-50,-16]],[[596,610],[28,101]],[[624,711],[65,0]],[[590,269],[9,-127]],[[599,142],[-65,-14],[-21,47],[-78,19],[-88,79],[-40,105]],[[498,440],[62,-57]],[[800,968],[11,81],[58,3],[86,-72],[25,-92]],[[495,501],[103,6],[4,-39]],[[1049,482],[-1,-62]],[[847,438],[23,36],[-3,112]],[[867,586],[27,-2],[155,-102]],[[690,575],[0,-44]],[[484,710],[67,19],[2,-107],[43,-12]],[[1049,533],[-67,61],[-17,76]],[[965,670],[20,36]],[[985,706],[64,-173]],[[983,765],[2,-41]],[[985,724],[-43,7],[-77,-52],[-49,-2],[-53,-97]],[[763,580],[-5,8]],[[985,724],[0,-18]],[[965,670],[-98,-84]],[[867,586],[-64,-19],[-40,13]],[[624,711],[4,64],[51,23]],[[1052,363],[73,6],[12,-35],[60,-51],[15,-69],[78,-153],[-4,-61],[-346,133],[-226,80],[-115,-71]],[[455,841],[-8,-35],[72,-56],[29,38],[64,28],[67,3]],[[1049,533],[0,-51]]],"transform":{"scale":[0.0003320732015503586,0.0002978038250950497],"translate":[125.07620906500006,6.211571487000072]},"objects":{"bgysubmuns-municity-ph1208007":{"type":"GeometryCollection","geometries":[{"arcs":[[0,1,2,3,4]],"type":"Polygon","properties":{"ADM4_EN":"Alkikan","ADM4_PCODE":"PH1208007001","ADM4_REF":null,"ADM3_EN":"Malungon","ADM3_PCODE":"PH1208007","ADM2_EN":"Sarangani","ADM2_PCODE":"PH12080","ADM1_EN":"Region XII (Soccsksargen)","ADM1_PCODE":"PH12","ADM0_EN":"Philippines (the)","ADM0_PCODE":"PH","date":"2022/11/09","validOn":"2023/11/06","validTo":null,"Shape_Leng":0.168222630557,"Shape_Area":0.00110962300047,"AREA_SQKM":13.5763656624},"id":"PH1208007001"},{"arcs":[[5,6,7,8,9,10]],"type":"Polygon","properties":{"ADM4_EN":"Ampon","ADM4_PCODE":"PH1208007002","ADM4_REF":null,"ADM3_EN":"Malungon","ADM3_PCODE":"PH1208007","ADM2_EN":"Sarangani","ADM2_PCODE":"PH12080","ADM1_EN":"Region XII (Soccsksargen)","ADM1_PCODE":"PH12","ADM0_EN":"Philippines (the)","ADM0_PCODE":"PH","date":"2022/11/09","validOn":"2023/11/06","validTo":null,"Shape_Leng":0.191619216198,"Shape_Area":0.000779512419135,"AREA_SQKM":9.53807409243},"id":"PH1208007002"},{"arcs":[[11,12,13,14,15]],"type":"Polygon","properties":{"ADM4_EN":"Atlae","ADM4_PCODE":"PH1208007003","ADM4_REF":null,"ADM3_EN":"Malungon","ADM3_PCODE":"PH1208007","ADM2_EN":"Sarangani","ADM2_PCODE":"PH12080","ADM1_EN":"Region XII (Soccsksargen)","ADM1_PCODE":"PH12","ADM0_EN":"Philippines (the)","ADM0_PCODE":"PH","date":"2022/11/09","validOn":"2023/11/06","validTo":null,"Shape_Leng":0.16693974495,"Shape_Area":0.000728975470848,"AREA_SQKM":8.91942630919},"id":"PH1208007003"},{"arcs":[[16,17,18,-9]],"type":"Polygon","properties":{"ADM4_EN":"Banahaw","ADM4_PCODE":"PH1208007004","ADM4_REF":null,"ADM3_EN":"Malungon","ADM3_PCODE":"PH1208007","ADM2_EN":"Sarangani","ADM2_PCODE":"PH12080","ADM1_EN":"Region XII (Soccsksargen)","ADM1_PCODE":"PH12","ADM0_EN":"Philippines (the)","ADM0_PCODE":"PH","date":"2022/11/09","validOn":"2023/11/06","validTo":null,"Shape_Leng":0.147502247137,"Shape_Area":0.000665343931318,"AREA_SQKM":8.14145420949},"id":"PH1208007004"},{"arcs":[[19,20,21,22,23,24]],"type":"Polygon","properties":{"ADM4_EN":"Banate","ADM4_PCODE":"PH1208007005","ADM4_REF":null,"ADM3_EN":"Malungon","ADM3_PCODE":"PH1208007","ADM2_EN":"Sarangani","ADM2_PCODE":"PH12080","ADM1_EN":"Region XII (Soccsksargen)","ADM1_PCODE":"PH12","ADM0_EN":"Philippines (the)","ADM0_PCODE":"PH","date":"2022/11/09","validOn":"2023/11/06","validTo":null,"Shape_Leng":0.23041088069,"Shape_Area":0.0010285041251,"AREA_SQKM":12.5814397553},"id":"PH1208007005"},{"arcs":[[-3,25,26,27,28]],"type":"Polygon","properties":{"ADM4_EN":"B'Laan","ADM4_PCODE":"PH1208007006","ADM4_REF":"BLaan","ADM3_EN":"Malungon","ADM3_PCODE":"PH1208007","ADM2_EN":"Sarangani","ADM2_PCODE":"PH12080","ADM1_EN":"Region XII (Soccsksargen)","ADM1_PCODE":"PH12","ADM0_EN":"Philippines (the)","ADM0_PCODE":"PH","date":"2022/11/09","validOn":"2023/11/06","validTo":null,"Shape_Leng":0.188408719402,"Shape_Area":0.00179534300409,"AREA_SQKM":21.9645683519},"id":"PH1208007006"},{"arcs":[[-27,29,30]],"type":"Polygon","properties":{"ADM4_EN":"Datal Batong","ADM4_PCODE":"PH1208007007","ADM4_REF":null,"ADM3_EN":"Malungon","ADM3_PCODE":"PH1208007","ADM2_EN":"Sarangani","ADM2_PCODE":"PH12080","ADM1_EN":"Region XII (Soccsksargen)","ADM1_PCODE":"PH12","ADM0_EN":"Philippines (the)","ADM0_PCODE":"PH","date":"2022/11/09","validOn":"2023/11/06","validTo":null,"Shape_Leng":0.22094928198,"Shape_Area":0.00230294074168,"AREA_SQKM":28.1750759459},"id":"PH1208007007"},{"arcs":[[-2,31,-30,-26]],"type":"Polygon","properties":{"ADM4_EN":"Datal Bila","ADM4_PCODE":"PH1208007008","ADM4_REF":null,"ADM3_EN":"Malungon","ADM3_PCODE":"PH1208007","ADM2_EN":"Sarangani","ADM2_PCODE":"PH12080","ADM1_EN":"Region XII (Soccsksargen)","ADM1_PCODE":"PH12","ADM0_EN":"Philippines (the)","ADM0_PCODE":"PH","date":"2022/11/09","validOn":"2023/11/06","validTo":null,"Shape_Leng":0.186119475292,"Shape_Area":0.0010143582807,"AREA_SQKM":12.4108374173},"id":"PH1208007008"},{"arcs":[[32,33,34,35,-14]],"type":"Polygon","properties":{"ADM4_EN":"Datal Tampal","ADM4_PCODE":"PH1208007009","ADM4_REF":null,"ADM3_EN":"Malungon","ADM3_PCODE":"PH1208007","ADM2_EN":"Sarangani","ADM2_PCODE":"PH12080","ADM1_EN":"Region XII (Soccsksargen)","ADM1_PCODE":"PH12","ADM0_EN":"Philippines (the)","ADM0_PCODE":"PH","date":"2022/11/09","validOn":"2023/11/06","validTo":null,"Shape_Leng":0.194614743956,"Shape_Area":0.00174206950653,"AREA_SQKM":21.3159425967},"id":"PH1208007009"},{"arcs":[[36,37,-25,38,39]],"type":"Polygon","properties":{"ADM4_EN":"J.P. Laurel","ADM4_PCODE":"PH1208007010","ADM4_REF":null,"ADM3_EN":"Malungon","ADM3_PCODE":"PH1208007","ADM2_EN":"Sarangani","ADM2_PCODE":"PH12080","ADM1_EN":"Region XII (Soccsksargen)","ADM1_PCODE":"PH12","ADM0_EN":"Philippines (the)","ADM0_PCODE":"PH","date":"2022/11/09","validOn":"2023/11/06","validTo":null,"Shape_Leng":0.18256554028,"Shape_Area":0.00134826756112,"AREA_SQKM":16.4923879831},"id":"PH1208007010"},{"arcs":[[40,41,42,43,44,-21,45]],"type":"Polygon","properties":{"ADM4_EN":"Kawayan","ADM4_PCODE":"PH1208007011","ADM4_REF":null,"ADM3_EN":"Malungon","ADM3_PCODE":"PH1208007","ADM2_EN":"Sarangani","ADM2_PCODE":"PH12080","ADM1_EN":"Region XII (Soccsksargen)","ADM1_PCODE":"PH12","ADM0_EN":"Philippines (the)","ADM0_PCODE":"PH","date":"2022/11/09","validOn":"2023/11/06","validTo":null,"Shape_Leng":0.343568898006,"Shape_Area":0.00217477496609,"AREA_SQKM":26.6062056552},"id":"PH1208007011"},{"arcs":[[46,-35,47,-5,48]],"type":"Polygon",