{"type":"Topology","arcs":[[[621,847],[-7,-16],[78,-150]],[[692,681],[-166,22],[-73,7]],[[453,710],[-32,124],[9,29]],[[430,863],[191,-16]],[[453,710],[-1,-197]],[[452,513],[-2,-211],[-139,-132]],[[311,170],[0,31],[-51,372],[19,205]],[[279,778],[75,-11],[99,-57]],[[2134,629],[24,144],[-1,9]],[[2157,782],[20,-1],[25,49],[56,1],[13,12],[53,27],[25,-9],[-2,-48],[13,-9],[13,24],[18,3],[15,27],[14,-17],[22,6],[26,-5],[20,-52],[15,-3],[32,42],[-25,36],[18,21],[8,29],[26,19],[66,15],[13,-24],[-43,-83],[-37,-47],[-28,-46],[-49,-42],[-168,-151],[-187,22],[5,51]],[[311,170],[-29,28],[-100,195],[-60,115],[1,60],[-7,24],[37,159],[9,59]],[[162,810],[117,-32]],[[1391,589],[-25,4],[-247,18],[-35,-14]],[[1084,597],[-61,99]],[[1023,696],[83,3]],[[1106,699],[231,12],[33,6]],[[1370,717],[21,-128]],[[1050,833],[-19,-16]],[[1031,817],[0,-1]],[[1031,816],[-26,-23],[-54,-83]],[[951,710],[-39,18]],[[912,728],[25,97],[9,69]],[[946,894],[42,-36],[44,-11],[18,-14]],[[951,710],[72,-14]],[[1084,597],[-104,-48],[-56,-83]],[[924,466],[-86,222]],[[838,688],[-23,97]],[[815,785],[72,-50],[25,-7]],[[2134,629],[-120,-18],[-144,-49],[-60,-3],[-239,-3]],[[1571,556],[3,166]],[[1574,722],[29,19],[21,-19],[14,32],[55,6]],[[1693,760],[18,1],[48,54],[51,152]],[[1810,967],[63,0],[51,22],[53,-46],[30,-19],[16,-30],[32,3],[39,-52],[30,-32],[15,3],[-2,-34],[20,0]],[[724,502],[23,-308]],[[747,194],[-67,-104],[-132,-90],[-140,29],[-97,141]],[[452,513],[93,-7],[179,-4]],[[1125,772],[-19,-73]],[[1031,816],[31,-30],[63,-14]],[[1050,833],[-19,-16]],[[692,681],[32,-179]],[[815,785],[-53,67],[-10,88]],[[752,940],[46,15],[105,4]],[[903,959],[12,-30],[-2,-23],[33,-12]],[[1400,787],[-4,-22],[-26,-48]],[[1125,772],[19,-5],[33,33],[39,1],[-25,38],[6,34],[27,11],[31,-24],[15,9],[13,-19],[31,-10],[28,-24],[58,-29]],[[924,466],[-177,-272]],[[692,681],[80,-3],[66,10]],[[621,847],[91,80],[40,13]],[[1615,1017],[-38,-114]],[[1577,903],[-32,-19],[-15,14],[-38,2],[-24,23],[-23,3],[-48,34],[-13,28],[25,21],[48,10],[23,-1],[37,14],[13,14],[39,-2],[46,-27]],[[787,1120],[-35,-180]],[[430,863],[83,349]],[[513,1212],[155,-54],[119,-38]],[[1693,760],[-11,23],[6,19],[-33,26],[-38,11],[-22,-1],[-6,52],[-12,13]],[[1615,1017],[21,-12],[65,-20],[25,-3],[43,-17],[41,2]],[[787,1120],[59,-19],[12,6],[31,-54],[-1,-31],[15,-63]],[[1571,556],[-180,33]],[[1400,787],[33,-28],[83,-15],[13,2],[45,-24]],[[162,810],[85,65],[-44,273],[-203,25],[1,263],[298,-6],[146,-195],[68,-23]]],"transform":{"scale":[0.00013464658462700115,0.0001080137541782749],"translate":[126.0001168980001,8.444657716000052]},"objects":{"bgysubmuns-municity-ph1606801":{"type":"GeometryCollection","geometries":[{"arcs":[[0,1,2,3]],"type":"Polygon","properties":{"ADM4_EN":"Amaga","ADM4_PCODE":"PH1606801001","ADM4_REF":null,"ADM3_EN":"Barobo","ADM3_PCODE":"PH1606801","ADM2_EN":"Surigao del Sur","ADM2_PCODE":"PH16068","ADM1_EN":"Region XIII (Caraga)","ADM1_PCODE":"PH16","ADM0_EN":"Philippines (the)","ADM0_PCODE":"PH","date":"2022/11/09","validOn":"2023/11/06","validTo":null,"Shape_Leng":0.0969057334872,"Shape_Area":0.000478449459115,"AREA_SQKM":5.82586692975},"id":"PH1606801001"},{"arcs":[[4,5,6,7]],"type":"Polygon","properties":{"ADM4_EN":"Bahi","ADM4_PCODE":"PH1606801002","ADM4_REF":null,"ADM3_EN":"Barobo","ADM3_PCODE":"PH1606801","ADM2_EN":"Surigao del Sur","ADM2_PCODE":"PH16068","ADM1_EN":"Region XIII (Caraga)","ADM1_PCODE":"PH16","ADM0_EN":"Philippines (the)","ADM0_PCODE":"PH","date":"2022/11/09","validOn":"2023/11/06","validTo":null,"Shape_Leng":0.158913092697,"Shape_Area":0.00130641138275,"AREA_SQKM":15.9087683737},"id":"PH1606801002"},{"arcs":[[8,9]],"type":"Polygon","properties":{"ADM4_EN":"Cabacungan","ADM4_PCODE":"PH1606801003","ADM4_REF":null,"ADM3_EN":"Barobo","ADM3_PCODE":"PH1606801","ADM2_EN":"Surigao del Sur","ADM2_PCODE":"PH16068","ADM1_EN":"Region XIII (Caraga)","ADM1_PCODE":"PH16","ADM0_EN":"Philippines (the)","ADM0_PCODE":"PH","date":"2022/11/09","validOn":"2023/11/06","validTo":null,"Shape_Leng":0.236658144334,"Shape_Area":0.00138803910438,"AREA_SQKM":16.9017221629},"id":"PH1606801003"},{"arcs":[[-7,10,11]],"type":"Polygon","properties":{"ADM4_EN":"Cambagang","ADM4_PCODE":"PH1606801005","ADM4_REF":null,"ADM3_EN":"Barobo","ADM3_PCODE":"PH1606801","ADM2_EN":"Surigao del Sur","ADM2_PCODE":"PH16068","ADM1_EN":"Region XIII (Caraga)","ADM1_PCODE":"PH16","ADM0_EN":"Philippines (the)","ADM0_PCODE":"PH","date":"2022/11/09","validOn":"2023/11/06","validTo":null,"Shape_Leng":0.160910103963,"Shape_Area":0.000963841644614,"AREA_SQKM":11.7370339774},"id":"PH1606801005"},{"arcs":[[12,13,14,15,16]],"type":"Polygon","properties":{"ADM4_EN":"Causwagan","ADM4_PCODE":"PH1606801006","ADM4_REF":null,"ADM3_EN":"Barobo","ADM3_PCODE":"PH1606801","ADM2_EN":"Surigao del Sur","ADM2_PCODE":"PH16068","ADM1_EN":"Region XIII (Caraga)","ADM1_PCODE":"PH16","ADM0_EN":"Philippines (the)","ADM0_PCODE":"PH","date":"2022/11/09","validOn":"2023/11/06","validTo":null,"Shape_Leng":0.116078596662,"Shape_Area":0.000492953100179,"AREA_SQKM":6.00266835309},"id":"PH1606801006"},{"arcs":[[17,18,19,20,21,22]],"type":"Polygon","properties":{"ADM4_EN":"Dapdap","ADM4_PCODE":"PH1606801007","ADM4_REF":null,"ADM3_EN":"Barobo","ADM3_PCODE":"PH1606801","ADM2_EN":"Surigao del Sur","ADM2_PCODE":"PH16068","ADM1_EN":"Region XIII (Caraga)","ADM1_PCODE":"PH16","ADM0_EN":"Philippines (the)","ADM0_PCODE":"PH","date":"2022/11/09","validOn":"2023/11/06","validTo":null,"Shape_Leng":0.0865042422494,"Shape_Area":0.00016704136851,"AREA_SQKM":2.03397214717},"id":"PH1606801007"},{"arcs":[[-21,23,-14,24,25,26,27]],"type":"Polygon","properties":{"ADM4_EN":"Dughan","ADM4_PCODE":"PH1606801008","ADM4_REF":null,"ADM3_EN":"Barobo","ADM3_PCODE":"PH1606801","ADM2_EN":"Surigao del Sur","ADM2_PCODE":"PH16068","ADM1_EN":"Region XIII (Caraga)","ADM1_PCODE":"PH16","ADM0_EN":"Philippines (the)","ADM0_PCODE":"PH","date":"2022/11/09","validOn":"2023/11/06","validTo":null,"Shape_Leng":0.107601349909,"Shape_Area":0.000530821890595,"AREA_SQKM":6.4638336869},"id":"PH1606801008"},{"arcs":[[-9,28,29,30,31,32]],"type":"Polygon","properties":{"ADM4_EN":"Gamut","ADM4_PCODE":"PH1606801009","ADM4_REF":null,"ADM3_EN":"Barobo","ADM3_PCODE":"PH1606801","ADM2_EN":"Surigao del Sur","ADM2_PCODE":"PH16068","ADM1_EN":"Region XIII (Caraga)","ADM1_PCODE":"PH16","ADM0_EN":"Philippines (the)","ADM0_PCODE":"PH","date":"2022/11/09","validOn":"2023/11/06","validTo":null,"Shape_Leng":0.235782978547,"Shape_Area":0.00238174129871,"AREA_SQKM":29.0017007911},"id":"PH1606801009"},{"arcs":[[33,34,-6,35]],"type":"Polygon","properties":{"ADM4_EN":"Javier","ADM4_PCODE":"PH1606801010","ADM4_REF":null,"ADM3_EN":"Barobo","ADM3_PCODE":"PH1606801","ADM2_EN":"Surigao del Sur","ADM2_PCODE":"PH16068","ADM1_EN":"Region XIII (Caraga)","ADM1_PCODE":"PH16","ADM0_EN":"Philippines (the)","ADM0_PCODE":"PH","date":"2022/11/09","validOn":"2023/11/06","validTo":null,"Shape_Leng":0.190308476055,"Shape_Area":0.00221377374605,"AREA_SQKM":26.9599631049},"id":"PH1606801010"},{"arcs":[[36,-15,-24,-20,37]],"type":"Polygon","properties":{"ADM4_EN":"Kinayan","ADM4_PCODE":"PH1606801011","ADM4_REF":null,"ADM3_EN":"Barobo","ADM3_PCODE":"PH1606801","ADM2_EN":"Surigao del Sur","ADM2_PCODE":"PH16068","ADM1_EN":"Region XIII (Caraga)","ADM1_PCODE":"PH16","ADM0_EN":"Philippines (the)","ADM0_PCODE":"PH","date":"2022/11/09","validOn":"2023/11/06","validTo":null,"Shape_Leng":0.0890827298121,"Shape_Area":0.000198578301366,"AREA_SQKM":2.41801684297},"id":"PH1606801011"},{"arcs":[[39,-36,-5,-2]],"type":"Polygon","properties":{"ADM4_EN":"Mamis","ADM4_PCODE":"PH1606801013","ADM4_REF":null,"ADM3_EN":"Barobo","ADM3_PCODE":"PH1606801","ADM2_EN":"Surigao del Sur","ADM2_PCODE":"PH16068","ADM1_EN":"Region XIII (Caraga)","ADM1_PCODE":"PH16","ADM0_EN":"Philippines (the)","ADM0_PCODE":"PH","date":"2022/11/09","validOn":"2023/11/06","validTo":null,"Shape_Leng":0.110050407823,"Shape_Area":0.000705335441883,"AREA_SQKM":8.5889677324},"id":"PH1606801013"},{"arcs":[[-22,-28,40,41,42]],"type":"Polygon",