{"type":"Topology","arcs":[[[859,426],[-68,-12]],[[791,414],[-44,108]],[[747,522],[19,51],[55,7],[-15,138],[-35,37]],[[771,755],[22,64],[-44,52]],[[749,871],[105,47]],[[854,918],[3,-87],[31,-135],[39,-25],[33,-157],[-40,-61],[-61,-27]],[[456,296],[68,-58],[103,-28]],[[627,210],[-112,-72]],[[515,138],[-138,-18]],[[377,120],[-85,108]],[[292,228],[21,50]],[[313,278],[44,29]],[[357,307],[99,-11]],[[770,208],[-11,-89],[-32,-56],[-102,-5],[-77,18]],[[548,76],[-33,62]],[[627,210],[51,54]],[[678,264],[50,-64],[42,8]],[[613,312],[65,-48]],[[456,296],[11,53],[72,33]],[[539,382],[74,-70]],[[606,849],[-58,-28]],[[548,821],[-16,74],[-38,59]],[[494,954],[12,65]],[[506,1019],[90,12]],[[596,1031],[-13,-73],[23,-109]],[[713,372],[84,-103]],[[797,269],[-27,-61]],[[613,312],[49,52],[51,8]],[[749,871],[-51,86],[15,86]],[[713,1043],[87,4],[-9,-58],[63,-71]],[[511,550],[-53,-65]],[[458,485],[-59,-28]],[[399,457],[-80,36]],[[319,493],[88,108]],[[407,601],[104,-51]],[[233,258],[40,-45]],[[273,213],[-31,-31]],[[242,182],[-55,-9]],[[187,173],[-28,-6]],[[159,167],[6,40]],[[165,207],[66,53]],[[231,260],[2,-2]],[[749,871],[-143,-22]],[[596,1031],[117,12]],[[747,522],[-37,12]],[[710,534],[-43,29],[-31,72],[-57,31]],[[579,666],[-5,36]],[[574,702],[116,66],[81,-13]],[[377,120],[1,-19]],[[378,101],[-98,-33],[-25,14]],[[255,82],[-13,100]],[[273,213],[19,15]],[[255,82],[-101,-41]],[[154,41],[13,66]],[[167,107],[20,66]],[[547,649],[-36,-99]],[[407,601],[36,72]],[[443,673],[104,-24]],[[240,277],[-7,-19]],[[231,260],[-50,18]],[[181,278],[25,28]],[[206,306],[34,-29]],[[264,311],[-24,-34]],[[206,306],[33,45]],[[239,351],[46,6]],[[285,357],[-21,-46]],[[157,253],[-4,-5]],[[153,248],[-41,38]],[[112,286],[39,30]],[[151,316],[6,-63]],[[791,414],[-78,-42]],[[539,382],[8,6]],[[547,388],[15,42],[122,62],[26,42]],[[264,311],[49,-33]],[[494,954],[-94,-49]],[[400,905],[-21,135],[90,-30],[37,9]],[[165,207],[-12,41]],[[157,253],[24,25]],[[399,457],[-39,-14],[-32,-64]],[[328,379],[-43,-22]],[[239,351],[15,59]],[[254,410],[65,83]],[[328,379],[29,-72]],[[458,485],[89,-97]],[[547,649],[32,17]],[[859,426],[11,-74],[-73,-83]],[[159,167],[-82,3]],[[77,170],[-77,23],[112,93]],[[151,316],[103,94]],[[443,673],[2,94]],[[445,767],[103,54]],[[548,821],[26,-119]],[[548,76],[-116,-30],[-54,55]],[[167,107],[-85,-21]],[[82,86],[-5,84]],[[154,41],[-85,-41],[-30,32],[43,54]],[[445,767],[-45,138]]],"transform":{"scale":[0.00010762460312498946,0.0001076927115568221],"translate":[120.37651335400005,16.092566695000073]},"objects":{"bgysubmuns-municity-ph0105533":{"type":"GeometryCollection","geometries":[{"arcs":[[0,1,2,3,4,5]],"type":"Polygon","properties":{"ADM4_EN":"Ambalangan-Dalin","ADM4_PCODE":"PH0105533001","ADM4_REF":null,"ADM3_EN":"San Fabian","ADM3_PCODE":"PH0105533","ADM2_EN":"Pangasinan","ADM2_PCODE":"PH01055","ADM1_EN":"Region I (Ilocos Region)","ADM1_PCODE":"PH01","ADM0_EN":"Philippines (the)","ADM0_PCODE":"PH","date":"2022/11/09","validOn":"2023/11/06","validTo":null,"Shape_Leng":0.144841902659,"Shape_Area":0.000687527218663,"AREA_SQKM":8.13688208419},"id":"PH0105533001"},{"arcs":[[6,7,8,9,10,11,12]],"type":"Polygon","properties":{"ADM4_EN":"Angio","ADM4_PCODE":"PH0105533002","ADM4_REF":null,"ADM3_EN":"San Fabian","ADM3_PCODE":"PH0105533","ADM2_EN":"Pangasinan","ADM2_PCODE":"PH01055","ADM1_EN":"Region I (Ilocos Region)","ADM1_PCODE":"PH01","ADM0_EN":"Philippines (the)","ADM0_PCODE":"PH","date":"2022/11/09","validOn":"2023/11/06","validTo":null,"Shape_Leng":0.0948715618003,"Shape_Area":0.000419548258253,"AREA_SQKM":4.96643829049},"id":"PH0105533002"},{"arcs":[[13,14,-8,15,16]],"type":"Polygon","properties":{"ADM4_EN":"Anonang","ADM4_PCODE":"PH0105533003","ADM4_REF":null,"ADM3_EN":"San Fabian","ADM3_PCODE":"PH0105533","ADM2_EN":"Pangasinan","ADM2_PCODE":"PH01055","ADM1_EN":"Region I (Ilocos Region)","ADM1_PCODE":"PH01","ADM0_EN":"Philippines (the)","ADM0_PCODE":"PH","date":"2022/11/09","validOn":"2023/11/06","validTo":null,"Shape_Leng":0.0870860556282,"Shape_Area":0.000384043299086,"AREA_SQKM":4.54632730109},"id":"PH0105533003"},{"arcs":[[17,-16,-7,18,19]],"type":"Polygon","properties":{"ADM4_EN":"Aramal","ADM4_PCODE":"PH0105533004","ADM4_REF":null,"ADM3_EN":"San Fabian","ADM3_PCODE":"PH0105533","ADM2_EN":"Pangasinan","ADM2_PCODE":"PH01055","ADM1_EN":"Region I (Ilocos Region)","ADM1_PCODE":"PH01","ADM0_EN":"Philippines (the)","ADM0_PCODE":"PH","date":"2022/11/09","validOn":"2023/11/06","validTo":null,"Shape_Leng":0.065319341538,"Shape_Area":0.00025800703971,"AREA_SQKM":3.05405405355},"id":"PH0105533004"},{"arcs":[[20,21,22,23,24]],"type":"Polygon","properties":{"ADM4_EN":"Bigbiga","ADM4_PCODE":"PH0105533006","ADM4_REF":null,"ADM3_EN":"San Fabian","ADM3_PCODE":"PH0105533","ADM2_EN":"Pangasinan","ADM2_PCODE":"PH01055","ADM1_EN":"Region I (Ilocos Region)","ADM1_PCODE":"PH01","ADM0_EN":"Philippines (the)","ADM0_PCODE":"PH","date":"2022/11/09","validOn":"2023/11/06","validTo":null,"Shape_Leng":0.0615728335774,"Shape_Area":0.000179606792456,"AREA_SQKM":2.12529474233},"id":"PH0105533006"},{"arcs":[[25,26,-17,-18,27]],"type":"Polygon","properties":{"ADM4_EN":"Binday","ADM4_PCODE":"PH0105533007","ADM4_REF":null,"ADM3_EN":"San Fabian","ADM3_PCODE":"PH0105533","ADM2_EN":"Pangasinan","ADM2_PCODE":"PH01055","ADM1_EN":"Region I (Ilocos Region)","ADM1_PCODE":"PH01","ADM0_EN":"Philippines (the)","ADM0_PCODE":"PH","date":"2022/11/09","validOn":"2023/11/06","validTo":null,"Shape_Leng":0.0592660845275,"Shape_Area":0.00018412042161,"AREA_SQKM":2.17944931764},"id":"PH0105533007"},{"arcs":[[-5,28,29]],"type":"Polygon","properties":{"ADM4_EN":"Bolaoen","ADM4_PCODE":"PH0105533008","ADM4_REF":null,"ADM3_EN":"San Fabian","ADM3_PCODE":"PH0105533","ADM2_EN":"Pangasinan","ADM2_PCODE":"PH01055","ADM1_EN":"Region I (Ilocos Region)","ADM1_PCODE":"PH01","ADM0_EN":"Philippines (the)","ADM0_PCODE":"PH","date":"2022/11/09","validOn":"2023/11/06","validTo":null,"Shape_Leng":0.0601882461678,"Shape_Area":0.000179438399487,"AREA_SQKM":2.1232719741},"id":"PH0105533008"},{"arcs":[[30,31,32,33,34]],"type":"Polygon","properties":{"ADM4_EN":"Bolasi","ADM4_PCODE":"PH0105533009","ADM4_REF":null,"ADM3_EN":"San Fabian","ADM3_PCODE":"PH0105533","ADM2_EN":"Pangasinan","ADM2_PCODE":"PH01055","ADM1_EN":"Region I (Ilocos Region)","ADM1_PCODE":"PH01","ADM0_EN":"Philippines (the)","ADM0_PCODE":"PH","date":"2022/11/09","validOn":"2023/11/06","validTo":null,"Shape_Leng":0.0615602776133,"Shape_Area":0.000159243268112,"AREA_SQKM":1.88474305268},"id":"PH0105533009"},{"arcs":[[35,36,37,38,39,40,41]],"type":"Polygon","properties":{"ADM4_EN":"Cayanga","ADM4_PCODE":"PH0105533010","ADM4_REF":null,"ADM3_EN":"San Fabian","ADM3_PCODE":"PH0105533","ADM2_EN":"Pangasinan","ADM2_PCODE":"PH01055","ADM1_EN":"Region I (Ilocos Region)","ADM1_PCODE":"PH01","ADM0_EN":"Philippines (the)","ADM0_PCODE":"PH","date":"2022/11/09","validOn":"2023/11/06","validTo":null,"Shape_Leng":0.0375781580303,"Shape_Area":0.0000610515979788,"AREA_SQKM":0.722704896116},"id":"PH0105533010"},{"arcs":[[42,-25,43,-29]],"type":"Polygon","properties":{"ADM4_EN":"Gumot","ADM4_PCODE":"PH0105533011","ADM4_REF":null,"ADM3_EN":"San Fabian","ADM3_PCODE":"PH0105533","ADM2_EN":"Pangasinan","ADM2_PCODE":"PH01055","ADM1_EN":"Region I (Ilocos Region)","ADM1_PCODE":"PH01","ADM0_EN":"Philippines (the)","ADM0_PCODE":"PH","date":"2022/11/09","validOn":"2023/11/06","validTo":null,"Shape_Leng":0.0696682162798,"Shape_Area":0.000255284444391,"AREA_SQKM":3.02078137417},"id":"PH0105533011"},{"arcs":[[-3,44,45,46,47]],"type":"Polygon","properties":{"ADM4_EN":"Inmalog","ADM4_PCODE":"PH0105533012","ADM4_REF":null,"ADM3_EN":"San Fabian","ADM3_PCODE":"PH0105533","ADM2_EN":"Pangasinan","ADM2_PCODE":"PH01055","ADM1_EN":"Region I (Ilocos Region)","ADM1_PCODE":"PH01","ADM0_EN":"Philippines (the)","ADM0_PCODE":"PH","date":"2022/11/09","validOn":"2023/11/06","validTo":null,"Shape_Leng":0.0851381981992,"Shape_Area":0.000425315072032,"AREA_SQKM":5.03351858467},"id":"PH0105533012"},{"arcs":[[48,49,50,-37,51,-10]],"type":"Polygon",