{"type":"Topology","arcs":[[[329,502],[19,-46],[60,23],[26,-21]],[[434,458],[-120,-118]],[[314,340],[-148,45],[-14,56],[-50,29]],[[102,470],[71,6]],[[173,476],[53,25],[103,1]],[[496,1386],[-74,-3],[-18,-37]],[[404,1346],[-35,13]],[[369,1359],[-28,38]],[[341,1397],[56,62]],[[397,1459],[99,-73]],[[313,1227],[30,-27]],[[343,1200],[9,-31]],[[352,1169],[24,-8],[46,-86],[33,-19]],[[455,1056],[-5,-5]],[[450,1051],[-122,-5],[-76,32]],[[252,1078],[-17,77],[37,46],[-7,27]],[[265,1228],[48,-1]],[[785,919],[-26,-82],[-60,-35],[-153,-15]],[[546,787],[-39,17]],[[507,804],[-40,36]],[[467,840],[2,53]],[[469,893],[238,89]],[[707,982],[78,-63]],[[341,1285],[7,-5]],[[348,1280],[7,-4]],[[355,1276],[4,-11]],[[359,1265],[-31,-38],[15,-27]],[[313,1227],[-19,58]],[[294,1285],[47,0]],[[840,866],[-55,53]],[[707,982],[67,72]],[[774,1054],[105,82]],[[879,1136],[133,-96],[-172,-174]],[[341,1397],[-3,54],[-49,13],[24,65],[71,7],[20,-20],[-7,-57]],[[496,1386],[173,-102]],[[669,1284],[-84,-36]],[[585,1248],[-36,6],[-50,-24],[-56,-7],[-91,-54]],[[359,1265],[19,22]],[[378,1287],[14,11]],[[392,1298],[12,48]],[[546,787],[168,-56]],[[714,731],[-192,-185]],[[522,546],[-13,85]],[[509,631],[-9,115],[7,58]],[[289,1314],[5,-29]],[[265,1228],[-56,43]],[[209,1271],[95,85]],[[304,1356],[-15,-42]],[[314,340],[-314,-340],[37,476],[-6,42]],[[31,518],[71,-48]],[[171,593],[2,-117]],[[31,518],[10,100]],[[41,618],[58,13],[27,-38],[45,0]],[[469,893],[20,13],[-14,53],[-46,17],[29,48],[-8,27]],[[455,1056],[68,70],[57,29]],[[580,1155],[130,-83],[64,-18]],[[585,1248],[29,-28],[-7,-41],[-27,-24]],[[522,546],[-88,-88]],[[329,502],[10,27],[52,28],[-13,40]],[[378,597],[68,33],[63,1]],[[331,1322],[12,-12]],[[343,1310],[15,-12]],[[358,1298],[-2,-3]],[[356,1295],[-11,-3]],[[345,1292],[-29,23]],[[316,1315],[15,7]],[[345,1292],[-4,-7]],[[289,1314],[27,1]],[[356,1295],[2,-3]],[[358,1292],[-10,-12]],[[367,1288],[-12,-12]],[[358,1292],[9,-4]],[[367,1288],[11,-1]],[[392,1298],[-22,6]],[[370,1304],[-2,3]],[[368,1307],[-30,22]],[[338,1329],[21,32]],[[359,1361],[10,-2]],[[368,1307],[-25,3]],[[331,1322],[7,7]],[[370,1304],[-12,-6]],[[252,1078],[-80,-137]],[[172,941],[-99,-9]],[[73,932],[25,216],[111,123]],[[171,593],[44,89],[147,55]],[[362,737],[16,-140]],[[362,737],[105,103]],[[304,1356],[55,5]],[[362,737],[-84,69],[-81,27],[-25,108]],[[669,1284],[73,-45],[137,-103]],[[41,618],[18,69],[20,174],[-6,71]],[[840,866],[-126,-135]]],"transform":{"scale":[0.00025679150889329065,0.0003032087799479018],"translate":[122.72332949600002,9.597365594000053]},"objects":{"bgysubmuns-municity-ph0604515":{"type":"GeometryCollection","geometries":[{"arcs":[[0,1,2,3,4]],"type":"Polygon","properties":{"ADM4_EN":"Bantayan","ADM4_PCODE":"PH0604515001","ADM4_REF":null,"ADM3_EN":"City of Kabankalan","ADM3_PCODE":"PH0604515","ADM2_EN":"Negros Occidental","ADM2_PCODE":"PH06045","ADM1_EN":"Region VI (Western Visayas)","ADM1_PCODE":"PH06","ADM0_EN":"Philippines (the)","ADM0_PCODE":"PH","date":"2022/11/09","validOn":"2023/11/06","validTo":null,"Shape_Leng":0.258664268256,"Shape_Area":0.00231454243941,"AREA_SQKM":28.0909887748},"id":"PH0604515001"},{"arcs":[[5,6,7,8,9]],"type":"Polygon","properties":{"ADM4_EN":"Binicuil","ADM4_PCODE":"PH0604515002","ADM4_REF":null,"ADM3_EN":"City of Kabankalan","ADM3_PCODE":"PH0604515","ADM2_EN":"Negros Occidental","ADM2_PCODE":"PH06045","ADM1_EN":"Region VI (Western Visayas)","ADM1_PCODE":"PH06","ADM0_EN":"Philippines (the)","ADM0_PCODE":"PH","date":"2022/11/09","validOn":"2023/11/06","validTo":null,"Shape_Leng":0.123961581343,"Shape_Area":0.000594765015475,"AREA_SQKM":7.21221916111},"id":"PH0604515002"},{"arcs":[[10,11,12,13,14,15,16]],"type":"Polygon","properties":{"ADM4_EN":"Camansi","ADM4_PCODE":"PH0604515003","ADM4_REF":null,"ADM3_EN":"City of Kabankalan","ADM3_PCODE":"PH0604515","ADM2_EN":"Negros Occidental","ADM2_PCODE":"PH06045","ADM1_EN":"Region VI (Western Visayas)","ADM1_PCODE":"PH06","ADM0_EN":"Philippines (the)","ADM0_PCODE":"PH","date":"2022/11/09","validOn":"2023/11/06","validTo":null,"Shape_Leng":0.201204974085,"Shape_Area":0.00176459761324,"AREA_SQKM":21.4032392706},"id":"PH0604515003"},{"arcs":[[17,18,19,20,21,22]],"type":"Polygon","properties":{"ADM4_EN":"Camingawan","ADM4_PCODE":"PH0604515004","ADM4_REF":null,"ADM3_EN":"City of Kabankalan","ADM3_PCODE":"PH0604515","ADM2_EN":"Negros Occidental","ADM2_PCODE":"PH06045","ADM1_EN":"Region VI (Western Visayas)","ADM1_PCODE":"PH06","ADM0_EN":"Philippines (the)","ADM0_PCODE":"PH","date":"2022/11/09","validOn":"2023/11/06","validTo":null,"Shape_Leng":0.24796455414,"Shape_Area":0.00318588890081,"AREA_SQKM":38.6509288399},"id":"PH0604515004"},{"arcs":[[23,24,25,26,-11,27,28]],"type":"Polygon","properties":{"ADM4_EN":"Camugao","ADM4_PCODE":"PH0604515005","ADM4_REF":null,"ADM3_EN":"City of Kabankalan","ADM3_PCODE":"PH0604515","ADM2_EN":"Negros Occidental","ADM2_PCODE":"PH06045","ADM1_EN":"Region VI (Western Visayas)","ADM1_PCODE":"PH06","ADM0_EN":"Philippines (the)","ADM0_PCODE":"PH","date":"2022/11/09","validOn":"2023/11/06","validTo":null,"Shape_Leng":0.0858720905431,"Shape_Area":0.00030964674753,"AREA_SQKM":3.75531659192},"id":"PH0604515005"},{"arcs":[[29,-23,30,31,32]],"type":"Polygon","properties":{"ADM4_EN":"Carol-an","ADM4_PCODE":"PH0604515006","ADM4_REF":null,"ADM3_EN":"City of Kabankalan","ADM3_PCODE":"PH0604515","ADM2_EN":"Negros Occidental","ADM2_PCODE":"PH06045","ADM1_EN":"Region VI (Western Visayas)","ADM1_PCODE":"PH06","ADM0_EN":"Philippines (the)","ADM0_PCODE":"PH","date":"2022/11/09","validOn":"2023/11/06","validTo":null,"Shape_Leng":0.227453626942,"Shape_Area":0.00317730017578,"AREA_SQKM":38.5422186395},"id":"PH0604515006"},{"arcs":[[-9,33]],"type":"Polygon","properties":{"ADM4_EN":"Daan Banua","ADM4_PCODE":"PH0604515007","ADM4_REF":null,"ADM3_EN":"City of Kabankalan","ADM3_PCODE":"PH0604515","ADM2_EN":"Negros Occidental","ADM2_PCODE":"PH06045","ADM1_EN":"Region VI (Western Visayas)","ADM1_PCODE":"PH06","ADM0_EN":"Philippines (the)","ADM0_PCODE":"PH","date":"2022/11/09","validOn":"2023/11/06","validTo":null,"Shape_Leng":0.171391370779,"Shape_Area":0.000862650040735,"AREA_SQKM":10.4598875628},"id":"PH0604515007"},{"arcs":[[34,35,36,-12,-27,37,38,39,-6]],"type":"Polygon","properties":{"ADM4_EN":"Hilamonan","ADM4_PCODE":"PH0604515008","ADM4_REF":null,"ADM3_EN":"City of Kabankalan","ADM3_PCODE":"PH0604515","ADM2_EN":"Negros Occidental","ADM2_PCODE":"PH06045","ADM1_EN":"Region VI (Western Visayas)","ADM1_PCODE":"PH06","ADM0_EN":"Philippines (the)","ADM0_PCODE":"PH","date":"2022/11/09","validOn":"2023/11/06","validTo":null,"Shape_Leng":0.276673874463,"Shape_Area":0.00276775435687,"AREA_SQKM":33.5656892808},"id":"PH0604515008"},{"arcs":[[40,41,42,43,-19]],"type":"Polygon","properties":{"ADM4_EN":"Inapoy","ADM4_PCODE":"PH0604515009","ADM4_REF":null,"ADM3_EN":"City of Kabankalan","ADM3_PCODE":"PH0604515","ADM2_EN":"Negros Occidental","ADM2_PCODE":"PH06045","ADM1_EN":"Region VI (Western Visayas)","ADM1_PCODE":"PH06","ADM0_EN":"Philippines (the)","ADM0_PCODE":"PH","date":"2022/11/09","validOn":"2023/11/06","validTo":null,"Shape_Leng":0.227858863846,"Shape_Area":0.00213585544233,"AREA_SQKM":25.9162523892},"id":"PH0604515009"},{"arcs":[[44,-28,-17,45,46,47]],"type":"Polygon","properties":{"ADM4_EN":"Linao","ADM4_PCODE":"PH0604515010","ADM4_REF":null,"ADM3_EN":"City of Kabankalan","ADM3_PCODE":"PH0604515","ADM2_EN":"Negros Occidental","ADM2_PCODE":"PH06045","ADM1_EN":"Region VI (Western Visayas)","ADM1_PCODE":"PH06","ADM0_EN":"Philippines (the)","ADM0_PCODE":"PH","date":"2022/11/09","validOn":"2023/11/06","validTo":null,"Shape_Leng":0.121927080292,"Shape_Area":0.000424711836828,"AREA_SQKM":5.15072987499},"id":"PH0604515010"},{"arcs":[[-3,48,49]],"type":"Polygon","properties":{"ADM4_EN":"Locotan","ADM4_PCODE":"PH0604515011","ADM4_REF":null,"ADM3_EN":"City of Kabankalan","ADM3_PCODE":"PH0604515","ADM2_EN":"Negros Occidental","ADM2_PCODE":"PH06045","ADM1_EN":"Region VI (Western Visayas)","ADM1_PCODE":"PH06","ADM0_EN":"Philippines (the)","ADM0_PCODE":"PH",