{"type":"Topology","arcs":[[[1078,1340],[-45,-62],[-83,-39]],[[950,1239],[-14,16],[38,108]],[[974,1363],[61,2]],[[1035,1365],[7,-1]],[[1042,1364],[36,-24]],[[1129,1799],[43,-59],[7,-85],[-58,-22],[-7,-55]],[[1114,1578],[-119,68]],[[995,1646],[-34,34],[77,74]],[[1038,1754],[19,57],[72,-12]],[[1078,1340],[-5,-54],[-64,-89],[-59,42]],[[680,1655],[-5,-34]],[[675,1621],[-37,7],[-137,-34],[-42,22],[-71,-7],[-64,19]],[[324,1628],[-13,40],[-142,-9],[13,94],[65,20],[30,-41],[91,42],[26,-97],[61,-10],[137,67],[42,-9],[46,-70]],[[333,740],[14,-74],[52,-157],[46,-25],[-11,-106],[11,-79],[71,-85],[173,-157],[-93,-6],[-119,-51],[-119,4],[-68,51],[-49,116],[-54,-4],[-54,160],[-76,5],[-45,-33],[-12,97],[19,127],[55,175]],[[74,698],[34,-39],[91,52],[50,-15],[84,44]],[[513,1477],[-31,-33],[24,-80],[70,19],[40,-20]],[[616,1363],[-44,-27],[-76,-2],[-90,-34],[6,-61],[-96,-23],[14,-38]],[[330,1178],[-31,-19],[-69,48],[29,39],[-18,47],[-129,117]],[[112,1410],[24,67],[55,63],[112,7],[27,27]],[[330,1574],[183,-97]],[[870,1625],[5,-39]],[[875,1586],[-75,-42]],[[800,1544],[-42,1]],[[758,1545],[-42,10]],[[716,1555],[-41,66]],[[680,1655],[25,70],[68,18]],[[773,1743],[43,-35],[15,-77],[39,-6]],[[330,1178],[70,-76],[-63,-92],[26,-146],[-32,-28],[2,-96]],[[74,698],[-15,180],[125,215],[-37,69],[-101,30],[-13,107],[25,65],[54,46]],[[1135,1442],[-93,-78]],[[1035,1365],[87,108]],[[1122,1473],[13,-31]],[[1114,1578],[-16,-38]],[[1098,1540],[-99,-31]],[[999,1509],[-18,95]],[[981,1604],[14,42]],[[1096,1501],[-77,-67],[-29,21]],[[990,1455],[6,52]],[[996,1507],[3,2]],[[1098,1540],[-2,-39]],[[716,1555],[-44,-58]],[[672,1497],[-60,34],[-70,-15],[-29,-39]],[[330,1574],[-6,54]],[[904,1570],[-37,-80]],[[867,1490],[-14,-16]],[[853,1474],[-53,70]],[[875,1586],[29,-16]],[[878,1479],[-38,-48],[-50,15]],[[790,1446],[-29,28]],[[761,1474],[22,11]],[[783,1485],[70,-11]],[[867,1490],[11,-11]],[[996,1507],[-41,-3]],[[955,1504],[-51,66]],[[870,1625],[111,-21]],[[1135,1442],[-4,-92],[-53,-10]],[[990,1455],[-32,-12]],[[958,1443],[-2,23]],[[956,1466],[-1,38]],[[783,1485],[-25,60]],[[672,1497],[89,-23]],[[790,1446],[-26,-39],[-94,-12],[-54,-32]],[[974,1363],[-16,80]],[[1096,1501],[26,-28]],[[956,1466],[-78,13]],[[995,1769],[43,-15]],[[773,1743],[62,-3],[-11,74]],[[824,1814],[171,-45]],[[1007,1902],[11,-58],[-23,-75]],[[824,1814],[43,23],[-62,97],[62,13],[78,-40],[62,-5]],[[1007,1902],[49,86],[89,-97],[-39,-42],[23,-50]]],"transform":{"scale":[0.0000969345453774234,0.00009361659657947867],"translate":[120.61983316200006,14.767760086000068]},"objects":{"bgysubmuns-municity-ph0305410":{"type":"GeometryCollection","geometries":[{"arcs":[[0,1,2,3,4]],"type":"Polygon","properties":{"ADM4_EN":"Batasan","ADM4_PCODE":"PH0305410001","ADM4_REF":null,"ADM3_EN":"Macabebe","ADM3_PCODE":"PH0305410","ADM2_EN":"Pampanga","ADM2_PCODE":"PH03054","ADM1_EN":"Region III (Central Luzon)","ADM1_PCODE":"PH03","ADM0_EN":"Philippines (the)","ADM0_PCODE":"PH","date":"2022/11/09","validOn":"2023/11/06","validTo":null,"Shape_Leng":0.0515882678137,"Shape_Area":0.0000863419696903,"AREA_SQKM":1.02800899047},"id":"PH0305410001"},{"arcs":[[5,6,7,8]],"type":"Polygon","properties":{"ADM4_EN":"Caduang Tete","ADM4_PCODE":"PH0305410002","ADM4_REF":null,"ADM3_EN":"Macabebe","ADM3_PCODE":"PH0305410","ADM2_EN":"Pampanga","ADM2_PCODE":"PH03054","ADM1_EN":"Region III (Central Luzon)","ADM1_PCODE":"PH03","ADM0_EN":"Philippines (the)","ADM0_PCODE":"PH","date":"2022/11/09","validOn":"2023/11/06","validTo":null,"Shape_Leng":0.0732598368016,"Shape_Area":0.000251787572747,"AREA_SQKM":2.99735130724},"id":"PH0305410002"},{"arcs":[[-1,9]],"type":"Polygon","properties":{"ADM4_EN":"Candelaria","ADM4_PCODE":"PH0305410003","ADM4_REF":null,"ADM3_EN":"Macabebe","ADM3_PCODE":"PH0305410","ADM2_EN":"Pampanga","ADM2_PCODE":"PH03054","ADM1_EN":"Region III (Central Luzon)","ADM1_PCODE":"PH03","ADM0_EN":"Philippines (the)","ADM0_PCODE":"PH","date":"2022/11/09","validOn":"2023/11/06","validTo":null,"Shape_Leng":0.0474816712757,"Shape_Area":0.000073452794221,"AREA_SQKM":0.874569658411},"id":"PH0305410003"},{"arcs":[[10,11,12]],"type":"Polygon","properties":{"ADM4_EN":"Castuli","ADM4_PCODE":"PH0305410004","ADM4_REF":null,"ADM3_EN":"Macabebe","ADM3_PCODE":"PH0305410","ADM2_EN":"Pampanga","ADM2_PCODE":"PH03054","ADM1_EN":"Region III (Central Luzon)","ADM1_PCODE":"PH03","ADM0_EN":"Philippines (the)","ADM0_PCODE":"PH","date":"2022/11/09","validOn":"2023/11/06","validTo":null,"Shape_Leng":0.15476572017,"Shape_Area":0.000443368644487,"AREA_SQKM":5.27803104802},"id":"PH0305410004"},{"arcs":[[13,14]],"type":"Polygon","properties":{"ADM4_EN":"Consuelo","ADM4_PCODE":"PH0305410005","ADM4_REF":null,"ADM3_EN":"Macabebe","ADM3_PCODE":"PH0305410","ADM2_EN":"Pampanga","ADM2_PCODE":"PH03054","ADM1_EN":"Region III (Central Luzon)","ADM1_PCODE":"PH03","ADM0_EN":"Philippines (the)","ADM0_PCODE":"PH","date":"2022/11/09","validOn":"2023/11/06","validTo":null,"Shape_Leng":0.352331110461,"Shape_Area":0.00217312498861,"AREA_SQKM":25.8842355689},"id":"PH0305410005"},{"arcs":[[15,16,17,18,19]],"type":"Polygon","properties":{"ADM4_EN":"Dalayap","ADM4_PCODE":"PH0305410006","ADM4_REF":null,"ADM3_EN":"Macabebe","ADM3_PCODE":"PH0305410","ADM2_EN":"Pampanga","ADM2_PCODE":"PH03054","ADM1_EN":"Region III (Central Luzon)","ADM1_PCODE":"PH03","ADM0_EN":"Philippines (the)","ADM0_PCODE":"PH","date":"2022/11/09","validOn":"2023/11/06","validTo":null,"Shape_Leng":0.181024449706,"Shape_Area":0.000935003673618,"AREA_SQKM":11.1319824536},"id":"PH0305410006"},{"arcs":[[20,21,22,23,24,-11,25,26]],"type":"Polygon","properties":{"ADM4_EN":"Mataguiti","ADM4_PCODE":"PH0305410007","ADM4_REF":null,"ADM3_EN":"Macabebe","ADM3_PCODE":"PH0305410","ADM2_EN":"Pampanga","ADM2_PCODE":"PH03054","ADM1_EN":"Region III (Central Luzon)","ADM1_PCODE":"PH03","ADM0_EN":"Philippines (the)","ADM0_PCODE":"PH","date":"2022/11/09","validOn":"2023/11/06","validTo":null,"Shape_Leng":0.0747744727356,"Shape_Area":0.000229097976543,"AREA_SQKM":2.72732553094},"id":"PH0305410007"},{"arcs":[[27,-15,28,-18]],"type":"Polygon","properties":{"ADM4_EN":"San Esteban","ADM4_PCODE":"PH0305410008","ADM4_REF":null,"ADM3_EN":"Macabebe","ADM3_PCODE":"PH0305410","ADM2_EN":"Pampanga","ADM2_PCODE":"PH03054","ADM1_EN":"Region III (Central Luzon)","ADM1_PCODE":"PH03","ADM0_EN":"Philippines (the)","ADM0_PCODE":"PH","date":"2022/11/09","validOn":"2023/11/06","validTo":null,"Shape_Leng":0.227068392264,"Shape_Area":0.00142018524169,"AREA_SQKM":16.911327887},"id":"PH0305410008"},{"arcs":[[29,-4,30,31]],"type":"Polygon","properties":{"ADM4_EN":"San Francisco","ADM4_PCODE":"PH0305410009","ADM4_REF":null,"ADM3_EN":"Macabebe","ADM3_PCODE":"PH0305410","ADM2_EN":"Pampanga","ADM2_PCODE":"PH03054","ADM1_EN":"Region III (Central Luzon)","ADM1_PCODE":"PH03","ADM0_EN":"Philippines (the)","ADM0_PCODE":"PH","date":"2022/11/09","validOn":"2023/11/06","validTo":null,"Shape_Leng":0.0360305267878,"Shape_Area":0.0000434360998331,"AREA_SQKM":0.517137734496},"id":"PH0305410009"},{"arcs":[[32,33,34,35,-7]],"type":"Polygon","properties":{"ADM4_EN":"San Gabriel (Pob.)","ADM4_PCODE":"PH0305410010","ADM4_REF":null,"ADM3_EN":"Macabebe","ADM3_PCODE":"PH0305410","ADM2_EN":"Pampanga","ADM2_PCODE":"PH03054","ADM1_EN":"Region III (Central Luzon)","ADM1_PCODE":"PH03","ADM0_EN":"Philippines (the)","ADM0_PCODE":"PH","date":"2022/11/09","validOn":"2023/11/06","validTo":null,"Shape_Leng":0.0445264087378,"Shape_Area":0.000113782109037,"AREA_SQKM":1.35456790404},"id":"PH0305410010"},{"arcs":[[36,37,38,-34,39]],"type":"Polygon","properties":{"ADM4_EN":"San Isidro","ADM4_PCODE":"PH0305410011","ADM4_REF":null,"ADM3_EN":"Macabebe","ADM3_PCODE":"PH0305410","ADM2_EN":"Pampanga","ADM2_PCODE":"PH03054","ADM1_EN":"Region III (Central Luzon)","ADM1_PCODE":"PH03","ADM0_EN":"Philippines (the)","ADM0_PCODE":"PH","date":"2022/11/09","validOn":"2023/11/06","validTo":null,"Shape_Leng":0.0370625997587,"Shape_Area":0.0000574373622463,"AREA_SQKM":0.683813893532},"id":"PH0305410011"},{"arcs":[[-25,40,41,-20,42,-12]],"type":"Polygon",