{"type":"Topology","arcs":[[[3403,746],[-111,-36],[-510,-178]],[[2782,532],[2,1],[-18,17],[-19,13],[-19,18],[-44,36],[-25,20],[-23,16],[-41,20],[-41,11],[-25,5],[-48,6],[-30,2],[-27,2],[-18,3],[-12,7],[-3,-1]],[[2391,708],[-5,7],[-3,22],[1,9],[5,6],[-5,4],[-1,7],[-9,23],[14,9],[13,5],[17,9],[12,5],[9,16],[-7,5],[4,6],[0,23],[4,57],[5,213]],[[2445,1134],[249,86],[87,33],[296,41]],[[3077,1294],[75,-118],[251,-430]],[[2001,2701],[-169,-875]],[[1832,1826],[-176,43],[-445,-357],[-2,-92],[-14,-58],[-56,-117],[-274,-239]],[[865,1006],[-197,15],[-170,107],[-57,37],[-183,125]],[[258,1290],[101,48],[121,116],[41,78],[6,48],[1012,1325],[462,-204]],[[3192,230],[243,100],[131,170]],[[3566,500],[92,-162],[20,-29],[22,-125],[-53,-144],[-57,-40],[-61,18],[-52,17],[-4,4],[-29,11],[-8,3],[-16,9],[-17,4],[-25,15],[-12,9],[-11,6],[-21,15],[-9,9],[-20,13],[-38,35],[-16,17],[-15,14],[-30,20],[-14,11]],[[2126,2655],[19,-1112],[44,-260],[256,-149]],[[2391,708],[-3,-6],[14,-6],[16,-1],[-3,-4],[-11,0],[-29,5],[-21,-1],[-51,5],[-15,4],[-49,-1],[-39,-5],[-10,-2],[-51,-6],[-39,-1],[-18,-1],[-17,1],[-34,0],[-54,2],[-29,0],[-28,-3],[-13,0],[-18,-2],[-25,1],[-52,-5],[-21,-1]],[[1791,681],[18,88],[156,191],[-133,866]],[[2001,2701],[125,-46]],[[865,1006],[-87,-101],[-4,-18],[-10,-12],[-52,-21],[-16,-17],[-60,-36],[-9,-11],[-13,-20]],[[614,770],[-10,-1],[-10,6],[-23,4],[-8,3],[-34,6],[-7,0],[-39,8],[-14,5],[-49,21],[-5,0],[-26,13],[-16,5],[-6,5],[-12,7],[-27,17],[-7,5],[-10,4],[-15,9],[-11,-1],[-5,7],[-6,1],[-12,5],[-9,-2],[-9,2],[-6,-2],[-30,6],[-13,5],[-15,0],[3,-4],[-35,-2],[-18,2],[-4,-3],[-33,3],[-10,4],[-3,-4],[-25,1],[-17,2],[-38,-1],[9,32],[43,135],[16,33],[1,27],[189,157]],[[2126,2655],[200,-75],[-1,-7],[517,-870],[235,-409]],[[3192,230],[-32,26],[-22,20],[-17,18],[-9,11],[-21,28],[-22,25],[-25,34],[-9,11],[-11,18],[-20,16],[-23,14],[-60,26],[-14,4],[-33,12],[-12,1],[-6,5],[-23,8],[-8,5],[-6,1],[-12,9],[-15,9],[-10,1]],[[3403,746],[68,-107],[95,-139]],[[1295,710],[-32,-4],[-26,0],[-11,-2],[-44,-2],[-63,6],[-19,0],[-12,1],[-87,19],[-50,6],[-7,-1],[-15,3],[-6,-1],[-18,3],[-7,-2],[-19,5],[-8,0],[-25,4],[-6,-2],[-18,3],[-14,2],[-18,-1],[-8,2],[-9,-2],[-27,7],[-18,2],[-30,2],[-29,5],[-10,0],[-45,7]],[[865,1006],[308,-81],[163,-60],[-41,-155]],[[1791,681],[-9,0],[-32,7],[-27,0],[-40,-9],[-10,0],[-17,5],[-6,8],[-8,-8],[2,-3],[-12,-3],[-18,0],[-36,3],[-39,4],[-10,-1],[-27,5],[-40,7],[-23,5],[-20,1],[-11,3],[-42,2],[-37,4],[-34,-1]]],"transform":{"scale":[0.000018279896486503917,0.00003325440378655994],"translate":[124.69706773300005,9.080324517000065]},"objects":{"bgysubmuns-municity-ph1001805":{"type":"GeometryCollection","geometries":[{"arcs":[[0,1,2,3,4]],"type":"Polygon","properties":{"ADM4_EN":"Alangilan","ADM4_PCODE":"PH1001805001","ADM4_REF":null,"ADM3_EN":"Sagay","ADM3_PCODE":"PH1001805","ADM2_EN":"Camiguin","ADM2_PCODE":"PH10018","ADM1_EN":"Region X (Northern Mindanao)","ADM1_PCODE":"PH10","ADM0_EN":"Philippines (the)","ADM0_PCODE":"PH","date":"2022/11/09","validOn":"2023/11/06","validTo":null,"Shape_Leng":0.0702339687935,"Shape_Area":0.00030665084727,"AREA_SQKM":3.72821909596},"id":"PH1001805001"},{"arcs":[[5,6,7,8]],"type":"Polygon","properties":{"ADM4_EN":"Bacnit","ADM4_PCODE":"PH1001805002","ADM4_REF":null,"ADM3_EN":"Sagay","ADM3_PCODE":"PH1001805","ADM2_EN":"Camiguin","ADM2_PCODE":"PH10018","ADM1_EN":"Region X (Northern Mindanao)","ADM1_PCODE":"PH10","ADM0_EN":"Philippines (the)","ADM0_PCODE":"PH","date":"2022/11/09","validOn":"2023/11/06","validTo":null,"Shape_Leng":0.150688697082,"Shape_Area":0.000851335246471,"AREA_SQKM":10.3494627677},"id":"PH1001805002"},{"arcs":[[9,10]],"type":"Polygon","properties":{"ADM4_EN":"Balite","ADM4_PCODE":"PH1001805003","ADM4_REF":null,"ADM3_EN":"Sagay","ADM3_PCODE":"PH1001805","ADM2_EN":"Camiguin","ADM2_PCODE":"PH10018","ADM1_EN":"Region X (Northern Mindanao)","ADM1_PCODE":"PH10","ADM0_EN":"Philippines (the)","ADM0_PCODE":"PH","date":"2022/11/09","validOn":"2023/11/06","validTo":null,"Shape_Leng":0.0399552508458,"Shape_Area":0.000078713915833,"AREA_SQKM":0.95705356669},"id":"PH1001805003"},{"arcs":[[11,-3,12,13,-6,14]],"type":"Polygon","properties":{"ADM4_EN":"Bonbon","ADM4_PCODE":"PH1001805004","ADM4_REF":null,"ADM3_EN":"Sagay","ADM3_PCODE":"PH1001805","ADM2_EN":"Camiguin","ADM2_PCODE":"PH10018","ADM1_EN":"Region X (Northern Mindanao)","ADM1_PCODE":"PH10","ADM0_EN":"Philippines (the)","ADM0_PCODE":"PH","date":"2022/11/09","validOn":"2023/11/06","validTo":null,"Shape_Leng":0.151262039033,"Shape_Area":0.000382929816266,"AREA_SQKM":4.65537325027},"id":"PH1001805004"},{"arcs":[[15,16,-8]],"type":"Polygon","properties":{"ADM4_EN":"Bugang","ADM4_PCODE":"PH1001805005","ADM4_REF":null,"ADM3_EN":"Sagay","ADM3_PCODE":"PH1001805","ADM2_EN":"Camiguin","ADM2_PCODE":"PH10018","ADM1_EN":"Region X (Northern Mindanao)","ADM1_PCODE":"PH10","ADM0_EN":"Philippines (the)","ADM0_PCODE":"PH","date":"2022/11/09","validOn":"2023/11/06","validTo":null,"Shape_Leng":0.0530444087754,"Shape_Area":0.000136654297362,"AREA_SQKM":1.66141063715},"id":"PH1001805005"},{"arcs":[[-4,-12,17]],"type":"Polygon","properties":{"ADM4_EN":"Cuna","ADM4_PCODE":"PH1001805006","ADM4_REF":null,"ADM3_EN":"Sagay","ADM3_PCODE":"PH1001805","ADM2_EN":"Camiguin","ADM2_PCODE":"PH10018","ADM1_EN":"Region X (Northern Mindanao)","ADM1_PCODE":"PH10","ADM0_EN":"Philippines (the)","ADM0_PCODE":"PH","date":"2022/11/09","validOn":"2023/11/06","validTo":null,"Shape_Leng":0.114744429626,"Shape_Area":0.00048007261737,"AREA_SQKM":5.83620725938},"id":"PH1001805006"},{"arcs":[[-10,18,-1,19]],"type":"Polygon","properties":{"ADM4_EN":"Manuyog","ADM4_PCODE":"PH1001805007","ADM4_REF":null,"ADM3_EN":"Sagay","ADM3_PCODE":"PH1001805","ADM2_EN":"Camiguin","ADM2_PCODE":"PH10018","ADM1_EN":"Region X (Northern Mindanao)","ADM1_PCODE":"PH10","ADM0_EN":"Philippines (the)","ADM0_PCODE":"PH","date":"2022/11/09","validOn":"2023/11/06","validTo":null,"Shape_Leng":0.0470297344894,"Shape_Area":0.000125732777005,"AREA_SQKM":1.52870001783},"id":"PH1001805007"},{"arcs":[[20,-16,21]],"type":"Polygon","properties":{"ADM4_EN":"Mayana","ADM4_PCODE":"PH1001805008","ADM4_REF":null,"ADM3_EN":"Sagay","ADM3_PCODE":"PH1001805","ADM2_EN":"Camiguin","ADM2_PCODE":"PH10018","ADM1_EN":"Region X (Northern Mindanao)","ADM1_PCODE":"PH10","ADM0_EN":"Philippines (the)","ADM0_PCODE":"PH","date":"2022/11/09","validOn":"2023/11/06","validTo":null,"Shape_Leng":0.0377715277059,"Shape_Area":0.0000811136460892,"AREA_SQKM":0.98617585931},"id":"PH1001805008"},{"arcs":[[-14,22,-22,-7]],"type":"Polygon","properties":{"ADM4_EN":"Poblacion","ADM4_PCODE":"PH1001805009","ADM4_REF":null,"ADM3_EN":"Sagay","ADM3_PCODE":"PH1001805","ADM2_EN":"Camiguin","ADM2_PCODE":"PH10018","ADM1_EN":"Region X (Northern Mindanao)","ADM1_PCODE":"PH10","ADM0_EN":"Philippines (the)","ADM0_PCODE":"PH","date":"2022/11/09","validOn":"2023/11/06","validTo":null,"Shape_Leng":0.100835587643,"Shape_Area":0.000464679881786,"AREA_SQKM":5.64935920479},"id":"PH1001805009"}]}}}