{"type":"Topology","arcs":[[[569,969],[10,0],[76,-122]],[[655,847],[-210,-17]],[[445,830],[-8,96],[13,53],[27,10],[84,-30],[8,10]],[[252,1173],[75,-23],[48,-48]],[[375,1102],[10,-10],[-66,-86],[-17,-42],[-13,-111]],[[289,853],[-232,225],[-57,115],[0,35],[17,45],[24,21],[50,19],[12,-13],[-12,-59],[8,-44],[19,-40],[45,-39],[86,-55],[9,30],[-6,80]],[[1355,911],[20,-23],[12,-64],[43,21],[27,-17],[28,10],[11,-25],[-32,-51]],[[1464,762],[-231,-257]],[[1233,505],[-314,0]],[[919,505],[38,386],[6,28]],[[963,919],[140,26],[252,-34]],[[1781,461],[125,77],[53,18]],[[1959,556],[5,-41],[35,10],[44,-12],[34,31],[48,11],[19,47],[26,-3],[35,31],[44,-7],[4,-28],[-13,-30],[19,-23],[-31,-33],[7,-24],[30,-24],[15,-43],[-31,-30],[-45,-16],[13,-29],[61,17],[32,-7],[54,-42],[-14,-21],[-34,35],[-32,-10],[-1,-24],[48,-17],[24,-58],[-22,-31],[-39,17],[-33,-6],[-18,-19],[24,-57],[6,-50],[-27,-51],[-83,-19],[-15,29],[14,55],[-175,258],[-10,20],[-196,99]],[[1329,1100],[-239,85],[-162,71],[-25,53],[-18,18],[-40,-5],[-37,-41]],[[808,1281],[-17,25]],[[791,1306],[-31,83],[2,27],[110,72],[42,52]],[[914,1540],[59,29],[65,-9],[64,-25],[38,24],[7,26]],[[1147,1585],[17,0],[17,34],[30,23],[46,8],[21,-8],[10,-35],[-16,-67],[35,-324],[22,-116]],[[1329,1100],[26,-189]],[[963,919],[-146,47],[-39,40],[-26,47],[-34,12]],[[718,1065],[-4,44],[-30,42]],[[684,1151],[22,40],[98,24],[4,66]],[[1638,616],[10,-15],[21,-209]],[[1669,392],[-133,27],[-303,86]],[[1464,762],[34,-10],[8,-41],[62,-102],[30,-1],[-4,29],[-30,29],[39,44],[21,-19],[-3,-52],[17,-23]],[[684,1151],[-34,4]],[[650,1155],[-3,12],[-102,116]],[[545,1283],[22,23]],[[567,1306],[61,18],[-3,22],[39,20]],[[664,1366],[61,-45],[22,1],[23,-27],[21,11]],[[664,1366],[26,156],[-11,132],[21,25],[-50,28],[-32,33]],[[618,1740],[111,88]],[[729,1828],[144,-230],[41,-58]],[[729,1828],[42,34],[172,-131],[88,-100],[99,-17],[17,-29]],[[718,1065],[-39,-6],[-36,23]],[[643,1082],[11,43],[-4,30]],[[486,1415],[4,-14],[77,-95]],[[545,1283],[-116,-124]],[[429,1159],[-54,-57]],[[252,1173],[2,23],[32,86],[15,71],[85,22],[100,40]],[[919,505],[-264,342]],[[569,969],[8,19],[-26,75]],[[551,1063],[3,38],[89,-19]],[[445,830],[-156,23]],[[429,1159],[54,-63],[68,-33]],[[1781,461],[-112,-69]],[[1638,616],[29,20],[49,5],[25,-22],[64,7],[59,38],[60,-6],[8,46],[25,13],[24,-59],[-8,-26],[19,-39],[-33,-37]],[[486,1415],[21,8],[-137,154],[164,101],[84,62]]],"transform":{"scale":[0.00005574809560067331,0.00005258635499461338],"translate":[120.75393289700003,14.981072342000061]},"objects":{"bgysubmuns-municity-ph0305417":{"type":"GeometryCollection","geometries":[{"arcs":[[0,1,2]],"type":"Polygon","properties":{"ADM4_EN":"San Agustin","ADM4_PCODE":"PH0305417001","ADM4_REF":null,"ADM3_EN":"San Luis","ADM3_PCODE":"PH0305417","ADM2_EN":"Pampanga","ADM2_PCODE":"PH03054","ADM1_EN":"Region III (Central Luzon)","ADM1_PCODE":"PH03","ADM0_EN":"Philippines (the)","ADM0_PCODE":"PH","date":"2022/11/09","validOn":"2023/11/06","validTo":null,"Shape_Leng":0.0353215976615,"Shape_Area":0.0000702858415134,"AREA_SQKM":0.836315259634},"id":"PH0305417001"},{"arcs":[[3,4,5]],"type":"Polygon","properties":{"ADM4_EN":"San Carlos","ADM4_PCODE":"PH0305417002","ADM4_REF":null,"ADM3_EN":"San Luis","ADM3_PCODE":"PH0305417","ADM2_EN":"Pampanga","ADM2_PCODE":"PH03054","ADM1_EN":"Region III (Central Luzon)","ADM1_PCODE":"PH03","ADM0_EN":"Philippines (the)","ADM0_PCODE":"PH","date":"2022/11/09","validOn":"2023/11/06","validTo":null,"Shape_Leng":0.0804345257373,"Shape_Area":0.000185273601919,"AREA_SQKM":2.20443255987},"id":"PH0305417002"},{"arcs":[[6,7,8,9,10]],"type":"Polygon","properties":{"ADM4_EN":"San Isidro","ADM4_PCODE":"PH0305417003","ADM4_REF":null,"ADM3_EN":"San Luis","ADM3_PCODE":"PH0305417","ADM2_EN":"Pampanga","ADM2_PCODE":"PH03054","ADM1_EN":"Region III (Central Luzon)","ADM1_PCODE":"PH03","ADM0_EN":"Philippines (the)","ADM0_PCODE":"PH","date":"2022/11/09","validOn":"2023/11/06","validTo":null,"Shape_Leng":0.0981820306548,"Shape_Area":0.00054307757202,"AREA_SQKM":6.46222873684},"id":"PH0305417003"},{"arcs":[[11,12]],"type":"Polygon","properties":{"ADM4_EN":"San Jose","ADM4_PCODE":"PH0305417004","ADM4_REF":null,"ADM3_EN":"San Luis","ADM3_PCODE":"PH0305417","ADM2_EN":"Pampanga","ADM2_PCODE":"PH03054","ADM1_EN":"Region III (Central Luzon)","ADM1_PCODE":"PH03","ADM0_EN":"Philippines (the)","ADM0_PCODE":"PH","date":"2022/11/09","validOn":"2023/11/06","validTo":null,"Shape_Leng":0.145428188071,"Shape_Area":0.000429790324503,"AREA_SQKM":5.11465826069},"id":"PH0305417004"},{"arcs":[[13,14,15,16,17]],"type":"Polygon","properties":{"ADM4_EN":"San Juan","ADM4_PCODE":"PH0305417005","ADM4_REF":null,"ADM3_EN":"San Luis","ADM3_PCODE":"PH0305417","ADM2_EN":"Pampanga","ADM2_PCODE":"PH03054","ADM1_EN":"Region III (Central Luzon)","ADM1_PCODE":"PH03","ADM0_EN":"Philippines (the)","ADM0_PCODE":"PH","date":"2022/11/09","validOn":"2023/11/06","validTo":null,"Shape_Leng":0.106315161615,"Shape_Area":0.000512865939334,"AREA_SQKM":6.10177636658},"id":"PH0305417005"},{"arcs":[[18,-11,19,20,21,-14]],"type":"Polygon","properties":{"ADM4_EN":"San Nicolas","ADM4_PCODE":"PH0305417006","ADM4_REF":null,"ADM3_EN":"San Luis","ADM3_PCODE":"PH0305417","ADM2_EN":"Pampanga","ADM2_PCODE":"PH03054","ADM1_EN":"Region III (Central Luzon)","ADM1_PCODE":"PH03","ADM0_EN":"Philippines (the)","ADM0_PCODE":"PH","date":"2022/11/09","validOn":"2023/11/06","validTo":null,"Shape_Leng":0.099649532231,"Shape_Area":0.000472395446156,"AREA_SQKM":5.62068391908},"id":"PH0305417006"},{"arcs":[[22,23,-8,24]],"type":"Polygon","properties":{"ADM4_EN":"San Roque","ADM4_PCODE":"PH0305417008","ADM4_REF":null,"ADM3_EN":"San Luis","ADM3_PCODE":"PH0305417","ADM2_EN":"Pampanga","ADM2_PCODE":"PH03054","ADM1_EN":"Region III (Central Luzon)","ADM1_PCODE":"PH03","ADM0_EN":"Philippines (the)","ADM0_PCODE":"PH","date":"2022/11/09","validOn":"2023/11/06","validTo":null,"Shape_Leng":0.0824563420567,"Shape_Area":0.000258239026256,"AREA_SQKM":3.07298118713},"id":"PH0305417008"},{"arcs":[[-15,-22,25,26,27,28,29]],"type":"Polygon","properties":{"ADM4_EN":"San Sebastian","ADM4_PCODE":"PH0305417009","ADM4_REF":null,"ADM3_EN":"San Luis","ADM3_PCODE":"PH0305417","ADM2_EN":"Pampanga","ADM2_PCODE":"PH03054","ADM1_EN":"Region III (Central Luzon)","ADM1_PCODE":"PH03","ADM0_EN":"Philippines (the)","ADM0_PCODE":"PH","date":"2022/11/09","validOn":"2023/11/06","validTo":null,"Shape_Leng":0.0436129988155,"Shape_Area":0.0000905978146999,"AREA_SQKM":1.07790996517},"id":"PH0305417009"},{"arcs":[[-16,-30,30,31,32]],"type":"Polygon","properties":{"ADM4_EN":"Santa Catalina","ADM4_PCODE":"PH0305417010","ADM4_REF":null,"ADM3_EN":"San Luis","ADM3_PCODE":"PH0305417","ADM2_EN":"Pampanga","ADM2_PCODE":"PH03054","ADM1_EN":"Region III (Central Luzon)","ADM1_PCODE":"PH03","ADM0_EN":"Philippines (the)","ADM0_PCODE":"PH","date":"2022/11/09","validOn":"2023/11/06","validTo":null,"Shape_Leng":0.0751208111357,"Shape_Area":0.00021001331581,"AREA_SQKM":2.49849901919},"id":"PH0305417010"},{"arcs":[[-17,-33,33]],"type":"Polygon","properties":{"ADM4_EN":"Santa Cruz Pambilog","ADM4_PCODE":"PH0305417011","ADM4_REF":null,"ADM3_EN":"San Luis","ADM3_PCODE":"PH0305417","ADM2_EN":"Pampanga","ADM2_PCODE":"PH03054","ADM1_EN":"Region III (Central Luzon)","ADM1_PCODE":"PH03","ADM0_EN":"Philippines (the)","ADM0_PCODE":"PH","date":"2022/11/09","validOn":"2023/11/06","validTo":null,"Shape_Leng":0.0628585842319,"Shape_Area":0.000143016660204,"AREA_SQKM":1.70140727216},"id":"PH0305417011"},{"arcs":[[-21,34,35,-26]],"type":"Polygon","properties":{"ADM4_EN":"Santa Cruz Poblacion","ADM4_PCODE":"PH0305417012","ADM4_REF":null,"ADM3_EN":"San Luis","ADM3_PCODE":"PH0305417","ADM2_EN":"Pampanga","ADM2_PCODE":"PH03054","ADM1_EN":"Region III (Central Luzon)","ADM1_PCODE":"PH03","ADM0_EN":"Philippines (the)","ADM0_PCODE":"PH","date":"2022/11/09","validOn":"2023/11/06","validTo":null,"Shape_Leng":0.0161514155171,"Shape_Area":0.000016116470095,"AREA_SQKM":0.191757006924},"id":"PH0305417012"},{"arcs":[[36,-28,37,38,-4,39]],"type":"Polygon",