{"type":"Topology","arcs":[[[1132,884],[-12,-56],[-2,-36]],[[1118,792],[-5,-108]],[[1113,684],[-76,-13],[-70,2],[-109,41]],[[858,714],[54,93],[25,95],[6,32]],[[943,934],[87,-41],[81,-11],[21,2]],[[687,564],[59,-115],[11,-18]],[[757,431],[-15,-5],[-13,19],[-21,-5],[-96,-60]],[[612,380],[-89,191]],[[523,571],[164,-7]],[[648,734],[-21,-9],[-22,-13],[-34,-6],[-95,-35]],[[476,671],[-52,111]],[[424,782],[89,1],[104,31]],[[617,814],[31,-80]],[[424,782],[20,79],[18,74],[81,58],[47,2],[133,13]],[[723,1008],[-26,-106],[-80,-88]],[[1387,775],[9,-8]],[[1396,767],[-34,-96],[-64,5]],[[1298,676],[-185,8]],[[1118,792],[51,11],[86,8]],[[1255,811],[110,-28],[6,-6],[16,-2]],[[1692,1067],[-297,-108],[-8,-184]],[[1255,811],[10,11],[-16,6],[11,27],[-3,18],[-10,9],[22,8],[7,11]],[[1276,901],[3,22],[12,-8],[10,13],[12,29],[-8,9],[8,18],[21,-22],[40,198],[9,99],[9,114],[225,29],[75,-335]],[[1298,676],[-22,-126],[-10,-10],[-27,-10],[5,-19],[-14,-10],[-1,-13],[13,-11],[10,10],[20,-16],[18,-5],[6,-20],[-11,-21]],[[1285,425],[-151,-67]],[[1134,358],[-6,14],[12,7],[6,12],[-14,8],[-16,-10],[-3,18],[-19,20]],[[1094,427],[3,27],[-27,0]],[[1070,454],[-5,10],[5,40],[-7,3],[-2,19]],[[1061,526],[56,18],[15,50],[-19,90]],[[757,431],[42,-20],[38,4],[6,16],[10,-3]],[[853,428],[-10,-15],[3,-21],[28,7],[-3,-15],[-12,-8],[11,-15]],[[870,361],[-6,-15],[-81,-162]],[[783,184],[-111,84]],[[672,268],[-4,3],[-56,109]],[[730,663],[-4,-52]],[[726,611],[-39,-47]],[[523,571],[-47,100]],[[648,734],[82,-71]],[[980,552],[-88,-75],[-39,-49]],[[726,611],[90,0],[84,2],[32,-32],[48,-29]],[[1061,526],[-81,26]],[[730,663],[49,32],[79,19]],[[723,1008],[178,-54],[42,-20]],[[672,268],[-21,-17],[-47,-12],[-3,-20],[9,-8],[1,-18],[8,-13],[-291,237],[-184,146],[-108,89],[-36,83],[25,67],[263,-42],[88,-8],[48,30]],[[1094,427],[-138,-204],[21,-13],[-178,-169]],[[799,41],[-81,64],[65,79]],[[870,361],[200,93]],[[1646,797],[-73,-22],[-14,-15],[-38,-19]],[[1521,741],[-112,22],[-13,4]],[[1692,1067],[-46,-270]],[[1521,741],[-35,-217],[-14,-154]],[[1472,370],[-150,-150]],[[1322,220],[46,162],[2,20],[-18,6],[-3,-20],[-32,25],[2,15],[-12,0],[-15,-14]],[[1292,414],[-7,11]],[[1134,358],[-85,-176],[-8,-11],[-187,-171]],[[854,0],[-55,41]],[[1322,220],[-89,-93],[-36,66],[-65,-20]],[[1132,173],[160,241]],[[1132,173],[-48,-72],[-64,9],[-2,-63],[-164,-47]],[[1132,884],[139,15],[5,2]],[[1646,797],[-52,-305],[-122,-122]]],"transform":{"scale":[0.00013443042907801774,0.00013347180527817162],"translate":[124.51175930900001,12.228430569000068]},"objects":{"bgysubmuns-municity-ph0804824":{"type":"GeometryCollection","geometries":[{"arcs":[[0,1,2,3,4]],"type":"Polygon","properties":{"ADM4_EN":"Bayho","ADM4_PCODE":"PH0804824001","ADM4_REF":null,"ADM3_EN":"Lope De Vega","ADM3_PCODE":"PH0804824","ADM2_EN":"Northern Samar","ADM2_PCODE":"PH08048","ADM1_EN":"Region VIII (Eastern Visayas)","ADM1_PCODE":"PH08","ADM0_EN":"Philippines (the)","ADM0_PCODE":"PH","date":"2022/11/09","validOn":"2023/11/06","validTo":null,"Shape_Leng":0.120938697473,"Shape_Area":0.000864404248824,"AREA_SQKM":10.4008136784},"id":"PH0804824001"},{"arcs":[[5,6,7,8]],"type":"Polygon","properties":{"ADM4_EN":"Bonifacio","ADM4_PCODE":"PH0804824002","ADM4_REF":null,"ADM3_EN":"Lope De Vega","ADM3_PCODE":"PH0804824","ADM2_EN":"Northern Samar","ADM2_PCODE":"PH08048","ADM1_EN":"Region VIII (Eastern Visayas)","ADM1_PCODE":"PH08","ADM0_EN":"Philippines (the)","ADM0_PCODE":"PH","date":"2022/11/09","validOn":"2023/11/06","validTo":null,"Shape_Leng":0.0977549037347,"Shape_Area":0.000443728007164,"AREA_SQKM":5.33987114976},"id":"PH0804824002"},{"arcs":[[9,10,11,12]],"type":"Polygon","properties":{"ADM4_EN":"Cagamesarag","ADM4_PCODE":"PH0804824003","ADM4_REF":null,"ADM3_EN":"Lope De Vega","ADM3_PCODE":"PH0804824","ADM2_EN":"Northern Samar","ADM2_PCODE":"PH08048","ADM1_EN":"Region VIII (Eastern Visayas)","ADM1_PCODE":"PH08","ADM0_EN":"Philippines (the)","ADM0_PCODE":"PH","date":"2022/11/09","validOn":"2023/11/06","validTo":null,"Shape_Leng":0.0790916377566,"Shape_Area":0.000326915170062,"AREA_SQKM":3.93363502419},"id":"PH0804824003"},{"arcs":[[-12,13,14]],"type":"Polygon","properties":{"ADM4_EN":"Cag-aguingay","ADM4_PCODE":"PH0804824004","ADM4_REF":null,"ADM3_EN":"Lope De Vega","ADM3_PCODE":"PH0804824","ADM2_EN":"Northern Samar","ADM2_PCODE":"PH08048","ADM1_EN":"Region VIII (Eastern Visayas)","ADM1_PCODE":"PH08","ADM0_EN":"Philippines (the)","ADM0_PCODE":"PH","date":"2022/11/09","validOn":"2023/11/06","validTo":null,"Shape_Leng":0.115727795546,"Shape_Area":0.000798040482038,"AREA_SQKM":9.60177121642},"id":"PH0804824004"},{"arcs":[[15,16,17,-2,18,19]],"type":"Polygon","properties":{"ADM4_EN":"Curry","ADM4_PCODE":"PH0804824005","ADM4_REF":null,"ADM3_EN":"Lope De Vega","ADM3_PCODE":"PH0804824","ADM2_EN":"Northern Samar","ADM2_PCODE":"PH08048","ADM1_EN":"Region VIII (Eastern Visayas)","ADM1_PCODE":"PH08","ADM0_EN":"Philippines (the)","ADM0_PCODE":"PH","date":"2022/11/09","validOn":"2023/11/06","validTo":null,"Shape_Leng":0.100524223849,"Shape_Area":0.000577807966369,"AREA_SQKM":6.95254476501},"id":"PH0804824005"},{"arcs":[[20,-20,21,22]],"type":"Polygon","properties":{"ADM4_EN":"Gebonawan","ADM4_PCODE":"PH0804824006","ADM4_REF":null,"ADM3_EN":"Lope De Vega","ADM3_PCODE":"PH0804824","ADM2_EN":"Northern Samar","ADM2_PCODE":"PH08048","ADM1_EN":"Region VIII (Eastern Visayas)","ADM1_PCODE":"PH08","ADM0_EN":"Philippines (the)","ADM0_PCODE":"PH","date":"2022/11/09","validOn":"2023/11/06","validTo":null,"Shape_Leng":0.262966130041,"Shape_Area":0.00235001396717,"AREA_SQKM":28.2713147887},"id":"PH0804824006"},{"arcs":[[23,24,25,26,27,28,-18]],"type":"Polygon","properties":{"ADM4_EN":"Gen. Luna","ADM4_PCODE":"PH0804824007","ADM4_REF":null,"ADM3_EN":"Lope De Vega","ADM3_PCODE":"PH0804824","ADM2_EN":"Northern Samar","ADM2_PCODE":"PH08048","ADM1_EN":"Region VIII (Eastern Visayas)","ADM1_PCODE":"PH08","ADM0_EN":"Philippines (the)","ADM0_PCODE":"PH","date":"2022/11/09","validOn":"2023/11/06","validTo":null,"Shape_Leng":0.164572375075,"Shape_Area":0.000896312693768,"AREA_SQKM":10.7861033708},"id":"PH0804824007"},{"arcs":[[29,30,31,32,33,-7]],"type":"Polygon","properties":{"ADM4_EN":"Getigo","ADM4_PCODE":"PH0804824008","ADM4_REF":null,"ADM3_EN":"Lope De Vega","ADM3_PCODE":"PH0804824","ADM2_EN":"Northern Samar","ADM2_PCODE":"PH08048","ADM1_EN":"Region VIII (Eastern Visayas)","ADM1_PCODE":"PH08","ADM0_EN":"Philippines (the)","ADM0_PCODE":"PH","date":"2022/11/09","validOn":"2023/11/06","validTo":null,"Shape_Leng":0.125876338166,"Shape_Area":0.000710586384948,"AREA_SQKM":8.55194441568},"id":"PH0804824008"},{"arcs":[[34,35,-9,36,-10,37]],"type":"Polygon","properties":{"ADM4_EN":"Henaronagan","ADM4_PCODE":"PH0804824009","ADM4_REF":null,"ADM3_EN":"Lope De Vega","ADM3_PCODE":"PH0804824","ADM2_EN":"Northern Samar","ADM2_PCODE":"PH08048","ADM1_EN":"Region VIII (Eastern Visayas)","ADM1_PCODE":"PH08","ADM0_EN":"Philippines (the)","ADM0_PCODE":"PH","date":"2022/11/09","validOn":"2023/11/06","validTo":null,"Shape_Leng":0.0912016815363,"Shape_Area":0.000541623275132,"AREA_SQKM":6.51747153721},"id":"PH0804824009"},{"arcs":[[38,-30,-6,-36,39]],"type":"Polygon","properties":{"ADM4_EN":"Lope de Vega (Pob.)","ADM4_PCODE":"PH0804824010","ADM4_REF":null,"ADM3_EN":"Lope De Vega","ADM3_PCODE":"PH0804824","ADM2_EN":"Northern Samar","ADM2_PCODE":"PH08048","ADM1_EN":"Region VIII (Eastern Visayas)","ADM1_PCODE":"PH08","ADM0_EN":"Philippines (the)","ADM0_PCODE":"PH","date":"2022/11/09","validOn":"2023/11/06","validTo":null,"Shape_Leng":0.107365382362,"Shape_Area":0.000677512298552,"AREA_SQKM":8.15310444483},"id":"PH0804824010"},{"arcs":[[-29,40,-40,-35,41,-3]],"type":"Polygon","properties":{"ADM4_EN":"Lower Caynaga","ADM4_PCODE":"PH0804824011","ADM4_REF":null,"ADM3_EN":"Lope De Vega","ADM3_PCODE":"PH0804824","ADM2_EN":"Northern Samar","ADM2_PCODE":"PH08048","ADM1_EN":"Region VIII (Eastern Visayas)","ADM1_PCODE":"PH08","ADM0_EN":"Philippines (the)","ADM0_PCODE":"PH","date":"2022/11/09","validOn":"2023/11/06","validTo":null,