{"type":"Topology","arcs":[[[1142,1116],[-16,56],[-2,95]],[[1124,1267],[102,-16],[44,-79],[1,-26],[-129,-30]],[[276,967],[46,-35]],[[322,932],[-4,-119],[-64,-43]],[[254,770],[-75,-30],[-25,80],[12,103],[25,74]],[[191,997],[55,-34],[30,4]],[[489,1042],[1,-87],[-24,-42]],[[466,913],[-43,-12],[-71,53],[-30,-22]],[[276,967],[66,21],[10,56],[38,42]],[[390,1086],[99,-44]],[[284,664],[7,-73],[47,-35],[-23,-66]],[[315,490],[-23,-1]],[[292,489],[-42,-38],[-103,14],[-15,33]],[[132,498],[29,41],[63,147]],[[224,686],[60,-22]],[[842,1379],[-11,-41],[-140,11]],[[691,1349],[-55,16],[1,98]],[[637,1463],[110,-22],[73,0],[22,-62]],[[539,1474],[-14,1]],[[525,1475],[-23,19],[-56,-19],[-50,8]],[[396,1483],[-2,48],[-28,7]],[[366,1538],[-46,86],[116,-3],[31,-32],[46,-8],[26,-107]],[[974,1002],[24,-64],[-70,-46],[-145,-43]],[[783,849],[93,190]],[[876,1039],[26,2],[48,-53],[24,14]],[[540,666],[42,-39],[-103,-150]],[[479,477],[-100,-19],[-64,32]],[[284,664],[50,57],[116,15]],[[450,736],[32,-6],[22,-40],[36,-24]],[[677,719],[46,-171],[26,-121],[-118,40]],[[631,467],[-152,10]],[[540,666],[87,51],[25,105]],[[652,822],[25,-103]],[[631,467],[-63,-83],[-35,-14]],[[533,370],[-77,-1],[-63,58],[-69,-23]],[[324,404],[-32,85]],[[324,404],[-11,-89]],[[313,315],[-73,-51],[-115,13],[-104,-6],[-21,47],[38,75],[94,105]],[[640,991],[62,-99],[-50,-70]],[[450,736],[27,101],[-19,36],[8,40]],[[489,1042],[64,-42],[87,-9]],[[621,1176],[166,-44],[0,-90]],[[787,1042],[-147,-51]],[[489,1042],[-16,71],[63,1],[7,113],[-35,12]],[[508,1239],[56,0],[32,-69],[25,6]],[[390,1086],[-60,11],[-60,67],[28,77]],[[298,1241],[46,62]],[[344,1303],[53,-3],[51,19],[34,-74],[26,-6]],[[533,370],[99,-51],[-167,-15],[1,-128],[36,-44]],[[502,132],[-74,20],[-38,96],[-17,1]],[[373,249],[-60,66]],[[1142,1116],[-30,-27]],[[1112,1089],[-73,12],[-94,3],[-18,69],[-34,22]],[[893,1195],[9,176]],[[902,1371],[19,-14],[118,-31],[23,-33],[62,-26]],[[502,132],[-24,-62],[0,-68],[-123,-2],[-36,54],[-24,2],[-3,118],[52,29],[29,46]],[[1112,1089],[-5,-66],[-133,-21]],[[876,1039],[-89,3]],[[621,1176],[18,94]],[[639,1270],[235,-63],[19,-12]],[[191,997],[17,32],[21,138],[-4,44]],[[225,1211],[73,30]],[[525,1475],[-17,-236]],[[344,1303],[22,97],[30,83]],[[224,686],[30,84]],[[539,1474],[98,-11]],[[691,1349],[-23,-54],[-29,-25]],[[842,1379],[60,-8]],[[225,1211],[-33,68],[21,38],[8,65],[-13,22],[16,51],[-8,35],[64,69],[86,-21]],[[783,849],[-106,-130]]],"transform":{"scale":[0.00011217549095201849,0.00010396656342367028],"translate":[125.24509165500001,6.483804692000035]},"objects":{"bgysubmuns-municity-ph1102414":{"type":"GeometryCollection","geometries":[{"arcs":[[0,1]],"type":"Polygon","properties":{"ADM4_EN":"Balasinon","ADM4_PCODE":"PH1102414001","ADM4_REF":null,"ADM3_EN":"Sulop","ADM3_PCODE":"PH1102414","ADM2_EN":"Davao del Sur","ADM2_PCODE":"PH11024","ADM1_EN":"Region XI (Davao Region)","ADM1_PCODE":"PH11","ADM0_EN":"Philippines (the)","ADM0_PCODE":"PH","date":"2022/11/09","validOn":"2023/11/06","validTo":null,"Shape_Leng":0.0595346547458,"Shape_Area":0.000195989320672,"AREA_SQKM":2.3968458049},"id":"PH1102414001"},{"arcs":[[2,3,4,5]],"type":"Polygon","properties":{"ADM4_EN":"Buguis","ADM4_PCODE":"PH1102414002","ADM4_REF":null,"ADM3_EN":"Sulop","ADM3_PCODE":"PH1102414","ADM2_EN":"Davao del Sur","ADM2_PCODE":"PH11024","ADM1_EN":"Region XI (Davao Region)","ADM1_PCODE":"PH11","ADM0_EN":"Philippines (the)","ADM0_PCODE":"PH","date":"2022/11/09","validOn":"2023/11/06","validTo":null,"Shape_Leng":0.0936883602088,"Shape_Area":0.000387803836978,"AREA_SQKM":4.74295271968},"id":"PH1102414002"},{"arcs":[[6,7,-3,8,9]],"type":"Polygon","properties":{"ADM4_EN":"Carre","ADM4_PCODE":"PH1102414003","ADM4_REF":null,"ADM3_EN":"Sulop","ADM3_PCODE":"PH1102414","ADM2_EN":"Davao del Sur","ADM2_PCODE":"PH11024","ADM1_EN":"Region XI (Davao Region)","ADM1_PCODE":"PH11","ADM0_EN":"Philippines (the)","ADM0_PCODE":"PH","date":"2022/11/09","validOn":"2023/11/06","validTo":null,"Shape_Leng":0.0728123762003,"Shape_Area":0.000270321429965,"AREA_SQKM":3.30602368452},"id":"PH1102414003"},{"arcs":[[10,11,12,13,14]],"type":"Polygon","properties":{"ADM4_EN":"Clib","ADM4_PCODE":"PH1102414004","ADM4_REF":null,"ADM3_EN":"Sulop","ADM3_PCODE":"PH1102414","ADM2_EN":"Davao del Sur","ADM2_PCODE":"PH11024","ADM1_EN":"Region XI (Davao Region)","ADM1_PCODE":"PH11","ADM0_EN":"Philippines (the)","ADM0_PCODE":"PH","date":"2022/11/09","validOn":"2023/11/06","validTo":null,"Shape_Leng":0.0902493821162,"Shape_Area":0.000323858578529,"AREA_SQKM":3.96113673229},"id":"PH1102414004"},{"arcs":[[15,16,17]],"type":"Polygon","properties":{"ADM4_EN":"Harada Butai","ADM4_PCODE":"PH1102414005","ADM4_REF":null,"ADM3_EN":"Sulop","ADM3_PCODE":"PH1102414","ADM2_EN":"Davao del Sur","ADM2_PCODE":"PH11024","ADM1_EN":"Region XI (Davao Region)","ADM1_PCODE":"PH11","ADM0_EN":"Philippines (the)","ADM0_PCODE":"PH","date":"2022/11/09","validOn":"2023/11/06","validTo":null,"Shape_Leng":0.0653168144201,"Shape_Area":0.000238724953689,"AREA_SQKM":2.91935800504},"id":"PH1102414005"},{"arcs":[[18,19,20,21]],"type":"Polygon","properties":{"ADM4_EN":"Katipunan","ADM4_PCODE":"PH1102414006","ADM4_REF":null,"ADM3_EN":"Sulop","ADM3_PCODE":"PH1102414","ADM2_EN":"Davao del Sur","ADM2_PCODE":"PH11024","ADM1_EN":"Region XI (Davao Region)","ADM1_PCODE":"PH11","ADM0_EN":"Philippines (the)","ADM0_PCODE":"PH","date":"2022/11/09","validOn":"2023/11/06","validTo":null,"Shape_Leng":0.0726051560784,"Shape_Area":0.000234897094116,"AREA_SQKM":2.8724560156},"id":"PH1102414006"},{"arcs":[[22,23,24]],"type":"Polygon","properties":{"ADM4_EN":"Kiblagon","ADM4_PCODE":"PH1102414007","ADM4_REF":null,"ADM3_EN":"Sulop","ADM3_PCODE":"PH1102414","ADM2_EN":"Davao del Sur","ADM2_PCODE":"PH11024","ADM1_EN":"Region XI (Davao Region)","ADM1_PCODE":"PH11","ADM0_EN":"Philippines (the)","ADM0_PCODE":"PH","date":"2022/11/09","validOn":"2023/11/06","validTo":null,"Shape_Leng":0.0696781050631,"Shape_Area":0.000235341838393,"AREA_SQKM":2.87825400388},"id":"PH1102414007"},{"arcs":[[25,26,-11,27,28]],"type":"Polygon","properties":{"ADM4_EN":"Labon","ADM4_PCODE":"PH1102414008","ADM4_REF":null,"ADM3_EN":"Sulop","ADM3_PCODE":"PH1102414","ADM2_EN":"Davao del Sur","ADM2_PCODE":"PH11024","ADM1_EN":"Region XI (Davao Region)","ADM1_PCODE":"PH11","ADM0_EN":"Philippines (the)","ADM0_PCODE":"PH","date":"2022/11/09","validOn":"2023/11/06","validTo":null,"Shape_Leng":0.115765437848,"Shape_Area":0.000656879628471,"AREA_SQKM":8.03425443708},"id":"PH1102414008"},{"arcs":[[29,30,-26,31,32]],"type":"Polygon","properties":{"ADM4_EN":"Laperas","ADM4_PCODE":"PH1102414009","ADM4_REF":null,"ADM3_EN":"Sulop","ADM3_PCODE":"PH1102414","ADM2_EN":"Davao del Sur","ADM2_PCODE":"PH11024","ADM1_EN":"Region XI (Davao Region)","ADM1_PCODE":"PH11","ADM0_EN":"Philippines (the)","ADM0_PCODE":"PH","date":"2022/11/09","validOn":"2023/11/06","validTo":null,"Shape_Leng":0.121578795334,"Shape_Area":0.00053436576397,"AREA_SQKM":6.53583188816},"id":"PH1102414009"},{"arcs":[[-31,33,34,35,-12,-27]],"type":"Polygon","properties":{"ADM4_EN":"Lapla","ADM4_PCODE":"PH1102414010","ADM4_REF":null,"ADM3_EN":"Sulop","ADM3_PCODE":"PH1102414","ADM2_EN":"Davao del Sur","ADM2_PCODE":"PH11024","ADM1_EN":"Region XI (Davao Region)","ADM1_PCODE":"PH11","ADM0_EN":"Philippines (the)","ADM0_PCODE":"PH","date":"2022/11/09","validOn":"2023/11/06","validTo":null,"Shape_Leng":0.0903424557584,"Shape_Area":0.000275079235985,"AREA_SQKM":3.36459474659},"id":"PH1102414010"},{"arcs":[[-36,36,37,-13]],"type":"Polygon","properties":{"ADM4_EN":"Litos","ADM4_PCODE":"PH1102414011","ADM4_REF":null,"ADM3_EN":"Sulop","ADM3_PCODE":"PH1102414","ADM2_EN":"Davao del Sur","ADM2_PCODE":"PH11024","ADM1_EN":"Region XI (Davao Region)","ADM1_PCODE":"PH11","ADM0_EN":"Philippines (the)","ADM0_PCODE":"PH","date":"2022/11/09","validOn":"2023/11/06","validTo":null,"Shape_Leng":0.104996534584,"Shape_Area":0.000629005605757,"AREA_SQKM":7.69369913579},"id":"PH1102414011"},{"arcs":[[38,-32,-29,39,-7,40]],"type":"Polygon","properties":{"ADM4_EN":"Luparan",