{"type":"Topology","arcs":[[[1182,511],[-56,-46]],[[1126,465],[-70,56]],[[1056,521],[45,56],[54,10],[27,-76]],[[371,297],[-16,-27],[-2,-90]],[[353,180],[-60,-25],[-81,-8]],[[212,147],[5,107]],[[217,254],[138,70]],[[355,324],[16,-27]],[[1312,416],[-70,-139]],[[1242,277],[-33,-79],[-44,34],[-58,11]],[[1107,243],[-65,24]],[[1042,267],[59,88],[60,39],[53,58]],[[1214,452],[98,-36]],[[552,331],[1,-40],[34,-42]],[[587,249],[-95,-83],[-139,14]],[[371,297],[71,32]],[[442,329],[110,2]],[[264,633],[8,-49]],[[272,584],[-43,-74]],[[229,510],[-45,0]],[[184,510],[37,125]],[[221,635],[43,-2]],[[1126,465],[-39,-40],[-127,-77]],[[960,348],[-14,33],[-63,5]],[[883,386],[15,98],[58,18],[33,47]],[[989,549],[67,-28]],[[293,543],[-25,-50]],[[268,493],[-39,17]],[[272,584],[21,-41]],[[767,470],[51,-73]],[[818,397],[-37,-36],[-12,-75],[-54,-70]],[[715,216],[-35,46],[-93,-13]],[[552,331],[21,19],[-9,132]],[[564,482],[10,4]],[[574,486],[63,-48],[53,24],[77,8]],[[515,682],[-16,-44],[-67,-48]],[[432,590],[-51,55]],[[381,645],[32,66]],[[413,711],[102,-29]],[[343,520],[-23,-20]],[[320,500],[-22,-43]],[[298,457],[-30,36]],[[293,543],[44,0]],[[337,543],[6,-23]],[[960,348],[28,-35]],[[988,313],[-62,-96],[-67,-15]],[[859,202],[-28,48],[-116,-34]],[[818,397],[65,-11]],[[284,740],[4,-55],[33,-17]],[[321,668],[-57,-35]],[[221,635],[34,116],[29,-11]],[[1107,243],[22,-117],[-14,-103]],[[1115,23],[-60,23],[-120,-46],[-16,79],[-60,123]],[[988,313],[54,-46]],[[441,420],[1,-91]],[[355,324],[-62,65]],[[293,389],[79,53]],[[372,442],[46,-56],[23,34]],[[432,590],[45,-35]],[[477,555],[-87,-24]],[[390,531],[-18,0]],[[372,531],[9,114]],[[321,668],[16,-125]],[[564,482],[-123,-62]],[[372,442],[13,14]],[[385,456],[5,75]],[[477,555],[46,26]],[[523,581],[48,-38],[3,-57]],[[838,693],[-71,-223]],[[523,581],[36,69]],[[559,650],[108,13],[115,31],[56,-1]],[[515,682],[44,-32]],[[838,693],[74,-24],[51,-2],[26,-118]],[[381,645],[-60,23]],[[321,668],[20,56]],[[341,724],[72,-13]],[[372,531],[-29,-11]],[[385,456],[-65,44]],[[293,389],[5,68]],[[1313,234],[-16,-88],[-52,-90],[-130,-33]],[[1242,277],[71,-43]],[[293,389],[-68,-9]],[[225,380],[-62,16],[-78,64]],[[85,460],[28,41],[71,9]],[[217,254],[4,68]],[[221,322],[4,58]],[[1182,511],[32,-59]],[[221,322],[-74,13],[-88,61]],[[59,396],[26,64]],[[1312,416],[53,-106],[-52,-76]],[[284,740],[57,-16]],[[212,147],[-212,156],[59,93]]],"transform":{"scale":[0.00018876217875458677,0.00016323591211713282],"translate":[122.61541831100008,11.186459075000073]},"objects":{"bgysubmuns-municity-ph0601904":{"type":"GeometryCollection","geometries":[{"arcs":[[0,1,2]],"type":"Polygon","properties":{"ADM4_EN":"Agbatuan","ADM4_PCODE":"PH0601904001","ADM4_REF":null,"ADM3_EN":"Dumarao","ADM3_PCODE":"PH0601904","ADM2_EN":"Capiz","ADM2_PCODE":"PH06019","ADM1_EN":"Region VI (Western Visayas)","ADM1_PCODE":"PH06","ADM0_EN":"Philippines (the)","ADM0_PCODE":"PH","date":"2022/11/09","validOn":"2023/11/06","validTo":null,"Shape_Leng":0.0657761010492,"Shape_Area":0.000286054327208,"AREA_SQKM":3.45490015684},"id":"PH0601904001"},{"arcs":[[3,4,5,6,7]],"type":"Polygon","properties":{"ADM4_EN":"Aglalana","ADM4_PCODE":"PH0601904002","ADM4_REF":null,"ADM3_EN":"Dumarao","ADM3_PCODE":"PH0601904","ADM2_EN":"Capiz","ADM2_PCODE":"PH06019","ADM1_EN":"Region VI (Western Visayas)","ADM1_PCODE":"PH06","ADM0_EN":"Philippines (the)","ADM0_PCODE":"PH","date":"2022/11/09","validOn":"2023/11/06","validTo":null,"Shape_Leng":0.0993719109356,"Shape_Area":0.000581014435868,"AREA_SQKM":7.0185397162},"id":"PH0601904002"},{"arcs":[[8,9,10,11,12]],"type":"Polygon","properties":{"ADM4_EN":"Aglanot","ADM4_PCODE":"PH0601904003","ADM4_REF":null,"ADM3_EN":"Dumarao","ADM3_PCODE":"PH0601904","ADM2_EN":"Capiz","ADM2_PCODE":"PH06019","ADM1_EN":"Region VI (Western Visayas)","ADM1_PCODE":"PH06","ADM0_EN":"Philippines (the)","ADM0_PCODE":"PH","date":"2022/11/09","validOn":"2023/11/06","validTo":null,"Shape_Leng":0.148603336875,"Shape_Area":0.00105113530821,"AREA_SQKM":12.6968137383},"id":"PH0601904003"},{"arcs":[[13,14,-4,15,16]],"type":"Polygon","properties":{"ADM4_EN":"Agsirab","ADM4_PCODE":"PH0601904006","ADM4_REF":null,"ADM3_EN":"Dumarao","ADM3_PCODE":"PH0601904","ADM2_EN":"Capiz","ADM2_PCODE":"PH06019","ADM1_EN":"Region VI (Western Visayas)","ADM1_PCODE":"PH06","ADM0_EN":"Philippines (the)","ADM0_PCODE":"PH","date":"2022/11/09","validOn":"2023/11/06","validTo":null,"Shape_Leng":0.120794976601,"Shape_Area":0.000917634913095,"AREA_SQKM":11.0847126189},"id":"PH0601904006"},{"arcs":[[17,18,19,20,21]],"type":"Polygon","properties":{"ADM4_EN":"Alipasiawan","ADM4_PCODE":"PH0601904007","ADM4_REF":null,"ADM3_EN":"Dumarao","ADM3_PCODE":"PH0601904","ADM2_EN":"Capiz","ADM2_PCODE":"PH06019","ADM1_EN":"Region VI (Western Visayas)","ADM1_PCODE":"PH06","ADM0_EN":"Philippines (the)","ADM0_PCODE":"PH","date":"2022/11/09","validOn":"2023/11/06","validTo":null,"Shape_Leng":0.0634758449933,"Shape_Area":0.000184478816565,"AREA_SQKM":2.22803410202},"id":"PH0601904007"},{"arcs":[[-2,22,23,24,25]],"type":"Polygon","properties":{"ADM4_EN":"Astorga","ADM4_PCODE":"PH0601904008","ADM4_REF":null,"ADM3_EN":"Dumarao","ADM3_PCODE":"PH0601904","ADM2_EN":"Capiz","ADM2_PCODE":"PH06019","ADM1_EN":"Region VI (Western Visayas)","ADM1_PCODE":"PH06","ADM0_EN":"Philippines (the)","ADM0_PCODE":"PH","date":"2022/11/09","validOn":"2023/11/06","validTo":null,"Shape_Leng":0.123958594613,"Shape_Area":0.000822046412658,"AREA_SQKM":9.92893937995},"id":"PH0601904008"},{"arcs":[[26,27,-19,28]],"type":"Polygon","properties":{"ADM4_EN":"Bayog","ADM4_PCODE":"PH0601904009","ADM4_REF":null,"ADM3_EN":"Dumarao","ADM3_PCODE":"PH0601904","ADM2_EN":"Capiz","ADM2_PCODE":"PH06019","ADM1_EN":"Region VI (Western Visayas)","ADM1_PCODE":"PH06","ADM0_EN":"Philippines (the)","ADM0_PCODE":"PH","date":"2022/11/09","validOn":"2023/11/06","validTo":null,"Shape_Leng":0.0404915257742,"Shape_Area":0.000108053872032,"AREA_SQKM":1.30504546488},"id":"PH0601904009"},{"arcs":[[29,30,31,-14,32,33,34]],"type":"Polygon","properties":{"ADM4_EN":"Bungsuan","ADM4_PCODE":"PH0601904010","ADM4_REF":null,"ADM3_EN":"Dumarao","ADM3_PCODE":"PH0601904","ADM2_EN":"Capiz","ADM2_PCODE":"PH06019","ADM1_EN":"Region VI (Western Visayas)","ADM1_PCODE":"PH06","ADM0_EN":"Philippines (the)","ADM0_PCODE":"PH","date":"2022/11/09","validOn":"2023/11/06","validTo":null,"Shape_Leng":0.183563689691,"Shape_Area":0.00144303504965,"AREA_SQKM":17.4303103571},"id":"PH0601904010"},{"arcs":[[35,36,37,38]],"type":"Polygon","properties":{"ADM4_EN":"Calapawan","ADM4_PCODE":"PH0601904011","ADM4_REF":null,"ADM3_EN":"Dumarao","ADM3_PCODE":"PH0601904","ADM2_EN":"Capiz","ADM2_PCODE":"PH06019","ADM1_EN":"Region VI (Western Visayas)","ADM1_PCODE":"PH06","ADM0_EN":"Philippines (the)","ADM0_PCODE":"PH","date":"2022/11/09","validOn":"2023/11/06","validTo":null,"Shape_Leng":0.0707176799246,"Shape_Area":0.000305691564076,"AREA_SQKM":3.69180950129},"id":"PH0601904011"},{"arcs":[[39,40,41,-27,42,43]],"type":"Polygon","properties":{"ADM4_EN":"Cubi","ADM4_PCODE":"PH0601904012","ADM4_REF":null,"ADM3_EN":"Dumarao","ADM3_PCODE":"PH0601904","ADM2_EN":"Capiz","ADM2_PCODE":"PH06019","ADM1_EN":"Region VI (Western Visayas)","ADM1_PCODE":"PH06","ADM0_EN":"Philippines (the)","ADM0_PCODE":"PH","date":"2022/11/09","validOn":"2023/11/06","validTo":null,"Shape_Leng":0.0448416890517,"Shape_Area":0.0000973618346856,"AREA_SQKM":1.17592797167},"id":"PH0601904012"},{"arcs":[[-24,44,45,46,-31,47]],"type":"Polygon","properties":{"ADM4_EN":"Dacuton","ADM4_PCODE":"PH0601904013","ADM4_REF":null,"ADM3_EN":"Dumarao","ADM3_PCODE":"PH0601904","ADM2_EN":"Capiz","ADM2_PCODE":"PH06019","ADM1_EN":"Region VI (Western Visayas)","ADM1_PCODE":"PH06","ADM0_EN":"Philippines (the)","ADM0_PCODE":"PH","date":"2022/11/09","validOn":"2023/11/06","validTo":null,"Shape_Leng":0.141940196727,"Shape_Area":0.000970324607394,"AREA_SQKM":11.7208343572},"id":"PH0601904013"},{"arcs":[[48,49,-22,50]],"type":"Polygon","properties":{"ADM4_EN":"Dangula","ADM4_PCODE":"PH0601904014","ADM4_REF":null,"ADM3_EN":"Dumarao",