{"type":"Topology","arcs":[[[206,527],[-55,-56],[-49,-41]],[[102,430],[-32,-32]],[[70,398],[-48,1],[-22,176]],[[0,575],[77,-11],[4,-5],[79,7],[42,24]],[[202,590],[4,-63]],[[166,403],[10,-26],[27,-57]],[[203,320],[-21,-42]],[[182,278],[-33,-48]],[[149,230],[-67,7]],[[82,237],[-14,50],[-1,46],[7,27],[-4,38]],[[102,430],[64,-27]],[[1231,882],[-477,-151],[47,-164]],[[801,567],[-227,24]],[[574,591],[-48,78],[-9,8]],[[517,677],[21,89]],[[538,766],[704,263]],[[1242,1029],[-7,-66],[-4,-81]],[[377,500],[-10,-27],[8,-57],[-7,-59],[-5,-2]],[[363,355],[-53,32],[-26,88]],[[284,475],[8,38]],[[292,513],[85,-13]],[[284,475],[-73,-55],[-45,-17]],[[206,527],[81,-11],[5,-3]],[[118,89],[113,93]],[[231,182],[28,22]],[[259,204],[85,1]],[[344,205],[-21,-21],[-10,-20],[-3,-58],[-28,-12],[-39,13],[-8,-68],[-69,-39],[-16,0],[-14,20],[-18,69]],[[258,229],[1,-25]],[[231,182],[-82,48]],[[182,278],[14,1],[42,-15],[20,-35]],[[577,356],[75,8],[-3,-63],[-95,-21],[-138,-18]],[[416,262],[-6,28],[-29,27]],[[381,317],[-15,37]],[[366,354],[19,-9],[40,37],[18,2],[51,-28],[12,0],[37,-20],[34,20]],[[381,633],[-22,-47],[-49,-28],[-8,-35],[-10,-10]],[[292,513],[8,122],[10,72]],[[310,707],[96,-6],[-25,-68]],[[574,591],[-107,-10],[-18,4],[-68,32],[0,16]],[[381,633],[94,21],[42,23]],[[363,355],[-85,-10],[-75,-25]],[[687,414],[114,153]],[[1231,882],[17,-205],[17,-110],[-90,-21],[-155,-40],[-333,-92]],[[1212,1239],[-512,-339],[-38,-18],[-21,5],[-21,-4],[-11,14],[-23,5],[-7,-14],[-70,-10],[-54,-22],[-12,4]],[[443,860],[20,12],[5,13],[23,-2],[5,18],[-20,3],[0,38],[10,15],[15,5],[17,38],[18,23],[27,8],[5,15],[15,7],[133,616],[-33,249]],[[683,1918],[314,-292],[124,-194],[91,-193]],[[538,766],[-45,-13],[-195,61]],[[298,814],[-4,19],[18,36],[-2,21],[-19,39]],[[291,929],[152,-69]],[[1212,1239],[30,-210]],[[381,317],[-19,-7],[-35,15],[-16,-4],[-10,-27],[12,-35]],[[313,259],[-55,-30]],[[363,355],[3,-1]],[[687,414],[-1,-1]],[[686,413],[-141,64],[-19,4],[-29,41],[-18,3],[-4,-23],[-17,-13],[-81,11]],[[367,229],[-23,-24]],[[313,259],[5,-8],[49,-8],[0,-14]],[[310,707],[-99,70]],[[211,777],[38,30],[40,14],[9,-7]],[[202,590],[-1,43],[-67,128]],[[134,761],[20,23],[26,-4],[19,15],[12,-18]],[[118,89],[-36,148]],[[0,575],[8,34],[65,58],[36,19],[-4,23],[22,3],[8,10],[-1,39]],[[416,262],[-49,-33]],[[686,413],[-109,-57]],[[291,929],[-2,22],[9,26],[27,26],[165,239],[46,101],[19,58],[80,279],[9,47],[-55,279],[90,-29],[4,-59]]],"transform":{"scale":[0.00020681244505927902,0.0002379444376869306],"translate":[125.63428216400006,8.752693491000059]},"objects":{"bgysubmuns-municity-ph1600314":{"type":"GeometryCollection","geometries":[{"arcs":[[0,1,2,3,4]],"type":"Polygon","properties":{"ADM4_EN":"Afga","ADM4_PCODE":"PH1600314001","ADM4_REF":null,"ADM3_EN":"Sibagat","ADM3_PCODE":"PH1600314","ADM2_EN":"Agusan del Sur","ADM2_PCODE":"PH16003","ADM1_EN":"Region XIII (Caraga)","ADM1_PCODE":"PH16","ADM0_EN":"Philippines (the)","ADM0_PCODE":"PH","date":"2022/11/09","validOn":"2023/11/06","validTo":null,"Shape_Leng":0.153321600273,"Shape_Area":0.00120473669113,"AREA_SQKM":14.6564412297},"id":"PH1600314001"},{"arcs":[[5,6,7,8,9,-2,10]],"type":"Polygon","properties":{"ADM4_EN":"Anahawan","ADM4_PCODE":"PH1600314002","ADM4_REF":null,"ADM3_EN":"Sibagat","ADM3_PCODE":"PH1600314","ADM2_EN":"Agusan del Sur","ADM2_PCODE":"PH16003","ADM1_EN":"Region XIII (Caraga)","ADM1_PCODE":"PH16","ADM0_EN":"Philippines (the)","ADM0_PCODE":"PH","date":"2022/11/09","validOn":"2023/11/06","validTo":null,"Shape_Leng":0.122917271199,"Shape_Area":0.000974902096264,"AREA_SQKM":11.861650464},"id":"PH1600314002"},{"arcs":[[11,12,13,14,15,16]],"type":"Polygon","properties":{"ADM4_EN":"Banagbanag","ADM4_PCODE":"PH1600314003","ADM4_REF":null,"ADM3_EN":"Sibagat","ADM3_PCODE":"PH1600314","ADM2_EN":"Agusan del Sur","ADM2_PCODE":"PH16003","ADM1_EN":"Region XIII (Caraga)","ADM1_PCODE":"PH16","ADM0_EN":"Philippines (the)","ADM0_PCODE":"PH","date":"2022/11/09","validOn":"2023/11/06","validTo":null,"Shape_Leng":0.431507843763,"Shape_Area":0.00563164981961,"AREA_SQKM":68.5001951083},"id":"PH1600314003"},{"arcs":[[17,18,19,20]],"type":"Polygon","properties":{"ADM4_EN":"Del Rosario","ADM4_PCODE":"PH1600314004","ADM4_REF":null,"ADM3_EN":"Sibagat","ADM3_PCODE":"PH1600314","ADM2_EN":"Agusan del Sur","ADM2_PCODE":"PH16003","ADM1_EN":"Region XIII (Caraga)","ADM1_PCODE":"PH16","ADM0_EN":"Philippines (the)","ADM0_PCODE":"PH","date":"2022/11/09","validOn":"2023/11/06","validTo":null,"Shape_Leng":0.0979828942955,"Shape_Area":0.000510005158508,"AREA_SQKM":6.20478823722},"id":"PH1600314004"},{"arcs":[[-20,21,-11,-1,22]],"type":"Polygon","properties":{"ADM4_EN":"El Rio","ADM4_PCODE":"PH1600314005","ADM4_REF":null,"ADM3_EN":"Sibagat","ADM3_PCODE":"PH1600314","ADM2_EN":"Agusan del Sur","ADM2_PCODE":"PH16003","ADM1_EN":"Region XIII (Caraga)","ADM1_PCODE":"PH16","ADM0_EN":"Philippines (the)","ADM0_PCODE":"PH","date":"2022/11/09","validOn":"2023/11/06","validTo":null,"Shape_Leng":0.10388896376,"Shape_Area":0.000618024407631,"AREA_SQKM":7.5188492311},"id":"PH1600314005"},{"arcs":[[23,24,25,26]],"type":"Polygon","properties":{"ADM4_EN":"Ilihan","ADM4_PCODE":"PH1600314006","ADM4_REF":null,"ADM3_EN":"Sibagat","ADM3_PCODE":"PH1600314","ADM2_EN":"Agusan del Sur","ADM2_PCODE":"PH16003","ADM1_EN":"Region XIII (Caraga)","ADM1_PCODE":"PH16","ADM0_EN":"Philippines (the)","ADM0_PCODE":"PH","date":"2022/11/09","validOn":"2023/11/06","validTo":null,"Shape_Leng":0.157834317419,"Shape_Area":0.00108604051042,"AREA_SQKM":13.2156739792},"id":"PH1600314006"},{"arcs":[[27,-25,28,-8,29]],"type":"Polygon","properties":{"ADM4_EN":"Kauswagan","ADM4_PCODE":"PH1600314007","ADM4_REF":null,"ADM3_EN":"Sibagat","ADM3_PCODE":"PH1600314","ADM2_EN":"Agusan del Sur","ADM2_PCODE":"PH16003","ADM1_EN":"Region XIII (Caraga)","ADM1_PCODE":"PH16","ADM0_EN":"Philippines (the)","ADM0_PCODE":"PH","date":"2022/11/09","validOn":"2023/11/06","validTo":null,"Shape_Leng":0.0692897018403,"Shape_Area":0.000322420741341,"AREA_SQKM":3.92312783163},"id":"PH1600314007"},{"arcs":[[30,31,32,33]],"type":"Polygon","properties":{"ADM4_EN":"Kioya","ADM4_PCODE":"PH1600314008","ADM4_REF":null,"ADM3_EN":"Sibagat","ADM3_PCODE":"PH1600314","ADM2_EN":"Agusan del Sur","ADM2_PCODE":"PH16003","ADM1_EN":"Region XIII (Caraga)","ADM1_PCODE":"PH16","ADM0_EN":"Philippines (the)","ADM0_PCODE":"PH","date":"2022/11/09","validOn":"2023/11/06","validTo":null,"Shape_Leng":0.159599930228,"Shape_Area":0.00104755102309,"AREA_SQKM":12.7456116621},"id":"PH1600314008"},{"arcs":[[34,35,36]],"type":"Polygon","properties":{"ADM4_EN":"Magkalape","ADM4_PCODE":"PH1600314009","ADM4_REF":null,"ADM3_EN":"Sibagat","ADM3_PCODE":"PH1600314","ADM2_EN":"Agusan del Sur","ADM2_PCODE":"PH16003","ADM1_EN":"Region XIII (Caraga)","ADM1_PCODE":"PH16","ADM0_EN":"Philippines (the)","ADM0_PCODE":"PH","date":"2022/11/09","validOn":"2023/11/06","validTo":null,"Shape_Leng":0.120187990027,"Shape_Area":0.000556549701476,"AREA_SQKM":6.7702189081},"id":"PH1600314009"},{"arcs":[[37,38,-14]],"type":"Polygon","properties":{"ADM4_EN":"Magsaysay","ADM4_PCODE":"PH1600314010","ADM4_REF":null,"ADM3_EN":"Sibagat","ADM3_PCODE":"PH1600314","ADM2_EN":"Agusan del Sur","ADM2_PCODE":"PH16003","ADM1_EN":"Region XIII (Caraga)","ADM1_PCODE":"PH16","ADM0_EN":"Philippines (the)","ADM0_PCODE":"PH","date":"2022/11/09","validOn":"2023/11/06","validTo":null,"Shape_Leng":0.100640311088,"Shape_Area":0.000532307984169,"AREA_SQKM":6.47539356722},"id":"PH1600314010"},{"arcs":[[39,-6,-22,-19]],"type":"Polygon","properties":{"ADM4_EN":"Mahayahay","ADM4_PCODE":"PH1600314011","ADM4_REF":null,"ADM3_EN":"Sibagat","ADM3_PCODE":"PH1600314","ADM2_EN":"Agusan del Sur","ADM2_PCODE":"PH16003","ADM1_EN":"Region XIII (Caraga)","ADM1_PCODE":"PH16","ADM0_EN":"Philippines (the)","ADM0_PCODE":"PH","date":"2022/11/09","validOn":"2023/11/06","validTo":null,"Shape_Leng":0.120535992828,"Shape_Area":0.000691730656976,"AREA_SQKM":8.41597574569},"id":"PH1600314011"},{"arcs":[[40,-12,41]],"type":"Polygon","properties":{"ADM4_EN":"New Tubigon",