{"type":"Topology","arcs":[[[584,821],[43,-14],[17,-57],[-27,-50]],[[617,700],[-48,12],[-63,44]],[[506,756],[5,86]],[[511,842],[73,-21]],[[367,258],[39,-26],[4,-83],[-17,-74],[11,-19]],[[404,56],[-108,-56],[-127,51]],[[169,51],[87,141]],[[256,192],[43,15],[52,54],[16,-3]],[[529,263],[-17,-141],[-29,-76],[-79,10]],[[367,258],[-6,53]],[[361,311],[168,-48]],[[277,451],[-38,-111]],[[239,340],[-65,19],[-54,42]],[[120,401],[31,29],[5,42]],[[156,472],[15,1]],[[171,473],[106,-22]],[[243,807],[-11,-25],[-67,1]],[[165,783],[1,80],[-9,6]],[[157,869],[67,16],[40,21]],[[264,906],[-21,-99]],[[324,799],[41,-31]],[[365,768],[-20,-21],[0,-48]],[[345,699],[-126,-12]],[[219,687],[-38,9]],[[181,696],[-16,87]],[[243,807],[81,-8]],[[219,687],[4,-18],[-19,-58],[12,-11]],[[216,600],[-11,-23]],[[205,577],[-22,9],[-60,-7]],[[123,579],[-26,118]],[[97,697],[60,-19],[24,18]],[[256,192],[-49,10],[-38,59]],[[169,261],[46,60],[24,19]],[[239,340],[28,-1],[94,-28]],[[1184,975],[-127,69],[-38,9],[-42,-6]],[[977,1047],[-247,-19]],[[730,1028],[25,61],[72,158],[143,142],[84,230],[-7,40],[23,15],[-25,30],[9,35],[-21,21],[38,22],[-15,32],[-1,56],[38,-9],[26,37],[8,33],[29,2],[16,25],[61,49],[41,24],[-2,24],[38,32],[59,32],[129,4],[104,-416],[73,-110],[32,-36],[69,-57],[76,-103],[-209,-39],[-113,-28],[-102,-46],[-70,-58],[-174,-255]],[[169,261],[-55,21],[-88,5]],[[26,287],[2,29],[40,50],[52,35]],[[97,697],[-18,61]],[[79,758],[86,25]],[[560,572],[-112,-40],[-86,-22]],[[362,510],[-16,21]],[[346,531],[-7,56],[16,61]],[[355,648],[103,6],[41,13]],[[499,667],[19,-62],[42,-33]],[[617,700],[76,-24]],[[693,676],[-27,-71]],[[666,605],[-27,-46]],[[639,559],[-79,13]],[[499,667],[-23,63]],[[476,730],[30,26]],[[79,758],[-36,66],[4,51],[110,-6]],[[1184,975],[-42,-68],[-18,-110],[-64,-117],[-64,-60],[-123,-42]],[[873,578],[-17,80],[-39,44],[-30,14]],[[787,716],[190,331]],[[255,569],[-23,-58],[57,-33]],[[289,478],[-12,-27]],[[171,473],[0,52],[34,52]],[[216,600],[39,-31]],[[362,510],[-2,-39],[-29,-15],[-42,22]],[[255,569],[13,6],[78,-44]],[[345,699],[10,-51]],[[639,559],[24,-146],[-61,-129],[-73,-21]],[[156,472],[-33,107]],[[476,730],[-78,11],[-33,27]],[[365,768],[45,24],[34,66]],[[444,858],[67,-16]],[[264,906],[66,11]],[[330,917],[-6,-118]],[[330,917],[28,-2],[86,-57]],[[873,578],[-74,-34],[-20,-21],[-86,86],[-27,-4]],[[693,676],[94,40]],[[584,821],[146,207]],[[169,51],[-169,67],[26,38],[9,33],[-11,49],[2,49]]],"transform":{"scale":[0.00010979230885530511,0.00010665749411209891],"translate":[122.036609471,10.983998984000038]},"objects":{"bgysubmuns-municity-ph0600604":{"type":"GeometryCollection","geometries":[{"arcs":[[0,1,2,3]],"type":"Polygon","properties":{"ADM4_EN":"Anilawan","ADM4_PCODE":"PH0600604001","ADM4_REF":null,"ADM3_EN":"Bugasong","ADM3_PCODE":"PH0600604","ADM2_EN":"Antique","ADM2_PCODE":"PH06006","ADM1_EN":"Region VI (Western Visayas)","ADM1_PCODE":"PH06","ADM0_EN":"Philippines (the)","ADM0_PCODE":"PH","date":"2022/11/09","validOn":"2023/11/06","validTo":null,"Shape_Leng":0.0488879667171,"Shape_Area":0.000155872157343,"AREA_SQKM":1.88389527687},"id":"PH0600604001"},{"arcs":[[4,5,6,7]],"type":"Polygon","properties":{"ADM4_EN":"Arangote","ADM4_PCODE":"PH0600604002","ADM4_REF":null,"ADM3_EN":"Bugasong","ADM3_PCODE":"PH0600604","ADM2_EN":"Antique","ADM2_PCODE":"PH06006","ADM1_EN":"Region VI (Western Visayas)","ADM1_PCODE":"PH06","ADM0_EN":"Philippines (the)","ADM0_PCODE":"PH","date":"2022/11/09","validOn":"2023/11/06","validTo":null,"Shape_Leng":0.0858568757306,"Shape_Area":0.000453442981706,"AREA_SQKM":5.48164303125},"id":"PH0600604002"},{"arcs":[[8,-5,9,10]],"type":"Polygon","properties":{"ADM4_EN":"Bagtason","ADM4_PCODE":"PH0600604003","ADM4_REF":null,"ADM3_EN":"Bugasong","ADM3_PCODE":"PH0600604","ADM2_EN":"Antique","ADM2_PCODE":"PH06006","ADM1_EN":"Region VI (Western Visayas)","ADM1_PCODE":"PH06","ADM0_EN":"Philippines (the)","ADM0_PCODE":"PH","date":"2022/11/09","validOn":"2023/11/06","validTo":null,"Shape_Leng":0.0823451825041,"Shape_Area":0.000319331232863,"AREA_SQKM":3.86029291802},"id":"PH0600604003"},{"arcs":[[11,12,13,14,15]],"type":"Polygon","properties":{"ADM4_EN":"Camangahan","ADM4_PCODE":"PH0600604004","ADM4_REF":null,"ADM3_EN":"Bugasong","ADM3_PCODE":"PH0600604","ADM2_EN":"Antique","ADM2_PCODE":"PH06006","ADM1_EN":"Region VI (Western Visayas)","ADM1_PCODE":"PH06","ADM0_EN":"Philippines (the)","ADM0_PCODE":"PH","date":"2022/11/09","validOn":"2023/11/06","validTo":null,"Shape_Leng":0.0510446188868,"Shape_Area":0.000146796415334,"AREA_SQKM":1.77443170766},"id":"PH0600604004"},{"arcs":[[16,17,18,19]],"type":"Polygon","properties":{"ADM4_EN":"Cubay North","ADM4_PCODE":"PH0600604005","ADM4_REF":null,"ADM3_EN":"Bugasong","ADM3_PCODE":"PH0600604","ADM2_EN":"Antique","ADM2_PCODE":"PH06006","ADM1_EN":"Region VI (Western Visayas)","ADM1_PCODE":"PH06","ADM0_EN":"Philippines (the)","ADM0_PCODE":"PH","date":"2022/11/09","validOn":"2023/11/06","validTo":null,"Shape_Leng":0.0437187271894,"Shape_Area":0.000105924366874,"AREA_SQKM":1.28018888548},"id":"PH0600604005"},{"arcs":[[20,21,22,23,24,-17,25]],"type":"Polygon","properties":{"ADM4_EN":"Cubay South","ADM4_PCODE":"PH0600604006","ADM4_REF":null,"ADM3_EN":"Bugasong","ADM3_PCODE":"PH0600604","ADM2_EN":"Antique","ADM2_PCODE":"PH06006","ADM1_EN":"Region VI (Western Visayas)","ADM1_PCODE":"PH06","ADM0_EN":"Philippines (the)","ADM0_PCODE":"PH","date":"2022/11/09","validOn":"2023/11/06","validTo":null,"Shape_Leng":0.0612972911232,"Shape_Area":0.000204633188276,"AREA_SQKM":2.47325235541},"id":"PH0600604006"},{"arcs":[[26,27,28,29,30,-24]],"type":"Polygon","properties":{"ADM4_EN":"Guija","ADM4_PCODE":"PH0600604009","ADM4_REF":null,"ADM3_EN":"Bugasong","ADM3_PCODE":"PH0600604","ADM2_EN":"Antique","ADM2_PCODE":"PH06006","ADM1_EN":"Region VI (Western Visayas)","ADM1_PCODE":"PH06","ADM0_EN":"Philippines (the)","ADM0_PCODE":"PH","date":"2022/11/09","validOn":"2023/11/06","validTo":null,"Shape_Leng":0.0505373819526,"Shape_Area":0.000127791747056,"AREA_SQKM":1.544583862},"id":"PH0600604009"},{"arcs":[[-10,-8,31,32,33]],"type":"Polygon","properties":{"ADM4_EN":"Igbalangao","ADM4_PCODE":"PH0600604010","ADM4_REF":null,"ADM3_EN":"Bugasong","ADM3_PCODE":"PH0600604","ADM2_EN":"Antique","ADM2_PCODE":"PH06006","ADM1_EN":"Region VI (Western Visayas)","ADM1_PCODE":"PH06","ADM0_EN":"Philippines (the)","ADM0_PCODE":"PH","date":"2022/11/09","validOn":"2023/11/06","validTo":null,"Shape_Leng":0.0596137046237,"Shape_Area":0.000230938391902,"AREA_SQKM":2.79165492075},"id":"PH0600604010"},{"arcs":[[34,35,36]],"type":"Polygon","properties":{"ADM4_EN":"Igsoro","ADM4_PCODE":"PH0600604011","ADM4_REF":null,"ADM3_EN":"Bugasong","ADM3_PCODE":"PH0600604","ADM2_EN":"Antique","ADM2_PCODE":"PH06006","ADM1_EN":"Region VI (Western Visayas)","ADM1_PCODE":"PH06","ADM0_EN":"Philippines (the)","ADM0_PCODE":"PH","date":"2022/11/09","validOn":"2023/11/06","validTo":null,"Shape_Leng":0.448058650227,"Shape_Area":0.00688074449503,"AREA_SQKM":83.1395648029},"id":"PH0600604011"},{"arcs":[[-33,37,38,-13]],"type":"Polygon","properties":{"ADM4_EN":"Ilaures","ADM4_PCODE":"PH0600604012","ADM4_REF":null,"ADM3_EN":"Bugasong","ADM3_PCODE":"PH0600604","ADM2_EN":"Antique","ADM2_PCODE":"PH06006","ADM1_EN":"Region VI (Western Visayas)","ADM1_PCODE":"PH06","ADM0_EN":"Philippines (the)","ADM0_PCODE":"PH","date":"2022/11/09","validOn":"2023/11/06","validTo":null,"Shape_Leng":0.0601220158999,"Shape_Area":0.000189883610407,"AREA_SQKM":2.29532502085},"id":"PH0600604012"},{"arcs":[[-31,39,40,-25]],"type":"Polygon","properties":{"ADM4_EN":"Jinalinan","ADM4_PCODE":"PH0600604013","ADM4_REF":null,"ADM3_EN":"Bugasong","ADM3_PCODE":"PH0600604","ADM2_EN":"Antique","ADM2_PCODE":"PH06006","ADM1_EN":"Region VI (Western Visayas)","ADM1_PCODE":"PH06","ADM0_EN":"Philippines (the)","ADM0_PCODE":"PH","date":"2022/11/09","validOn":"2023/11/06","validTo":null,"Shape_Leng":0.0372430598061,"Shape_Area":0.0000885046349449,"AREA_SQKM":1.06969698398},"id":"PH0600604013"},{"arcs":[[41,42,43,44,45]],"type":"Polygon",