{"type":"Topology","arcs":[[[1026,592],[47,-37],[63,6],[3,-110]],[[1139,451],[-125,26]],[[1014,477],[-50,17],[-4,68]],[[960,562],[66,30]],[[1080,196],[3,-162],[-47,-34],[-99,48],[-24,49],[-55,37],[-4,57]],[[854,191],[83,-6]],[[937,185],[27,12],[79,-16],[37,15]],[[1090,1045],[7,-68]],[[1097,977],[-1,-71],[-61,-53],[6,-93],[15,-49]],[[1056,711],[-74,23]],[[982,734],[-48,-8],[-38,28],[-92,27]],[[804,781],[-9,64],[-52,74]],[[743,919],[63,65],[140,50],[65,-8]],[[1011,1026],[25,24],[54,-5]],[[460,719],[95,-48],[136,0]],[[691,671],[-112,-89],[36,-64]],[[615,518],[-23,-21]],[[592,497],[-125,20],[-103,85],[35,22],[-26,42],[8,39]],[[381,705],[37,29],[42,-15]],[[804,781],[-56,-13],[8,-29],[-65,-68]],[[460,719],[79,181]],[[539,900],[126,4],[78,15]],[[1100,284],[11,-41],[-31,-47]],[[937,185],[-18,39],[-18,97]],[[901,321],[39,77]],[[940,398],[78,-63],[33,-7],[49,-44]],[[585,1200],[-159,-93],[-95,-42]],[[331,1065],[-2,52],[33,104],[-11,77]],[[351,1298],[11,17]],[[362,1315],[15,6],[87,-46],[72,46]],[[536,1321],[28,-18],[21,-103]],[[1014,477],[-74,-79]],[[901,321],[-56,39]],[[845,360],[-41,62],[-141,109],[-48,-13]],[[691,671],[6,-20],[79,-77],[122,-13],[62,1]],[[318,1473],[-34,-25],[-8,-38],[33,-81]],[[309,1329],[10,-7]],[[319,1322],[-72,-65],[-7,-62],[13,-81]],[[253,1114],[-56,-24],[-50,76],[-16,74],[-131,116],[102,25],[59,29],[62,-26],[33,46],[-9,64],[71,-21]],[[755,1162],[-63,-113],[51,-130]],[[539,900],[-104,38],[-36,36],[-77,19]],[[322,993],[9,72]],[[585,1200],[170,-38]],[[381,705],[-38,138],[-21,150]],[[331,1065],[-68,-1],[-10,50]],[[319,1322],[32,-24]],[[423,1446],[-8,-36],[-53,-95]],[[309,1329],[37,6],[24,54],[5,71]],[[375,1460],[48,-14]],[[845,360],[-22,-36],[-41,6],[-44,-50],[-39,-3]],[[699,277],[-90,7],[-26,76],[9,137]],[[318,1473],[57,-13]],[[982,734],[-3,-29],[47,-113]],[[1097,977],[76,-45],[51,10],[70,42],[62,-64],[-57,-199],[-51,14],[-113,5],[-79,-29]],[[423,1446],[80,27]],[[503,1473],[1,-73],[33,-29],[-1,-50]],[[713,1529],[47,-119],[60,-25],[5,-32]],[[825,1353],[8,-90],[-29,-80],[-49,-21]],[[503,1473],[7,38],[67,21],[136,-3]],[[1139,451],[25,-32],[-69,-60],[5,-75]],[[1161,1318],[-108,-9]],[[1053,1309],[-92,53]],[[961,1362],[40,137]],[[1001,1499],[21,-39],[129,-58],[10,-84]],[[1011,1026],[-2,170],[34,28],[10,85]],[[1161,1318],[16,-77],[-39,-149],[-48,-47]],[[961,1362],[-8,-21],[-72,-7],[-56,19]],[[713,1529],[93,52],[25,-2],[54,-56],[60,-30],[56,6]],[[854,191],[-62,-14],[-93,100]]],"transform":{"scale":[0.00011765482669616955,0.0001101342511068764],"translate":[121.79260540100006,16.877115441000058]},"objects":{"bgysubmuns-municity-ph0203120":{"type":"GeometryCollection","geometries":[{"arcs":[[0,1,2,3]],"type":"Polygon","properties":{"ADM4_EN":"Aguinaldo","ADM4_PCODE":"PH0203120001","ADM4_REF":null,"ADM3_EN":"Naguilian","ADM3_PCODE":"PH0203120","ADM2_EN":"Isabela","ADM2_PCODE":"PH02031","ADM1_EN":"Region II (Cagayan Valley)","ADM1_PCODE":"PH02","ADM0_EN":"Philippines (the)","ADM0_PCODE":"PH","date":"2022/11/09","validOn":"2023/11/06","validTo":null,"Shape_Leng":0.0648665760305,"Shape_Area":0.00023466167736,"AREA_SQKM":2.76635813197},"id":"PH0203120001"},{"arcs":[[4,5,6]],"type":"Polygon","properties":{"ADM4_EN":"Bagong Sikat","ADM4_PCODE":"PH0203120002","ADM4_REF":null,"ADM3_EN":"Naguilian","ADM3_PCODE":"PH0203120","ADM2_EN":"Isabela","ADM2_PCODE":"PH02031","ADM1_EN":"Region II (Cagayan Valley)","ADM1_PCODE":"PH02","ADM0_EN":"Philippines (the)","ADM0_PCODE":"PH","date":"2022/11/09","validOn":"2023/11/06","validTo":null,"Shape_Leng":0.0860262767256,"Shape_Area":0.000403568723691,"AREA_SQKM":4.75866457342},"id":"PH0203120002"},{"arcs":[[7,8,9,10,11,12,13]],"type":"Polygon","properties":{"ADM4_EN":"Burgos","ADM4_PCODE":"PH0203120003","ADM4_REF":null,"ADM3_EN":"Naguilian","ADM3_PCODE":"PH0203120","ADM2_EN":"Isabela","ADM2_PCODE":"PH02031","ADM1_EN":"Region II (Cagayan Valley)","ADM1_PCODE":"PH02","ADM0_EN":"Philippines (the)","ADM0_PCODE":"PH","date":"2022/11/09","validOn":"2023/11/06","validTo":null,"Shape_Leng":0.137352884343,"Shape_Area":0.00100383005217,"AREA_SQKM":11.8313538785},"id":"PH0203120003"},{"arcs":[[14,15,16,17,18]],"type":"Polygon","properties":{"ADM4_EN":"Cabaruan","ADM4_PCODE":"PH0203120004","ADM4_REF":null,"ADM3_EN":"Naguilian","ADM3_PCODE":"PH0203120","ADM2_EN":"Isabela","ADM2_PCODE":"PH02031","ADM1_EN":"Region II (Cagayan Valley)","ADM1_PCODE":"PH02","ADM0_EN":"Philippines (the)","ADM0_PCODE":"PH","date":"2022/11/09","validOn":"2023/11/06","validTo":null,"Shape_Leng":0.114357049262,"Shape_Area":0.000531395181758,"AREA_SQKM":6.26413932788},"id":"PH0203120004"},{"arcs":[[19,-15,20,21,-12]],"type":"Polygon","properties":{"ADM4_EN":"Flores","ADM4_PCODE":"PH0203120005","ADM4_REF":null,"ADM3_EN":"Naguilian","ADM3_PCODE":"PH0203120","ADM2_EN":"Isabela","ADM2_PCODE":"PH02031","ADM1_EN":"Region II (Cagayan Valley)","ADM1_PCODE":"PH02","ADM0_EN":"Philippines (the)","ADM0_PCODE":"PH","date":"2022/11/09","validOn":"2023/11/06","validTo":null,"Shape_Leng":0.115742115389,"Shape_Area":0.000791188501871,"AREA_SQKM":9.32565895718},"id":"PH0203120005"},{"arcs":[[22,-7,23,24,25]],"type":"Polygon","properties":{"ADM4_EN":"La Union","ADM4_PCODE":"PH0203120006","ADM4_REF":null,"ADM3_EN":"Naguilian","ADM3_PCODE":"PH0203120","ADM2_EN":"Isabela","ADM2_PCODE":"PH02031","ADM1_EN":"Region II (Cagayan Valley)","ADM1_PCODE":"PH02","ADM0_EN":"Philippines (the)","ADM0_PCODE":"PH","date":"2022/11/09","validOn":"2023/11/06","validTo":null,"Shape_Leng":0.0879013115804,"Shape_Area":0.000373103125,"AREA_SQKM":4.39902637226},"id":"PH0203120006"},{"arcs":[[26,27,28,29,30]],"type":"Polygon","properties":{"ADM4_EN":"Magsaysay (Pob.)","ADM4_PCODE":"PH0203120007","ADM4_REF":null,"ADM3_EN":"Naguilian","ADM3_PCODE":"PH0203120","ADM2_EN":"Isabela","ADM2_PCODE":"PH02031","ADM1_EN":"Region II (Cagayan Valley)","ADM1_PCODE":"PH02","ADM0_EN":"Philippines (the)","ADM0_PCODE":"PH","date":"2022/11/09","validOn":"2023/11/06","validTo":null,"Shape_Leng":0.117421401701,"Shape_Area":0.000489580639384,"AREA_SQKM":5.76926828879},"id":"PH0203120007"},{"arcs":[[-3,31,-25,32,33,-16,34]],"type":"Polygon","properties":{"ADM4_EN":"Manaring","ADM4_PCODE":"PH0203120008","ADM4_REF":null,"ADM3_EN":"Naguilian","ADM3_PCODE":"PH0203120","ADM2_EN":"Isabela","ADM2_PCODE":"PH02031","ADM1_EN":"Region II (Cagayan Valley)","ADM1_PCODE":"PH02","ADM0_EN":"Philippines (the)","ADM0_PCODE":"PH","date":"2022/11/09","validOn":"2023/11/06","validTo":null,"Shape_Leng":0.140706300984,"Shape_Area":0.000768098465075,"AREA_SQKM":9.05498513123},"id":"PH0203120008"},{"arcs":[[35,36,37,38]],"type":"Polygon","properties":{"ADM4_EN":"Mansibang","ADM4_PCODE":"PH0203120009","ADM4_REF":null,"ADM3_EN":"Naguilian","ADM3_PCODE":"PH0203120","ADM2_EN":"Isabela","ADM2_PCODE":"PH02031","ADM1_EN":"Region II (Cagayan Valley)","ADM1_PCODE":"PH02","ADM0_EN":"Philippines (the)","ADM0_PCODE":"PH","date":"2022/11/09","validOn":"2023/11/06","validTo":null,"Shape_Leng":0.149726672808,"Shape_Area":0.000675752721121,"AREA_SQKM":7.96272089613},"id":"PH0203120009"},{"arcs":[[39,-22,40,41,-27,42]],"type":"Polygon","properties":{"ADM4_EN":"Minallo","ADM4_PCODE":"PH0203120010","ADM4_REF":null,"ADM3_EN":"Naguilian","ADM3_PCODE":"PH0203120","ADM2_EN":"Isabela","ADM2_PCODE":"PH02031","ADM1_EN":"Region II (Cagayan Valley)","ADM1_PCODE":"PH02","ADM0_EN":"Philippines (the)","ADM0_PCODE":"PH","date":"2022/11/09","validOn":"2023/11/06","validTo":null,"Shape_Leng":0.144505226362,"Shape_Area":0.00111794577096,"AREA_SQKM":13.17523846},"id":"PH0203120010"},{"arcs":[[-21,-19,43,-41]],"type":"Polygon","properties":{"ADM4_EN":"Minanga","ADM4_PCODE":"PH0203120011","ADM4_REF":null,"ADM3_EN":"Naguilian","ADM3_PCODE":"PH0203120","ADM2_EN":"Isabela","ADM2_PCODE":"PH02031","ADM1_EN":"Region II (Cagayan Valley)","ADM1_PCODE":"PH02","ADM0_EN":"Philippines (the)","ADM0_PCODE":"PH","date":"2022/11/09","validOn":"2023/11/06","validTo":null,"Shape_Leng":0.0948124809066,"Shape_Area":0.000475313632495,"AREA_SQKM":5.60227100317},"id":"PH0203120011"},{"arcs":[[-28,44,-38,45]],