{"type":"Topology","arcs":[[[969,507],[164,-83],[29,-46]],[[1162,378],[-39,-101]],[[1123,277],[-190,33]],[[933,310],[34,113],[-39,19]],[[928,442],[9,59]],[[937,501],[8,14]],[[945,515],[24,-8]],[[906,315],[-100,18]],[[806,333],[15,37]],[[821,370],[65,85]],[[886,455],[-12,-92],[32,-48]],[[908,480],[0,-13]],[[908,467],[20,-25]],[[933,310],[-27,5]],[[886,455],[4,10]],[[890,465],[8,12]],[[898,477],[10,3]],[[908,480],[0,13]],[[908,493],[5,7]],[[913,500],[9,3]],[[922,503],[9,-12]],[[931,491],[-11,-11]],[[920,480],[-12,0]],[[922,503],[-5,15]],[[917,518],[22,5]],[[939,523],[6,-8]],[[937,501],[-15,2]],[[887,476],[11,1]],[[890,465],[-3,11]],[[920,480],[-12,-13]],[[887,476],[-10,-1]],[[877,475],[2,8]],[[879,483],[4,5]],[[883,488],[4,-12]],[[898,477],[-1,12]],[[897,489],[11,4]],[[897,489],[-14,-1]],[[883,488],[13,14]],[[896,502],[1,-13]],[[937,501],[-6,-10]],[[913,500],[-14,6]],[[899,506],[14,15]],[[913,521],[4,-3]],[[821,370],[16,50]],[[837,420],[40,55]],[[896,502],[3,4]],[[926,554],[-13,-33]],[[879,483],[-70,52]],[[809,535],[35,53],[82,-34]],[[837,420],[-13,2]],[[824,422],[-54,39],[15,67]],[[785,528],[24,7]],[[806,333],[-34,7]],[[772,340],[21,87],[31,-5]],[[969,507],[-5,15]],[[964,522],[22,-3]],[[986,519],[-17,-12]],[[1009,527],[-32,5]],[[977,532],[31,31]],[[1008,563],[31,33]],[[1039,596],[25,-7]],[[1064,589],[-55,-62]],[[1009,527],[-23,-8]],[[964,522],[5,11]],[[969,533],[8,-1]],[[1218,481],[-56,-103]],[[1064,589],[106,-45],[48,-63]],[[1030,603],[9,-7]],[[1008,563],[-20,10]],[[988,573],[42,30]],[[969,533],[19,40]],[[1052,688],[-22,-85]],[[939,523],[-13,31]],[[926,554],[32,79],[57,60],[37,-5]],[[1370,1211],[-83,-82],[-30,-140],[-56,-63],[-52,-87]],[[1149,839],[-53,44],[-38,-16],[-46,73],[-108,20],[-36,20]],[[868,980],[174,238],[13,29],[200,-42],[115,6]],[[772,340],[-206,-27]],[[566,313],[-5,132],[-27,122]],[[534,567],[43,-42],[41,13],[15,-64],[136,28],[16,26]],[[566,313],[-230,-31],[-88,-120]],[[248,162],[-42,219]],[[206,381],[186,123],[142,63]],[[1482,437],[73,-35],[34,-74],[109,-118],[-116,-193],[-99,56],[-53,-25],[-125,45],[-182,184]],[[1218,481],[87,-38],[82,34],[95,-40]],[[1149,839],[-97,-151]],[[534,567],[179,242],[155,171]],[[1452,749],[-303,90]],[[1370,1211],[149,-22],[-33,-65],[-15,-78],[-19,-297]],[[248,162],[-119,-162],[-10,110],[-65,20],[-3,59],[-51,81],[36,53],[84,11],[29,49],[57,-2]],[[1452,749],[-34,-177],[64,-135]]],"transform":{"scale":[0.00005617575677268733,0.000053279484362463565],"translate":[122.4133904690001,10.753388622000045]},"objects":{"bgysubmuns-municity-ph0603041":{"type":"GeometryCollection","geometries":[{"arcs":[[0,1,2,3,4,5,6]],"type":"Polygon","properties":{"ADM4_EN":"Bgy. 1 Pob. (Roxas St.)","ADM4_PCODE":"PH0603041001","ADM4_REF":null,"ADM3_EN":"San Miguel","ADM3_PCODE":"PH0603041","ADM2_EN":"Iloilo","ADM2_PCODE":"PH06030","ADM1_EN":"Region VI (Western Visayas)","ADM1_PCODE":"PH06","ADM0_EN":"Philippines (the)","ADM0_PCODE":"PH","date":"2022/11/09","validOn":"2023/11/06","validTo":null,"Shape_Leng":0.0451814497808,"Shape_Area":0.000104479209226,"AREA_SQKM":1.26396414554},"id":"PH0603041001"},{"arcs":[[7,8,9,10]],"type":"Polygon","properties":{"ADM4_EN":"Bgy. 10 (Pob. R.V.Sanchez St. South)","ADM4_PCODE":"PH0603041002","ADM4_REF":null,"ADM3_EN":"San Miguel","ADM3_PCODE":"PH0603041","ADM2_EN":"Iloilo","ADM2_PCODE":"PH06030","ADM1_EN":"Region VI (Western Visayas)","ADM1_PCODE":"PH06","ADM0_EN":"Philippines (the)","ADM0_PCODE":"PH","date":"2022/11/09","validOn":"2023/11/06","validTo":null,"Shape_Leng":0.0230828249515,"Shape_Area":0.000016331235019,"AREA_SQKM":0.197571817046},"id":"PH0603041002"},{"arcs":[[[11,12,-4,13,-11,14,15,16]],[[17,18,19,20,21,22]],[[23,24,25,-6,26]]],"type":"MultiPolygon","properties":{"ADM4_EN":"Bgy. 11 Pob. (R.V.Sanchez St. North)","ADM4_PCODE":"PH0603041003","ADM4_REF":null,"ADM3_EN":"San Miguel","ADM3_PCODE":"PH0603041","ADM2_EN":"Iloilo","ADM2_PCODE":"PH06030","ADM1_EN":"Region VI (Western Visayas)","ADM1_PCODE":"PH06","ADM0_EN":"Philippines (the)","ADM0_PCODE":"PH","date":"2022/11/09","validOn":"2023/11/06","validTo":null,"Shape_Leng":0.0333887375316,"Shape_Area":0.0000284650340688,"AREA_SQKM":0.344362316581},"id":"PH0603041003"},{"arcs":[[[27,-16,28]],[[-23,29,-12]],[[30,31,32,33]],[[-17,34,35,-18]],[[36,37,38]],[[-27,39,-21]],[[-20,40,41,42,-24]]],"type":"MultiPolygon","properties":{"ADM4_EN":"Bgy. 12 Pob. (Sales Malaga Saliedo)","ADM4_PCODE":"PH0603041004","ADM4_REF":null,"ADM3_EN":"San Miguel","ADM3_PCODE":"PH0603041","ADM2_EN":"Iloilo","ADM2_PCODE":"PH06030","ADM1_EN":"Region VI (Western Visayas)","ADM1_PCODE":"PH06","ADM0_EN":"Philippines (the)","ADM0_PCODE":"PH","date":"2022/11/09","validOn":"2023/11/06","validTo":null,"Shape_Leng":0.0197787759035,"Shape_Area":0.00000267614050642,"AREA_SQKM":0.0323747143562},"id":"PH0603041004"},{"arcs":[[[-29,-15,-10,43,44,-31]],[[-34,-37,-35,-28]],[[-39,45,-41,-19,-36]]],"type":"MultiPolygon","properties":{"ADM4_EN":"Bgy. 13 Pob. (Sta.Rita-Saclauso St.)","ADM4_PCODE":"PH0603041005","ADM4_REF":null,"ADM3_EN":"San Miguel","ADM3_PCODE":"PH0603041","ADM2_EN":"Iloilo","ADM2_PCODE":"PH06030","ADM1_EN":"Region VI (Western Visayas)","ADM1_PCODE":"PH06","ADM0_EN":"Philippines (the)","ADM0_PCODE":"PH","date":"2022/11/09","validOn":"2023/11/06","validTo":null,"Shape_Leng":0.0210426123737,"Shape_Area":0.00000923840668325,"AREA_SQKM":0.111763130316},"id":"PH0603041005"},{"arcs":[[46,-42,-46,-38,-33,47,48]],"type":"Polygon","properties":{"ADM4_EN":"Bgy. 14 Pob. (San Miguel North)","ADM4_PCODE":"PH0603041006","ADM4_REF":null,"ADM3_EN":"San Miguel","ADM3_PCODE":"PH0603041","ADM2_EN":"Iloilo","ADM2_PCODE":"PH06030","ADM1_EN":"Region VI (Western Visayas)","ADM1_PCODE":"PH06","ADM0_EN":"Philippines (the)","ADM0_PCODE":"PH","date":"2022/11/09","validOn":"2023/11/06","validTo":null,"Shape_Leng":0.0194813115031,"Shape_Area":0.000020542207683,"AREA_SQKM":0.248507960152},"id":"PH0603041006"},{"arcs":[[-32,-45,49,50,51,-48]],"type":"Polygon","properties":{"ADM4_EN":"Bgy. 15 Pob. (San Miguel South)","ADM4_PCODE":"PH0603041007","ADM4_REF":null,"ADM3_EN":"San Miguel","ADM3_PCODE":"PH0603041","ADM2_EN":"Iloilo","ADM2_PCODE":"PH06030","ADM1_EN":"Region VI (Western Visayas)","ADM1_PCODE":"PH06","ADM0_EN":"Philippines (the)","ADM0_PCODE":"PH","date":"2022/11/09","validOn":"2023/11/06","validTo":null,"Shape_Leng":0.0194775399445,"Shape_Area":0.0000208199579704,"AREA_SQKM":0.251870720398},"id":"PH0603041007"},{"arcs":[[-50,-44,-9,52,53]],"type":"Polygon","properties":{"ADM4_EN":"Bgy. 16 Pob. (San Agustin St.)","ADM4_PCODE":"PH0603041008","ADM4_REF":null,"ADM3_EN":"San Miguel","ADM3_PCODE":"PH0603041","ADM2_EN":"Iloilo","ADM2_PCODE":"PH06030","ADM1_EN":"Region VI (Western Visayas)","ADM1_PCODE":"PH06","ADM0_EN":"Philippines (the)","ADM0_PCODE":"PH","date":"2022/11/09","validOn":"2023/11/06","validTo":null,"Shape_Leng":0.0144950250594,"Shape_Area":0.0000102176556984,"AREA_SQKM":0.123610775634},"id":"PH0603041008"},{"arcs":[[[54,55,56]],[[57,58,59,60,61]]],"type":"MultiPolygon","properties":{"ADM4_EN":"Bgy. 2 Pob. (Savilla Sto. Rosario)","ADM4_PCODE":"PH0603041009","ADM4_REF":null,"ADM3_EN":"San Miguel","ADM3_PCODE":"PH0603041","ADM2_EN":"Iloilo","ADM2_PCODE":"PH06030","ADM1_EN":"Region VI (Western Visayas)","ADM1_PCODE":"PH06","ADM0_EN":"Philippines (the)","ADM0_PCODE":"PH","date":"2022/11/09","validOn":"2023/11/06","validTo":null,"Shape_Leng":0.0171137715582,"Shape_Area":0.00000563028675074,"AREA_SQKM":0.0681118240968},"id":"PH0603041009"},{"arcs":[[-58,62,-56,63,64]],"type":"Polygon","properties":{"ADM4_EN":"Bgy. 3 Pob. (A.S.Suarez St. Zone 1)","ADM4_PCODE":"PH0603041010","ADM4_REF":null,"ADM3_EN":"San Miguel","ADM3_PCODE":"PH0603041","ADM2_EN":"Iloilo","ADM2_PCODE":"PH06030","ADM1_EN":"Region VI (Western Visayas)","ADM1_PCODE":"PH06","ADM0_EN":"Philippines (the)","ADM0_PCODE":"PH","date":"2022/11/09","validOn":"2023/11/06","validTo":null,"Shape_Leng":0.0110047860279,"Shape_Area":0.00000334660571479,"AREA_SQKM":0.0404854904945},"id":"PH0603041010"},{"arcs":[[65,-1,-57,-63,-62,66]],