{"type":"Topology","arcs":[[[1385,1904],[-299,-239],[-3,-3]],[[1083,1662],[-381,62]],[[702,1724],[248,400]],[[950,2124],[155,-40],[280,-180]],[[1862,1497],[-136,-1],[-76,1],[-171,-45]],[[1479,1452],[-94,452]],[[1385,1904],[290,340]],[[1675,2244],[131,-542],[56,-205]],[[1479,1452],[-383,-107]],[[1096,1345],[-14,70],[1,18],[0,229]],[[1515,672],[-404,-181]],[[1111,491],[-297,315],[-419,340]],[[395,1146],[61,69],[82,94]],[[538,1309],[88,-75],[470,111]],[[1096,1345],[419,-673]],[[2143,1494],[-5,-1],[-276,4]],[[1675,2244],[-90,550]],[[1585,2794],[244,0],[1,-6],[2,-7],[1,-7],[4,2],[7,-3],[1,-6],[-4,0],[-5,-8],[-3,-1],[-5,-10],[0,-7],[-3,-3],[-5,1],[-1,-6],[0,-10],[4,-13],[7,-4],[5,4],[2,-8],[6,1],[2,3],[10,-7],[6,1],[4,-5],[6,-4],[0,-8],[2,-4],[0,-11],[1,-8],[-4,-13],[2,-10],[2,-3],[2,-9],[4,-10],[3,-4],[3,-7],[4,-3],[4,-6],[-1,-5],[-3,-3],[1,-6],[-4,-4],[-12,-1],[-3,-7],[3,-9],[-2,-4],[5,-7],[1,-7],[-2,-3],[1,-13],[-4,-6],[-4,-13],[0,-16],[-2,-8],[0,-9],[2,-8],[-5,-3],[0,-8],[1,-4],[-4,-6],[-2,-2],[1,-8],[-1,-5],[2,-3],[1,-8],[0,-7],[-3,-11],[1,-7],[-2,-6],[1,-10],[-4,-12],[2,-4],[-4,-4],[-6,-2],[0,-10],[-2,-5],[-5,-1],[-4,-7],[3,-3],[1,-8],[-2,-7],[2,-5],[4,-1],[3,-9],[-2,-1],[1,-8],[4,-3],[6,-1],[1,-17],[3,-5],[-3,-12],[-6,-10],[-2,-11],[1,-12],[-3,-9],[1,-6],[12,-24],[6,-10],[18,-24],[16,-20],[14,-15],[12,-15],[29,-45],[11,-22],[18,-38],[11,-29],[7,-28],[1,-9],[0,-38],[-1,-33],[-3,-7],[-9,-15],[-2,-14],[-2,-10],[0,-6],[-2,-8],[1,-7],[-1,-7],[1,-18],[-5,-10],[-14,-9],[-3,-9],[-5,-11],[-4,-6],[-11,-6],[-6,2],[-15,-5],[6,-18],[8,5],[7,-1],[9,8],[11,-2],[5,0],[4,-2],[14,-7],[24,-3],[9,-4],[5,-8],[4,-14],[3,-6],[10,-7],[9,-2],[11,-11],[10,2],[7,-1],[3,-10],[-5,-4],[0,-4],[7,-13],[9,-18],[12,-30],[11,-11],[3,1],[5,-6],[5,1],[4,-3],[0,-7],[-5,-2],[0,-8],[5,-5],[10,-25]],[[702,1724],[-392,56]],[[310,1780],[37,215],[88,375]],[[435,2370],[233,-170],[282,-76]],[[538,1309],[-267,245]],[[271,1554],[39,226]],[[435,2370],[47,485],[500,-36],[603,-25]],[[622,263],[489,228]],[[1515,672],[95,48]],[[1610,720],[-631,-609],[-354,-111],[-3,263]],[[622,263],[-442,481]],[[180,744],[215,402]],[[180,744],[-180,360],[271,450]],[[2143,1494],[7,-17],[6,-16],[3,-3],[9,-17],[2,-6],[-4,-7],[2,-6],[2,-2],[3,-12],[3,-7],[7,-11],[15,-43],[5,-10],[5,-3],[8,-1],[1,-13],[1,-8],[6,-9],[11,4],[1,-7],[6,-8],[3,-28],[4,-6],[11,-19],[5,-13],[0,-5],[5,-12],[4,-9],[9,-34],[6,-21],[4,-21],[3,-6],[-2,-12],[-5,-7],[2,-12],[5,-25],[-3,-4],[-683,-338]]],"transform":{"scale":[0.00003678405879790395,0.000028339344658497046],"translate":[126.02977533100011,9.890529749000052]},"objects":{"bgysubmuns-municity-ph1606720":{"type":"GeometryCollection","geometries":[{"arcs":[[0,1,2,3]],"type":"Polygon","properties":{"ADM4_EN":"Buhing Calipay","ADM4_PCODE":"PH1606720001","ADM4_REF":null,"ADM3_EN":"San Isidro","ADM3_PCODE":"PH1606720","ADM2_EN":"Surigao del Norte","ADM2_PCODE":"PH16067","ADM1_EN":"Region XIII (Caraga)","ADM1_PCODE":"PH16","ADM0_EN":"Philippines (the)","ADM0_PCODE":"PH","date":"2022/11/09","validOn":"2023/11/06","validTo":null,"Shape_Leng":0.0590670119144,"Shape_Area":0.000185709898996,"AREA_SQKM":2.25247665512},"id":"PH1606720001"},{"arcs":[[4,5,6,7]],"type":"Polygon","properties":{"ADM4_EN":"Del Carmen (Pob.)","ADM4_PCODE":"PH1606720002","ADM4_REF":null,"ADM3_EN":"San Isidro","ADM3_PCODE":"PH1606720","ADM2_EN":"Surigao del Norte","ADM2_PCODE":"PH16067","ADM1_EN":"Region XIII (Caraga)","ADM1_PCODE":"PH16","ADM0_EN":"Philippines (the)","ADM0_PCODE":"PH","date":"2022/11/09","validOn":"2023/11/06","validTo":null,"Shape_Leng":0.0640744669327,"Shape_Area":0.00023150267881,"AREA_SQKM":2.80791887832},"id":"PH1606720002"},{"arcs":[[8,9,-1,-6]],"type":"Polygon","properties":{"ADM4_EN":"Del Pilar","ADM4_PCODE":"PH1606720003","ADM4_REF":null,"ADM3_EN":"San Isidro","ADM3_PCODE":"PH1606720","ADM2_EN":"Surigao del Norte","ADM2_PCODE":"PH16067","ADM1_EN":"Region XIII (Caraga)","ADM1_PCODE":"PH16","ADM0_EN":"Philippines (the)","ADM0_PCODE":"PH","date":"2022/11/09","validOn":"2023/11/06","validTo":null,"Shape_Leng":0.0498088585661,"Shape_Area":0.000148927130516,"AREA_SQKM":1.80638163086},"id":"PH1606720003"},{"arcs":[[10,11,12,13,14]],"type":"Polygon","properties":{"ADM4_EN":"Macapagal","ADM4_PCODE":"PH1606720004","ADM4_REF":null,"ADM3_EN":"San Isidro","ADM3_PCODE":"PH1606720","ADM2_EN":"Surigao del Norte","ADM2_PCODE":"PH16067","ADM1_EN":"Region XIII (Caraga)","ADM1_PCODE":"PH16","ADM0_EN":"Philippines (the)","ADM0_PCODE":"PH","date":"2022/11/09","validOn":"2023/11/06","validTo":null,"Shape_Leng":0.100985607569,"Shape_Area":0.000499809136137,"AREA_SQKM":6.06266014378},"id":"PH1606720004"},{"arcs":[[15,-8,16,17]],"type":"Polygon","properties":{"ADM4_EN":"Pacifico","ADM4_PCODE":"PH1606720006","ADM4_REF":null,"ADM3_EN":"San Isidro","ADM3_PCODE":"PH1606720","ADM2_EN":"Surigao del Norte","ADM2_PCODE":"PH16067","ADM1_EN":"Region XIII (Caraga)","ADM1_PCODE":"PH16","ADM0_EN":"Philippines (the)","ADM0_PCODE":"PH","date":"2022/11/09","validOn":"2023/11/06","validTo":null,"Shape_Leng":0.112979953466,"Shape_Area":0.000304111057754,"AREA_SQKM":3.68847960372},"id":"PH1606720006"},{"arcs":[[-3,18,19,20]],"type":"Polygon","properties":{"ADM4_EN":"Pelaez","ADM4_PCODE":"PH1606720007","ADM4_REF":null,"ADM3_EN":"San Isidro","ADM3_PCODE":"PH1606720","ADM2_EN":"Surigao del Norte","ADM2_PCODE":"PH16067","ADM1_EN":"Region XIII (Caraga)","ADM1_PCODE":"PH16","ADM0_EN":"Philippines (the)","ADM0_PCODE":"PH","date":"2022/11/09","validOn":"2023/11/06","validTo":null,"Shape_Leng":0.0668366409979,"Shape_Area":0.000250509885042,"AREA_SQKM":3.03840271191},"id":"PH1606720007"},{"arcs":[[-2,-10,-14,21,22,-19]],"type":"Polygon","properties":{"ADM4_EN":"Roxas","ADM4_PCODE":"PH1606720008","ADM4_REF":null,"ADM3_EN":"San Isidro","ADM3_PCODE":"PH1606720","ADM2_EN":"Surigao del Norte","ADM2_PCODE":"PH16067","ADM1_EN":"Region XIII (Caraga)","ADM1_PCODE":"PH16","ADM0_EN":"Philippines (the)","ADM0_PCODE":"PH","date":"2022/11/09","validOn":"2023/11/06","validTo":null,"Shape_Leng":0.077680802203,"Shape_Area":0.00032756171466,"AREA_SQKM":3.97311765441},"id":"PH1606720008"},{"arcs":[[-17,-7,-4,-21,23]],"type":"Polygon","properties":{"ADM4_EN":"San Miguel","ADM4_PCODE":"PH1606720009","ADM4_REF":null,"ADM3_EN":"San Isidro","ADM3_PCODE":"PH1606720","ADM2_EN":"Surigao del Norte","ADM2_PCODE":"PH16067","ADM1_EN":"Region XIII (Caraga)","ADM1_PCODE":"PH16","ADM0_EN":"Philippines (the)","ADM0_PCODE":"PH","date":"2022/11/09","validOn":"2023/11/06","validTo":null,"Shape_Leng":0.122481128326,"Shape_Area":0.000867404687149,"AREA_SQKM":10.5202436167},"id":"PH1606720009"},{"arcs":[[24,-11,25,26]],"type":"Polygon","properties":{"ADM4_EN":"Santa Paz","ADM4_PCODE":"PH1606720010","ADM4_REF":null,"ADM3_EN":"San Isidro","ADM3_PCODE":"PH1606720","ADM2_EN":"Surigao del Norte","ADM2_PCODE":"PH16067","ADM1_EN":"Region XIII (Caraga)","ADM1_PCODE":"PH16","ADM0_EN":"Philippines (the)","ADM0_PCODE":"PH","date":"2022/11/09","validOn":"2023/11/06","validTo":null,"Shape_Leng":0.0883713810066,"Shape_Area":0.00021190249453,"AREA_SQKM":2.57050606891},"id":"PH1606720010"},{"arcs":[[-25,27,28,-12]],"type":"Polygon","properties":{"ADM4_EN":"Santo Niño","ADM4_PCODE":"PH1606720011","ADM4_REF":"Santo Nino","ADM3_EN":"San Isidro","ADM3_PCODE":"PH1606720","ADM2_EN":"Surigao del Norte","ADM2_PCODE":"PH16067","ADM1_EN":"Region XIII (Caraga)","ADM1_PCODE":"PH16","ADM0_EN":"Philippines (the)","ADM0_PCODE":"PH","date":"2022/11/09","validOn":"2023/11/06","validTo":null,"Shape_Leng":0.0864700238243,"Shape_Area":0.00041461642125,"AREA_SQKM":5.02939620866},"id":"PH1606720011"},{"arcs":[[-13,-29,29,-22]],"type":"Polygon","properties":{"ADM4_EN":"Tambacan","ADM4_PCODE":"PH1606720012","ADM4_REF":null,"ADM3_EN":"San Isidro","ADM3_PCODE":"PH1606720","ADM2_EN":"Surigao del Norte","ADM2_PCODE":"PH16067","ADM1_EN":"Region XIII (Caraga)","ADM1_PCODE":"PH16","ADM0_EN":"Philippines (the)","ADM0_PCODE":"PH","date":"2022/11/09","validOn":"2023/11/06","validTo":null,"Shape_Leng":0.0612493573709,