{"type":"Topology","arcs":[[[540,727],[-4,-74]],[[536,653],[-81,-6]],[[455,647],[-39,58]],[[416,705],[72,37],[52,-15]],[[871,368],[43,-72]],[[914,296],[-47,-38]],[[867,258],[-59,57]],[[808,315],[63,53]],[[791,69],[-96,-19]],[[695,50],[-37,27]],[[658,77],[79,40]],[[737,117],[54,-48]],[[622,393],[-92,-32]],[[530,361],[-19,105]],[[511,466],[100,3]],[[611,469],[11,-76]],[[334,586],[-21,-86]],[[313,500],[-21,-61]],[[292,439],[-78,55]],[[214,494],[77,119]],[[291,613],[43,-27]],[[326,352],[21,-57]],[[347,295],[-106,-6]],[[241,289],[-108,22]],[[133,311],[69,67]],[[202,378],[94,58]],[[296,436],[30,-84]],[[374,181],[-16,-20]],[[358,161],[-72,53],[-45,75]],[[347,295],[41,-78],[-14,-36]],[[808,446],[-34,-26]],[[774,420],[-60,39]],[[714,459],[-35,48]],[[679,507],[45,24]],[[724,531],[84,-85]],[[609,252],[-113,-26]],[[496,226],[-21,120]],[[475,346],[55,15]],[[530,361],[58,-38],[21,-71]],[[695,50],[-85,-50],[-25,65]],[[585,65],[47,26]],[[632,91],[26,-14]],[[622,393],[43,-42]],[[665,351],[25,-52]],[[690,299],[-81,-47]],[[443,357],[-24,16],[-93,-21]],[[296,436],[-4,3]],[[313,500],[109,9]],[[422,509],[21,-152]],[[690,591],[-106,-57]],[[584,534],[-18,35]],[[566,569],[-18,44]],[[548,613],[110,32]],[[658,645],[32,-54]],[[455,647],[3,-56]],[[458,591],[-124,-5]],[[334,586],[26,44],[-33,60],[89,15]],[[148,538],[-63,-88],[-15,-70]],[[70,380],[-70,64],[92,142],[56,-48]],[[214,494],[-66,44]],[[148,538],[31,78],[80,17],[32,-20]],[[808,315],[-34,105]],[[808,446],[63,-78]],[[548,613],[-12,40]],[[536,653],[110,22]],[[646,675],[12,-30]],[[914,296],[46,-49],[-3,-96],[-90,107]],[[214,494],[-63,-69]],[[151,425],[-58,-74]],[[93,351],[-23,29]],[[737,117],[23,43]],[[760,160],[52,18],[29,-89],[-50,-20]],[[475,346],[-32,11]],[[422,509],[47,8]],[[469,517],[42,-51]],[[202,378],[-51,47]],[[606,745],[-66,-18]],[[416,705],[-26,88],[61,4],[58,97],[69,-76],[28,-73]],[[496,226],[-122,-45]],[[714,459],[-9,-61],[-40,-47]],[[611,469],[68,38]],[[609,252],[34,-76]],[[643,176],[-11,-85]],[[585,65],[-39,40],[-69,5]],[[477,110],[-6,69],[25,47]],[[566,569],[-88,-9]],[[478,560],[-20,31]],[[477,110],[-30,-17],[-89,68]],[[611,469],[-27,65]],[[690,591],[34,-60]],[[469,517],[9,43]],[[606,745],[40,-70]],[[643,176],[30,38],[79,40]],[[752,254],[8,-94]],[[690,299],[62,-45]],[[133,311],[-40,40]]],"transform":{"scale":[0.00019905158645829127,0.0002032758243847977],"translate":[123.86063425300006,11.91866008200003]},"objects":{"bgysubmuns-municity-ph0504105":{"type":"GeometryCollection","geometries":[{"arcs":[[0,1,2,3]],"type":"Polygon","properties":{"ADM4_EN":"Abaca","ADM4_PCODE":"PH0504105001","ADM4_REF":null,"ADM3_EN":"Cataingan","ADM3_PCODE":"PH0504105","ADM2_EN":"Masbate","ADM2_PCODE":"PH05041","ADM1_EN":"Region V (Bicol Region)","ADM1_PCODE":"PH05","ADM0_EN":"Philippines (the)","ADM0_PCODE":"PH","date":"2022/11/09","validOn":"2023/11/06","validTo":null,"Shape_Leng":0.0777292370757,"Shape_Area":0.000311144821256,"AREA_SQKM":3.74758255925},"id":"PH0504105001"},{"arcs":[[4,5,6,7]],"type":"Polygon","properties":{"ADM4_EN":"Aguada","ADM4_PCODE":"PH0504105002","ADM4_REF":null,"ADM3_EN":"Cataingan","ADM3_PCODE":"PH0504105","ADM2_EN":"Masbate","ADM2_PCODE":"PH05041","ADM1_EN":"Region V (Bicol Region)","ADM1_PCODE":"PH05","ADM0_EN":"Philippines (the)","ADM0_PCODE":"PH","date":"2022/11/09","validOn":"2023/11/06","validTo":null,"Shape_Leng":0.0641976319959,"Shape_Area":0.000238688536144,"AREA_SQKM":2.87568233585},"id":"PH0504105002"},{"arcs":[[8,9,10,11]],"type":"Polygon","properties":{"ADM4_EN":"Badiang","ADM4_PCODE":"PH0504105003","ADM4_REF":null,"ADM3_EN":"Cataingan","ADM3_PCODE":"PH0504105","ADM2_EN":"Masbate","ADM2_PCODE":"PH05041","ADM1_EN":"Region V (Bicol Region)","ADM1_PCODE":"PH05","ADM0_EN":"Philippines (the)","ADM0_PCODE":"PH","date":"2022/11/09","validOn":"2023/11/06","validTo":null,"Shape_Leng":0.0682430686558,"Shape_Area":0.000245355743328,"AREA_SQKM":2.95651810353},"id":"PH0504105003"},{"arcs":[[12,13,14,15]],"type":"Polygon","properties":{"ADM4_EN":"Bagumbayan","ADM4_PCODE":"PH0504105004","ADM4_REF":null,"ADM3_EN":"Cataingan","ADM3_PCODE":"PH0504105","ADM2_EN":"Masbate","ADM2_PCODE":"PH05041","ADM1_EN":"Region V (Bicol Region)","ADM1_PCODE":"PH05","ADM0_EN":"Philippines (the)","ADM0_PCODE":"PH","date":"2022/11/09","validOn":"2023/11/06","validTo":null,"Shape_Leng":0.0779261208418,"Shape_Area":0.000371863466303,"AREA_SQKM":4.47978430082},"id":"PH0504105004"},{"arcs":[[16,17,18,19,20]],"type":"Polygon","properties":{"ADM4_EN":"Cadulawan","ADM4_PCODE":"PH0504105005","ADM4_REF":null,"ADM3_EN":"Cataingan","ADM3_PCODE":"PH0504105","ADM2_EN":"Masbate","ADM2_PCODE":"PH05041","ADM1_EN":"Region V (Bicol Region)","ADM1_PCODE":"PH05","ADM0_EN":"Philippines (the)","ADM0_PCODE":"PH","date":"2022/11/09","validOn":"2023/11/06","validTo":null,"Shape_Leng":0.119124870492,"Shape_Area":0.000439988950294,"AREA_SQKM":5.30009458046},"id":"PH0504105005"},{"arcs":[[21,22,23,24,25,26]],"type":"Polygon","properties":{"ADM4_EN":"Cagbatang","ADM4_PCODE":"PH0504105006","ADM4_REF":null,"ADM3_EN":"Cataingan","ADM3_PCODE":"PH0504105","ADM2_EN":"Masbate","ADM2_PCODE":"PH05041","ADM1_EN":"Region V (Bicol Region)","ADM1_PCODE":"PH05","ADM0_EN":"Philippines (the)","ADM0_PCODE":"PH","date":"2022/11/09","validOn":"2023/11/06","validTo":null,"Shape_Leng":0.154239942154,"Shape_Area":0.000689373463728,"AREA_SQKM":8.30525611476},"id":"PH0504105006"},{"arcs":[[27,28,-23,29]],"type":"Polygon","properties":{"ADM4_EN":"Chimenea","ADM4_PCODE":"PH0504105007","ADM4_REF":null,"ADM3_EN":"Cataingan","ADM3_PCODE":"PH0504105","ADM2_EN":"Masbate","ADM2_PCODE":"PH05041","ADM1_EN":"Region V (Bicol Region)","ADM1_PCODE":"PH05","ADM0_EN":"Philippines (the)","ADM0_PCODE":"PH","date":"2022/11/09","validOn":"2023/11/06","validTo":null,"Shape_Leng":0.0920140363067,"Shape_Area":0.000446607360327,"AREA_SQKM":5.38094587355},"id":"PH0504105007"},{"arcs":[[30,31,32,33,34]],"type":"Polygon","properties":{"ADM4_EN":"Concepcion","ADM4_PCODE":"PH0504105008","ADM4_REF":null,"ADM3_EN":"Cataingan","ADM3_PCODE":"PH0504105","ADM2_EN":"Masbate","ADM2_PCODE":"PH05041","ADM1_EN":"Region V (Bicol Region)","ADM1_PCODE":"PH05","ADM0_EN":"Philippines (the)","ADM0_PCODE":"PH","date":"2022/11/09","validOn":"2023/11/06","validTo":null,"Shape_Leng":0.0908838652745,"Shape_Area":0.000209618752878,"AREA_SQKM":2.525144927},"id":"PH0504105008"},{"arcs":[[35,36,37,38]],"type":"Polygon","properties":{"ADM4_EN":"Curvada","ADM4_PCODE":"PH0504105010","ADM4_REF":null,"ADM3_EN":"Cataingan","ADM3_PCODE":"PH0504105","ADM2_EN":"Masbate","ADM2_PCODE":"PH05041","ADM1_EN":"Region V (Bicol Region)","ADM1_PCODE":"PH05","ADM0_EN":"Philippines (the)","ADM0_PCODE":"PH","date":"2022/11/09","validOn":"2023/11/06","validTo":null,"Shape_Leng":0.0931699210337,"Shape_Area":0.000490866685184,"AREA_SQKM":5.91395715747},"id":"PH0504105010"},{"arcs":[[-10,39,40,41]],"type":"Polygon","properties":{"ADM4_EN":"Divisoria","ADM4_PCODE":"PH0504105011","ADM4_REF":null,"ADM3_EN":"Cataingan","ADM3_PCODE":"PH0504105","ADM2_EN":"Masbate","ADM2_PCODE":"PH05041","ADM1_EN":"Region V (Bicol Region)","ADM1_PCODE":"PH05","ADM0_EN":"Philippines (the)","ADM0_PCODE":"PH","date":"2022/11/09","validOn":"2023/11/06","validTo":null,"Shape_Leng":0.0818924376272,"Shape_Area":0.000293196396519,"AREA_SQKM":3.53307870598},"id":"PH0504105011"},{"arcs":[[42,43,44,-39,-13]],"type":"Polygon","properties":{"ADM4_EN":"Domorog","ADM4_PCODE":"PH0504105012","ADM4_REF":null,"ADM3_EN":"Cataingan","ADM3_PCODE":"PH0504105","ADM2_EN":"Masbate","ADM2_PCODE":"PH05041","ADM1_EN":"Region V (Bicol Region)","ADM1_PCODE":"PH05","ADM0_EN":"Philippines (the)","ADM0_PCODE":"PH","date":"2022/11/09","validOn":"2023/11/06","validTo":null,"Shape_Leng":0.112929434654,"Shape_Area":0.000439489442892,"AREA_SQKM":5.29483019849},"id":"PH0504105012"},{"arcs":[[45,-27,46,-18,47,48]],"type":"Polygon","properties":{"ADM4_EN":"Estampar","ADM4_PCODE":"PH0504105013","ADM4_REF":null,"ADM3_EN":"Cataingan","ADM3_PCODE":"PH0504105","ADM2_EN":"Masbate","ADM2_PCODE":"PH05041",