{"type":"Topology","arcs":[[[520,1129],[-5,-37]],[[515,1092],[0,-6]],[[515,1086],[-82,-82]],[[433,1004],[-2,29]],[[431,1033],[65,111]],[[496,1144],[24,-15]],[[405,1036],[26,-3]],[[433,1004],[4,-113]],[[437,891],[-148,-69],[-160,34],[-30,-10]],[[99,846],[108,241],[72,-22],[54,25]],[[333,1090],[72,-54]],[[433,835],[-55,-29]],[[378,806],[-39,7],[-56,-57],[-44,6],[-143,-59]],[[96,703],[3,143]],[[437,891],[18,5]],[[455,896],[-22,-61]],[[468,377],[-85,-85]],[[383,292],[-75,95]],[[308,387],[75,46],[85,-56]],[[572,780],[-31,-72]],[[541,708],[-58,28]],[[483,736],[62,57]],[[545,793],[27,-13]],[[167,74],[-85,-74],[-42,91],[35,52]],[[75,143],[7,-42],[85,-27]],[[868,855],[-23,-47]],[[845,808],[-94,24]],[[751,832],[0,46]],[[751,878],[24,81]],[[775,959],[3,62]],[[778,1021],[44,-141],[46,-25]],[[605,1024],[-3,-12]],[[602,1012],[-15,-69]],[[587,943],[-58,-15]],[[529,928],[11,110],[65,-14]],[[383,292],[-154,-46]],[[229,246],[25,121],[-25,83]],[[229,450],[42,15]],[[271,465],[37,-78]],[[681,983],[21,-24]],[[702,959],[-3,-23]],[[699,936],[-99,-58]],[[600,878],[-8,1]],[[592,879],[-5,64]],[[602,1012],[79,-29]],[[183,240],[-54,-49]],[[129,191],[-38,-17]],[[91,174],[-91,48],[4,121],[57,118]],[[61,461],[23,-92],[107,-50],[-8,-79]],[[500,493],[-32,-116]],[[271,465],[51,55],[155,10],[23,-37]],[[541,708],[-24,-72]],[[517,636],[-79,37]],[[438,673],[34,51]],[[472,724],[11,12]],[[600,878],[19,-50]],[[619,828],[-47,-48]],[[545,793],[5,35]],[[550,828],[42,51]],[[751,878],[-42,22]],[[709,900],[-10,36]],[[702,959],[73,0]],[[75,143],[16,31]],[[129,191],[38,-117]],[[517,636],[-17,-143]],[[229,450],[-110,41],[-49,-14]],[[70,477],[36,135]],[[106,612],[264,22],[68,39]],[[649,1087],[-21,-31]],[[628,1056],[-113,30]],[[515,1092],[134,-5]],[[692,1038],[-11,-55]],[[605,1024],[23,32]],[[649,1087],[40,27]],[[689,1114],[3,-76]],[[520,1129],[97,26],[72,-41]],[[550,828],[-117,7]],[[455,896],[74,32]],[[378,806],[12,-72],[82,-10]],[[106,612],[-10,91]],[[692,1038],[86,-17]],[[1097,571],[61,-13],[62,30]],[[1220,588],[-59,-147],[-74,27],[10,103]],[[751,832],[-56,6]],[[695,838],[14,62]],[[868,855],[116,-97],[-38,-66],[-101,116]],[[229,246],[-46,-6]],[[61,461],[9,16]],[[1097,571],[-46,42],[33,69],[50,-72],[86,-22]],[[695,838],[-76,-10]],[[405,1036],[16,101]],[[421,1137],[75,7]],[[333,1090],[88,47]]],"transform":{"scale":[0.00017096709894261195,0.0001692201766233953],"translate":[122.92765880500008,11.02863433500005]},"objects":{"bgysubmuns-municity-ph0603001":{"type":"GeometryCollection","geometries":[{"arcs":[[0,1,2,3,4,5]],"type":"Polygon","properties":{"ADM4_EN":"Adcadarao","ADM4_PCODE":"PH0603001001","ADM4_REF":null,"ADM3_EN":"Ajuy","ADM3_PCODE":"PH0603001","ADM2_EN":"Iloilo","ADM2_PCODE":"PH06030","ADM1_EN":"Region VI (Western Visayas)","ADM1_PCODE":"PH06","ADM0_EN":"Philippines (the)","ADM0_PCODE":"PH","date":"2022/11/09","validOn":"2023/11/06","validTo":null,"Shape_Leng":0.0671964899481,"Shape_Area":0.000153863491534,"AREA_SQKM":1.85872112437},"id":"PH0603001001"},{"arcs":[[6,-4,7,8,9,10]],"type":"Polygon","properties":{"ADM4_EN":"Agbobolo","ADM4_PCODE":"PH0603001002","ADM4_REF":null,"ADM3_EN":"Ajuy","ADM3_PCODE":"PH0603001","ADM2_EN":"Iloilo","ADM2_PCODE":"PH06030","ADM1_EN":"Region VI (Western Visayas)","ADM1_PCODE":"PH06","ADM0_EN":"Philippines (the)","ADM0_PCODE":"PH","date":"2022/11/09","validOn":"2023/11/06","validTo":null,"Shape_Leng":0.194775120637,"Shape_Area":0.00179628545241,"AREA_SQKM":21.7012564938},"id":"PH0603001002"},{"arcs":[[11,12,13,-9,14,15]],"type":"Polygon","properties":{"ADM4_EN":"Badiangan","ADM4_PCODE":"PH0603001003","ADM4_REF":null,"ADM3_EN":"Ajuy","ADM3_PCODE":"PH0603001","ADM2_EN":"Iloilo","ADM2_PCODE":"PH06030","ADM1_EN":"Region VI (Western Visayas)","ADM1_PCODE":"PH06","ADM0_EN":"Philippines (the)","ADM0_PCODE":"PH","date":"2022/11/09","validOn":"2023/11/06","validTo":null,"Shape_Leng":0.18251635123,"Shape_Area":0.000804430653406,"AREA_SQKM":9.71928587972},"id":"PH0603001003"},{"arcs":[[16,17,18]],"type":"Polygon","properties":{"ADM4_EN":"Barrido","ADM4_PCODE":"PH0603001004","ADM4_REF":null,"ADM3_EN":"Ajuy","ADM3_PCODE":"PH0603001","ADM2_EN":"Iloilo","ADM2_PCODE":"PH06030","ADM1_EN":"Region VI (Western Visayas)","ADM1_PCODE":"PH06","ADM0_EN":"Philippines (the)","ADM0_PCODE":"PH","date":"2022/11/09","validOn":"2023/11/06","validTo":null,"Shape_Leng":0.0839373194674,"Shape_Area":0.000328478264729,"AREA_SQKM":3.96970639232},"id":"PH0603001004"},{"arcs":[[19,20,21,22]],"type":"Polygon","properties":{"ADM4_EN":"Bato Biasong","ADM4_PCODE":"PH0603001005","ADM4_REF":null,"ADM3_EN":"Ajuy","ADM3_PCODE":"PH0603001","ADM2_EN":"Iloilo","ADM2_PCODE":"PH06030","ADM1_EN":"Region VI (Western Visayas)","ADM1_PCODE":"PH06","ADM0_EN":"Philippines (the)","ADM0_PCODE":"PH","date":"2022/11/09","validOn":"2023/11/06","validTo":null,"Shape_Leng":0.0526083599188,"Shape_Area":0.000132741600831,"AREA_SQKM":1.60385926853},"id":"PH0603001005"},{"arcs":[[23,24]],"type":"Polygon","properties":{"ADM4_EN":"Bay-ang","ADM4_PCODE":"PH0603001006","ADM4_REF":null,"ADM3_EN":"Ajuy","ADM3_PCODE":"PH0603001","ADM2_EN":"Iloilo","ADM2_PCODE":"PH06030","ADM1_EN":"Region VI (Western Visayas)","ADM1_PCODE":"PH06","ADM0_EN":"Philippines (the)","ADM0_PCODE":"PH","date":"2022/11/09","validOn":"2023/11/06","validTo":null,"Shape_Leng":0.0889393174945,"Shape_Area":0.000255004573094,"AREA_SQKM":3.08230010779},"id":"PH0603001006"},{"arcs":[[25,26,27,28,29,30]],"type":"Polygon","properties":{"ADM4_EN":"Bucana Bunglas","ADM4_PCODE":"PH0603001007","ADM4_REF":null,"ADM3_EN":"Ajuy","ADM3_PCODE":"PH0603001","ADM2_EN":"Iloilo","ADM2_PCODE":"PH06030","ADM1_EN":"Region VI (Western Visayas)","ADM1_PCODE":"PH06","ADM0_EN":"Philippines (the)","ADM0_PCODE":"PH","date":"2022/11/09","validOn":"2023/11/06","validTo":null,"Shape_Leng":0.101615505616,"Shape_Area":0.000303025197112,"AREA_SQKM":3.6610367261},"id":"PH0603001007"},{"arcs":[[31,32,33,34]],"type":"Polygon","properties":{"ADM4_EN":"Central","ADM4_PCODE":"PH0603001008","ADM4_REF":null,"ADM3_EN":"Ajuy","ADM3_PCODE":"PH0603001","ADM2_EN":"Iloilo","ADM2_PCODE":"PH06030","ADM1_EN":"Region VI (Western Visayas)","ADM1_PCODE":"PH06","ADM0_EN":"Philippines (the)","ADM0_PCODE":"PH","date":"2022/11/09","validOn":"2023/11/06","validTo":null,"Shape_Leng":0.0608510248819,"Shape_Area":0.000193107738057,"AREA_SQKM":2.33292129536},"id":"PH0603001008"},{"arcs":[[-18,35,36,37,38]],"type":"Polygon","properties":{"ADM4_EN":"Culasi","ADM4_PCODE":"PH0603001009","ADM4_REF":null,"ADM3_EN":"Ajuy","ADM3_PCODE":"PH0603001","ADM2_EN":"Iloilo","ADM2_PCODE":"PH06030","ADM1_EN":"Region VI (Western Visayas)","ADM1_PCODE":"PH06","ADM0_EN":"Philippines (the)","ADM0_PCODE":"PH","date":"2022/11/09","validOn":"2023/11/06","validTo":null,"Shape_Leng":0.193271752778,"Shape_Area":0.000564205294367,"AREA_SQKM":6.81865500512},"id":"PH0603001009"},{"arcs":[[39,40,41,42,43,-33,44]],"type":"Polygon","properties":{"ADM4_EN":"Lanjagan","ADM4_PCODE":"PH0603001010","ADM4_REF":null,"ADM3_EN":"Ajuy","ADM3_PCODE":"PH0603001","ADM2_EN":"Iloilo","ADM2_PCODE":"PH06030","ADM1_EN":"Region VI (Western Visayas)","ADM1_PCODE":"PH06","ADM0_EN":"Philippines (the)","ADM0_PCODE":"PH","date":"2022/11/09","validOn":"2023/11/06","validTo":null,"Shape_Leng":0.0761435750717,"Shape_Area":0.000265354582106,"AREA_SQKM":3.20580324595},"id":"PH0603001010"},{"arcs":[[45,46,47,48]],"type":"Polygon","properties":{"ADM4_EN":"Luca","ADM4_PCODE":"PH0603001011","ADM4_REF":null,"ADM3_EN":"Ajuy","ADM3_PCODE":"PH0603001","ADM2_EN":"Iloilo","ADM2_PCODE":"PH06030","ADM1_EN":"Region VI (Western Visayas)","ADM1_PCODE":"PH06","ADM0_EN":"Philippines (the)","ADM0_PCODE":"PH","date":"2022/11/09","validOn":"2023/11/06","validTo":null,"Shape_Leng":0.194014799996,"Shape_Area":0.000855263884559,"AREA_SQKM":10.3363986528},"id":"PH0603001011"},{"arcs":[[49,-19,-39,50]],"type":"Polygon","properties":{"ADM4_EN":"Malayu-an","ADM4_PCODE":"PH0603001012","ADM4_REF":null,"ADM3_EN":"Ajuy","ADM3_PCODE":"PH0603001","ADM2_EN":"Iloilo","ADM2_PCODE":"PH06030",