{"type":"Topology","arcs":[[[2492,1509],[51,-27],[-28,-49],[-27,21],[-45,-82],[34,-32],[-49,-31],[-38,-44]],[[2390,1265],[-54,58],[-43,10],[-137,-22],[-14,119],[-37,31],[6,45],[51,41],[110,8],[97,-37],[123,-9]],[[1844,1122],[-30,47]],[[1814,1169],[8,30],[-76,78],[-104,40],[-9,27],[210,85],[41,-1],[11,-90],[31,-53],[-38,-55],[30,-23],[-16,-36],[-58,-49]],[[2155,979],[-65,-29],[-105,72],[-52,49],[36,110],[36,15],[18,61],[55,-34],[136,-33],[6,-78],[19,-87],[-84,-46]],[[2492,1509],[-12,47],[83,13],[33,89],[79,51],[81,-10],[85,-38],[-7,-204],[2,-204],[-127,55],[-116,61],[-25,-151],[-33,-77],[13,-74],[34,-34],[-49,-98],[-50,-8],[-127,23],[-49,-37],[89,210],[-36,85],[30,57]],[[2738,908],[-3,-37],[-69,-15],[-37,6],[24,53],[56,51],[29,-58]],[[639,1312],[-4,-57],[38,0],[0,-42],[-122,1],[3,107],[85,-9]],[[988,659],[-65,3],[-74,-19],[-14,83],[-31,36],[-2,32],[-78,18],[-37,-54],[22,-54],[-51,-24]],[[658,680],[-131,82],[77,107],[22,179],[83,-6],[2,-92],[186,-61],[12,-177],[79,-3],[0,-50]],[[988,659],[-91,-205],[1,-55],[-60,-18],[-31,9],[-63,50],[-92,34],[-53,36],[-16,48],[4,63],[72,28],[-1,31]],[[332,1939],[230,281],[-22,-272],[-152,-15],[-56,6]],[[338,1283],[-62,10],[-50,-214],[-37,-40],[-126,-18],[-59,15],[-4,24],[71,119],[6,54],[58,112],[182,-3],[63,4],[-42,-63]],[[1844,1122],[-66,-77],[3,-53],[-17,-35],[-73,0],[21,91],[-24,8],[-63,69],[12,31],[53,-12],[-13,51],[78,7],[59,-33]],[[1976,777],[-35,-16],[-18,-37],[35,-26],[-80,-46],[-5,59],[-38,-24],[21,-69],[-59,-8],[-42,56],[-39,24],[-98,28],[15,82],[41,76],[222,-104],[13,16],[67,-11]],[[1421,547],[-8,54],[6,68],[-49,-4]],[[1370,665],[-15,87],[28,73],[67,8],[23,-40],[-34,-40],[-9,-54],[28,-63],[64,-51],[10,-39],[-111,1]],[[1745,590],[-14,-96],[-113,47],[1,62],[21,48],[85,-27],[20,-34]],[[1344,221],[144,4],[-3,183]],[[1485,408],[146,0],[18,69],[81,-69],[-27,-34],[0,-69],[56,-1],[-1,35],[119,1],[-48,-67],[72,-20],[-18,-30],[-55,-2],[-63,-93],[-40,-31],[26,-24],[-13,-44],[-49,-29],[-65,25],[-44,44],[-34,-29],[-35,42],[-52,10],[-26,39],[-51,3],[-28,-27],[-64,-5],[-68,10],[-30,61],[-103,106],[4,51],[35,-9],[40,-50],[10,-51],[166,1]],[[1421,547],[2,-65],[45,-39],[17,-35]],[[1344,221],[-9,140],[27,1],[4,57],[-80,19],[-12,39],[-143,10],[-29,-88],[-24,-37],[-56,-23],[-69,73],[42,75],[74,39],[71,0],[20,25],[59,4],[7,25],[-24,57],[-95,-1],[-7,76],[3,102],[62,-10],[-2,-106],[59,-24],[24,-34],[103,-24],[21,49]]],"transform":{"scale":[0.00020113427842308022,0.00021483505945945396],"translate":[124.3390572300001,6.94660172500005]},"objects":{"municities-provdist-ph19099":{"type":"GeometryCollection","geometries":[{"arcs":[[[0,1]],[[2,3]],[[4]]],"type":"MultiPolygon","properties":{"ADM3_EN":"Special Geographic Area - Carmen","ADM3_PCODE":"PH1909901","ADM2_EN":"Special Geographic Area","ADM2_PCODE":"PH19099","ADM1_EN":"Bangsamoro Autonomous Region In Muslim Mindanao (BARMM)","ADM1_PCODE":"PH19","ADM0_EN":"Philippines (the)","ADM0_PCODE":"PH","date":"2022/11/09","validOn":"2023/11/06","validTo":null,"ADM3_REF":null,"ADM3ALT1EN":null,"Shape_Leng":0.795495237943,"Shape_Area":0.00771236332242,"AREA_SQKM":94.198422945},"id":"PH1909901"},{"arcs":[[[-1,5]],[[6]]],"type":"MultiPolygon","properties":{"ADM3_EN":"Special Geographic Area - Kabacan","ADM3_PCODE":"PH1909902","ADM2_EN":"Special Geographic Area","ADM2_PCODE":"PH19099","ADM1_EN":"Bangsamoro Autonomous Region In Muslim Mindanao (BARMM)","ADM1_PCODE":"PH19","ADM0_EN":"Philippines (the)","ADM0_PCODE":"PH","date":"2022/11/09","validOn":"2023/11/06","validTo":null,"ADM3_REF":null,"ADM3ALT1EN":null,"Shape_Leng":0.715854109269,"Shape_Area":0.00864409721429,"AREA_SQKM":105.576713355},"id":"PH1909902"},{"arcs":[[[7]],[[8,9]]],"type":"MultiPolygon","properties":{"ADM3_EN":"Special Geographic Area - Midsayap I","ADM3_PCODE":"PH1909903","ADM2_EN":"Special Geographic Area","ADM2_PCODE":"PH19099","ADM1_EN":"Bangsamoro Autonomous Region In Muslim Mindanao (BARMM)","ADM1_PCODE":"PH19","ADM0_EN":"Philippines (the)","ADM0_PCODE":"PH","date":"2022/11/09","validOn":"2023/11/06","validTo":null,"ADM3_REF":null,"ADM3ALT1EN":null,"Shape_Leng":0.463561304057,"Shape_Area":0.00378678481795,"AREA_SQKM":46.2604119402},"id":"PH1909903"},{"arcs":[[10,-9]],"type":"Polygon","properties":{"ADM3_EN":"Special Geographic Area - Midsayap II","ADM3_PCODE":"PH1909904","ADM2_EN":"Special Geographic Area","ADM2_PCODE":"PH19099","ADM1_EN":"Bangsamoro Autonomous Region In Muslim Mindanao (BARMM)","ADM1_PCODE":"PH19","ADM0_EN":"Philippines (the)","ADM0_PCODE":"PH","date":"2022/11/09","validOn":"2023/11/06","validTo":null,"ADM3_REF":null,"ADM3ALT1EN":null,"Shape_Leng":0.29956528737,"Shape_Area":0.00412340818739,"AREA_SQKM":50.379445493},"id":"PH1909904"},{"arcs":[[[11]],[[12]]],"type":"MultiPolygon","properties":{"ADM3_EN":"Special Geographic Area - Pigkawayan","ADM3_PCODE":"PH1909905","ADM2_EN":"Special Geographic Area","ADM2_PCODE":"PH19099","ADM1_EN":"Bangsamoro Autonomous Region In Muslim Mindanao (BARMM)","ADM1_PCODE":"PH19","ADM0_EN":"Philippines (the)","ADM0_PCODE":"PH","date":"2022/11/09","validOn":"2023/11/06","validTo":null,"ADM3_REF":null,"ADM3ALT1EN":null,"Shape_Leng":0.42747596138,"Shape_Area":0.00397614262145,"AREA_SQKM":48.5605722373},"id":"PH1909905"},{"arcs":[[[-3,13]],[[14]],[[15,16]],[[17]]],"type":"MultiPolygon","properties":{"ADM3_EN":"Special Geographic Area - Pikit I","ADM3_PCODE":"PH1909906","ADM2_EN":"Special Geographic Area","ADM2_PCODE":"PH19099","ADM1_EN":"Bangsamoro Autonomous Region In Muslim Mindanao (BARMM)","ADM1_PCODE":"PH19","ADM0_EN":"Philippines (the)","ADM0_PCODE":"PH","date":"2022/11/09","validOn":"2023/11/06","validTo":null,"ADM3_REF":null,"ADM3ALT1EN":null,"Shape_Leng":0.825308783174,"Shape_Area":0.00485710154337,"AREA_SQKM":59.3378427063},"id":"PH1909906"},{"arcs":[[18,19]],"type":"Polygon","properties":{"ADM3_EN":"Special Geographic Area - Pikit II","ADM3_PCODE":"PH1909907","ADM2_EN":"Special Geographic Area","ADM2_PCODE":"PH19099","ADM1_EN":"Bangsamoro Autonomous Region In Muslim Mindanao (BARMM)","ADM1_PCODE":"PH19","ADM0_EN":"Philippines (the)","ADM0_PCODE":"PH","date":"2022/11/09","validOn":"2023/11/06","validTo":null,"ADM3_REF":null,"ADM3ALT1EN":null,"Shape_Leng":0.600365996623,"Shape_Area":0.00662852573434,"AREA_SQKM":80.9999723947},"id":"PH1909907"},{"arcs":[[-16,20,-19,21]],"type":"Polygon","properties":{"ADM3_EN":"Special Geographic Area - Pikit III","ADM3_PCODE":"PH1909908","ADM2_EN":"Special Geographic Area","ADM2_PCODE":"PH19099","ADM1_EN":"Bangsamoro Autonomous Region In Muslim Mindanao (BARMM)","ADM1_PCODE":"PH19","ADM0_EN":"Philippines (the)","ADM0_PCODE":"PH","date":"2022/11/09","validOn":"2023/11/06","validTo":null,"ADM3_REF":null,"ADM3ALT1EN":null,"Shape_Leng":0.569338306493,"Shape_Area":0.00470736792934,"AREA_SQKM":57.5168165948},"id":"PH1909908"}]}}}